--
-- PostgreSQL database dump
--

-- Dumped from database version 12.18 (Ubuntu 12.18-0ubuntu0.20.04.1)
-- Dumped by pg_dump version 16.2

-- Started on 2024-06-14 12:15:18

SET statement_timeout = 0;
SET lock_timeout = 0;
SET idle_in_transaction_session_timeout = 0;
SET client_encoding = 'UTF8';
SET standard_conforming_strings = on;
SELECT pg_catalog.set_config('search_path', '', false);
SET check_function_bodies = false;
SET xmloption = content;
SET client_min_messages = warning;
SET row_security = off;

--
-- TOC entry 6 (class 2615 OID 2200)
-- Name: public; Type: SCHEMA; Schema: -; Owner: postgres
--

-- *not* creating schema, since initdb creates it


ALTER SCHEMA public OWNER TO postgres;

SET default_tablespace = '';

SET default_table_access_method = heap;

--
-- TOC entry 202 (class 1259 OID 17212)
-- Name: admin_permissions; Type: TABLE; Schema: public; Owner: postgres
--

CREATE TABLE public.admin_permissions (
    id integer NOT NULL,
    action character varying(255),
    action_parameters jsonb,
    subject character varying(255),
    properties jsonb,
    conditions jsonb,
    created_at timestamp(6) without time zone,
    updated_at timestamp(6) without time zone,
    created_by_id integer,
    updated_by_id integer
);


ALTER TABLE public.admin_permissions OWNER TO postgres;

--
-- TOC entry 203 (class 1259 OID 17218)
-- Name: admin_permissions_id_seq; Type: SEQUENCE; Schema: public; Owner: postgres
--

CREATE SEQUENCE public.admin_permissions_id_seq
    AS integer
    START WITH 1
    INCREMENT BY 1
    NO MINVALUE
    NO MAXVALUE
    CACHE 1;


ALTER SEQUENCE public.admin_permissions_id_seq OWNER TO postgres;

--
-- TOC entry 3519 (class 0 OID 0)
-- Dependencies: 203
-- Name: admin_permissions_id_seq; Type: SEQUENCE OWNED BY; Schema: public; Owner: postgres
--

ALTER SEQUENCE public.admin_permissions_id_seq OWNED BY public.admin_permissions.id;


--
-- TOC entry 204 (class 1259 OID 17220)
-- Name: admin_permissions_role_links; Type: TABLE; Schema: public; Owner: postgres
--

CREATE TABLE public.admin_permissions_role_links (
    id integer NOT NULL,
    permission_id integer,
    role_id integer,
    permission_order double precision
);


ALTER TABLE public.admin_permissions_role_links OWNER TO postgres;

--
-- TOC entry 205 (class 1259 OID 17223)
-- Name: admin_permissions_role_links_id_seq; Type: SEQUENCE; Schema: public; Owner: postgres
--

CREATE SEQUENCE public.admin_permissions_role_links_id_seq
    AS integer
    START WITH 1
    INCREMENT BY 1
    NO MINVALUE
    NO MAXVALUE
    CACHE 1;


ALTER SEQUENCE public.admin_permissions_role_links_id_seq OWNER TO postgres;

--
-- TOC entry 3520 (class 0 OID 0)
-- Dependencies: 205
-- Name: admin_permissions_role_links_id_seq; Type: SEQUENCE OWNED BY; Schema: public; Owner: postgres
--

ALTER SEQUENCE public.admin_permissions_role_links_id_seq OWNED BY public.admin_permissions_role_links.id;


--
-- TOC entry 206 (class 1259 OID 17225)
-- Name: admin_roles; Type: TABLE; Schema: public; Owner: postgres
--

CREATE TABLE public.admin_roles (
    id integer NOT NULL,
    name character varying(255),
    code character varying(255),
    description character varying(255),
    created_at timestamp(6) without time zone,
    updated_at timestamp(6) without time zone,
    created_by_id integer,
    updated_by_id integer
);


ALTER TABLE public.admin_roles OWNER TO postgres;

--
-- TOC entry 207 (class 1259 OID 17231)
-- Name: admin_roles_id_seq; Type: SEQUENCE; Schema: public; Owner: postgres
--

CREATE SEQUENCE public.admin_roles_id_seq
    AS integer
    START WITH 1
    INCREMENT BY 1
    NO MINVALUE
    NO MAXVALUE
    CACHE 1;


ALTER SEQUENCE public.admin_roles_id_seq OWNER TO postgres;

--
-- TOC entry 3521 (class 0 OID 0)
-- Dependencies: 207
-- Name: admin_roles_id_seq; Type: SEQUENCE OWNED BY; Schema: public; Owner: postgres
--

ALTER SEQUENCE public.admin_roles_id_seq OWNED BY public.admin_roles.id;


--
-- TOC entry 208 (class 1259 OID 17233)
-- Name: admin_users; Type: TABLE; Schema: public; Owner: postgres
--

CREATE TABLE public.admin_users (
    id integer NOT NULL,
    firstname character varying(255),
    lastname character varying(255),
    username character varying(255),
    email character varying(255),
    password character varying(255),
    reset_password_token character varying(255),
    registration_token character varying(255),
    is_active boolean,
    blocked boolean,
    prefered_language character varying(255),
    created_at timestamp(6) without time zone,
    updated_at timestamp(6) without time zone,
    created_by_id integer,
    updated_by_id integer
);


ALTER TABLE public.admin_users OWNER TO postgres;

--
-- TOC entry 209 (class 1259 OID 17239)
-- Name: admin_users_id_seq; Type: SEQUENCE; Schema: public; Owner: postgres
--

CREATE SEQUENCE public.admin_users_id_seq
    AS integer
    START WITH 1
    INCREMENT BY 1
    NO MINVALUE
    NO MAXVALUE
    CACHE 1;


ALTER SEQUENCE public.admin_users_id_seq OWNER TO postgres;

--
-- TOC entry 3522 (class 0 OID 0)
-- Dependencies: 209
-- Name: admin_users_id_seq; Type: SEQUENCE OWNED BY; Schema: public; Owner: postgres
--

ALTER SEQUENCE public.admin_users_id_seq OWNED BY public.admin_users.id;


--
-- TOC entry 210 (class 1259 OID 17241)
-- Name: admin_users_roles_links; Type: TABLE; Schema: public; Owner: postgres
--

CREATE TABLE public.admin_users_roles_links (
    id integer NOT NULL,
    user_id integer,
    role_id integer,
    role_order double precision,
    user_order double precision
);


ALTER TABLE public.admin_users_roles_links OWNER TO postgres;

--
-- TOC entry 211 (class 1259 OID 17244)
-- Name: admin_users_roles_links_id_seq; Type: SEQUENCE; Schema: public; Owner: postgres
--

CREATE SEQUENCE public.admin_users_roles_links_id_seq
    AS integer
    START WITH 1
    INCREMENT BY 1
    NO MINVALUE
    NO MAXVALUE
    CACHE 1;


ALTER SEQUENCE public.admin_users_roles_links_id_seq OWNER TO postgres;

--
-- TOC entry 3523 (class 0 OID 0)
-- Dependencies: 211
-- Name: admin_users_roles_links_id_seq; Type: SEQUENCE OWNED BY; Schema: public; Owner: postgres
--

ALTER SEQUENCE public.admin_users_roles_links_id_seq OWNED BY public.admin_users_roles_links.id;


--
-- TOC entry 212 (class 1259 OID 17246)
-- Name: categories; Type: TABLE; Schema: public; Owner: postgres
--

CREATE TABLE public.categories (
    id integer NOT NULL,
    name character varying(255),
    created_at timestamp(6) without time zone,
    updated_at timestamp(6) without time zone,
    created_by_id integer,
    updated_by_id integer,
    slug character varying(255)
);


ALTER TABLE public.categories OWNER TO postgres;

--
-- TOC entry 213 (class 1259 OID 17252)
-- Name: categories_id_seq; Type: SEQUENCE; Schema: public; Owner: postgres
--

CREATE SEQUENCE public.categories_id_seq
    AS integer
    START WITH 1
    INCREMENT BY 1
    NO MINVALUE
    NO MAXVALUE
    CACHE 1;


ALTER SEQUENCE public.categories_id_seq OWNER TO postgres;

--
-- TOC entry 3524 (class 0 OID 0)
-- Dependencies: 213
-- Name: categories_id_seq; Type: SEQUENCE OWNED BY; Schema: public; Owner: postgres
--

ALTER SEQUENCE public.categories_id_seq OWNED BY public.categories.id;


--
-- TOC entry 214 (class 1259 OID 17254)
-- Name: events; Type: TABLE; Schema: public; Owner: postgres
--

CREATE TABLE public.events (
    id integer NOT NULL,
    title character varying(255),
    content text,
    date date,
    created_at timestamp(6) without time zone,
    updated_at timestamp(6) without time zone,
    created_by_id integer,
    updated_by_id integer,
    slug character varying(255),
    album character varying(255)
);


ALTER TABLE public.events OWNER TO postgres;

--
-- TOC entry 215 (class 1259 OID 17260)
-- Name: events_category_links; Type: TABLE; Schema: public; Owner: postgres
--

CREATE TABLE public.events_category_links (
    id integer NOT NULL,
    event_id integer,
    category_id integer,
    event_order double precision
);


ALTER TABLE public.events_category_links OWNER TO postgres;

--
-- TOC entry 216 (class 1259 OID 17263)
-- Name: events_category_links_id_seq; Type: SEQUENCE; Schema: public; Owner: postgres
--

CREATE SEQUENCE public.events_category_links_id_seq
    AS integer
    START WITH 1
    INCREMENT BY 1
    NO MINVALUE
    NO MAXVALUE
    CACHE 1;


ALTER SEQUENCE public.events_category_links_id_seq OWNER TO postgres;

--
-- TOC entry 3525 (class 0 OID 0)
-- Dependencies: 216
-- Name: events_category_links_id_seq; Type: SEQUENCE OWNED BY; Schema: public; Owner: postgres
--

ALTER SEQUENCE public.events_category_links_id_seq OWNED BY public.events_category_links.id;


--
-- TOC entry 217 (class 1259 OID 17265)
-- Name: events_id_seq; Type: SEQUENCE; Schema: public; Owner: postgres
--

CREATE SEQUENCE public.events_id_seq
    AS integer
    START WITH 1
    INCREMENT BY 1
    NO MINVALUE
    NO MAXVALUE
    CACHE 1;


ALTER SEQUENCE public.events_id_seq OWNER TO postgres;

--
-- TOC entry 3526 (class 0 OID 0)
-- Dependencies: 217
-- Name: events_id_seq; Type: SEQUENCE OWNED BY; Schema: public; Owner: postgres
--

ALTER SEQUENCE public.events_id_seq OWNED BY public.events.id;


--
-- TOC entry 218 (class 1259 OID 17267)
-- Name: files; Type: TABLE; Schema: public; Owner: postgres
--

CREATE TABLE public.files (
    id integer NOT NULL,
    name character varying(255),
    alternative_text character varying(255),
    caption character varying(255),
    width integer,
    height integer,
    formats jsonb,
    hash character varying(255),
    ext character varying(255),
    mime character varying(255),
    size numeric(10,2),
    url character varying(255),
    preview_url character varying(255),
    provider character varying(255),
    provider_metadata jsonb,
    folder_path character varying(255),
    created_at timestamp(6) without time zone,
    updated_at timestamp(6) without time zone,
    created_by_id integer,
    updated_by_id integer
);


ALTER TABLE public.files OWNER TO postgres;

--
-- TOC entry 219 (class 1259 OID 17273)
-- Name: files_folder_links; Type: TABLE; Schema: public; Owner: postgres
--

CREATE TABLE public.files_folder_links (
    id integer NOT NULL,
    file_id integer,
    folder_id integer,
    file_order double precision
);


ALTER TABLE public.files_folder_links OWNER TO postgres;

--
-- TOC entry 220 (class 1259 OID 17276)
-- Name: files_folder_links_id_seq; Type: SEQUENCE; Schema: public; Owner: postgres
--

CREATE SEQUENCE public.files_folder_links_id_seq
    AS integer
    START WITH 1
    INCREMENT BY 1
    NO MINVALUE
    NO MAXVALUE
    CACHE 1;


ALTER SEQUENCE public.files_folder_links_id_seq OWNER TO postgres;

--
-- TOC entry 3527 (class 0 OID 0)
-- Dependencies: 220
-- Name: files_folder_links_id_seq; Type: SEQUENCE OWNED BY; Schema: public; Owner: postgres
--

ALTER SEQUENCE public.files_folder_links_id_seq OWNED BY public.files_folder_links.id;


--
-- TOC entry 221 (class 1259 OID 17278)
-- Name: files_id_seq; Type: SEQUENCE; Schema: public; Owner: postgres
--

CREATE SEQUENCE public.files_id_seq
    AS integer
    START WITH 1
    INCREMENT BY 1
    NO MINVALUE
    NO MAXVALUE
    CACHE 1;


ALTER SEQUENCE public.files_id_seq OWNER TO postgres;

--
-- TOC entry 3528 (class 0 OID 0)
-- Dependencies: 221
-- Name: files_id_seq; Type: SEQUENCE OWNED BY; Schema: public; Owner: postgres
--

ALTER SEQUENCE public.files_id_seq OWNED BY public.files.id;


--
-- TOC entry 222 (class 1259 OID 17280)
-- Name: files_related_morphs; Type: TABLE; Schema: public; Owner: postgres
--

CREATE TABLE public.files_related_morphs (
    id integer NOT NULL,
    file_id integer,
    related_id integer,
    related_type character varying(255),
    field character varying(255),
    "order" double precision
);


ALTER TABLE public.files_related_morphs OWNER TO postgres;

--
-- TOC entry 223 (class 1259 OID 17286)
-- Name: files_related_morphs_id_seq; Type: SEQUENCE; Schema: public; Owner: postgres
--

CREATE SEQUENCE public.files_related_morphs_id_seq
    AS integer
    START WITH 1
    INCREMENT BY 1
    NO MINVALUE
    NO MAXVALUE
    CACHE 1;


ALTER SEQUENCE public.files_related_morphs_id_seq OWNER TO postgres;

--
-- TOC entry 3529 (class 0 OID 0)
-- Dependencies: 223
-- Name: files_related_morphs_id_seq; Type: SEQUENCE OWNED BY; Schema: public; Owner: postgres
--

ALTER SEQUENCE public.files_related_morphs_id_seq OWNED BY public.files_related_morphs.id;


--
-- TOC entry 273 (class 1259 OID 24632)
-- Name: groups; Type: TABLE; Schema: public; Owner: postgres
--

CREATE TABLE public.groups (
    id integer NOT NULL,
    title character varying(255),
    description text,
    slug character varying(255),
    created_at timestamp(6) without time zone,
    updated_at timestamp(6) without time zone,
    created_by_id integer,
    updated_by_id integer
);


ALTER TABLE public.groups OWNER TO postgres;

--
-- TOC entry 272 (class 1259 OID 24630)
-- Name: groups_id_seq; Type: SEQUENCE; Schema: public; Owner: postgres
--

CREATE SEQUENCE public.groups_id_seq
    AS integer
    START WITH 1
    INCREMENT BY 1
    NO MINVALUE
    NO MAXVALUE
    CACHE 1;


ALTER SEQUENCE public.groups_id_seq OWNER TO postgres;

--
-- TOC entry 3530 (class 0 OID 0)
-- Dependencies: 272
-- Name: groups_id_seq; Type: SEQUENCE OWNED BY; Schema: public; Owner: postgres
--

ALTER SEQUENCE public.groups_id_seq OWNED BY public.groups.id;


--
-- TOC entry 224 (class 1259 OID 17288)
-- Name: i18n_locale; Type: TABLE; Schema: public; Owner: postgres
--

CREATE TABLE public.i18n_locale (
    id integer NOT NULL,
    name character varying(255),
    code character varying(255),
    created_at timestamp(6) without time zone,
    updated_at timestamp(6) without time zone,
    created_by_id integer,
    updated_by_id integer
);


ALTER TABLE public.i18n_locale OWNER TO postgres;

--
-- TOC entry 225 (class 1259 OID 17294)
-- Name: i18n_locale_id_seq; Type: SEQUENCE; Schema: public; Owner: postgres
--

CREATE SEQUENCE public.i18n_locale_id_seq
    AS integer
    START WITH 1
    INCREMENT BY 1
    NO MINVALUE
    NO MAXVALUE
    CACHE 1;


ALTER SEQUENCE public.i18n_locale_id_seq OWNER TO postgres;

--
-- TOC entry 3531 (class 0 OID 0)
-- Dependencies: 225
-- Name: i18n_locale_id_seq; Type: SEQUENCE OWNED BY; Schema: public; Owner: postgres
--

ALTER SEQUENCE public.i18n_locale_id_seq OWNED BY public.i18n_locale.id;


--
-- TOC entry 269 (class 1259 OID 24579)
-- Name: news; Type: TABLE; Schema: public; Owner: postgres
--

CREATE TABLE public.news (
    id integer NOT NULL,
    title character varying(255),
    content text,
    date date,
    slug character varying(255),
    created_at timestamp(6) without time zone,
    updated_at timestamp(6) without time zone,
    created_by_id integer,
    updated_by_id integer
);


ALTER TABLE public.news OWNER TO postgres;

--
-- TOC entry 271 (class 1259 OID 24594)
-- Name: news_category_links; Type: TABLE; Schema: public; Owner: postgres
--

CREATE TABLE public.news_category_links (
    id integer NOT NULL,
    new_id integer,
    category_id integer,
    new_order double precision
);


ALTER TABLE public.news_category_links OWNER TO postgres;

--
-- TOC entry 270 (class 1259 OID 24592)
-- Name: news_category_links_id_seq; Type: SEQUENCE; Schema: public; Owner: postgres
--

CREATE SEQUENCE public.news_category_links_id_seq
    AS integer
    START WITH 1
    INCREMENT BY 1
    NO MINVALUE
    NO MAXVALUE
    CACHE 1;


ALTER SEQUENCE public.news_category_links_id_seq OWNER TO postgres;

--
-- TOC entry 3532 (class 0 OID 0)
-- Dependencies: 270
-- Name: news_category_links_id_seq; Type: SEQUENCE OWNED BY; Schema: public; Owner: postgres
--

ALTER SEQUENCE public.news_category_links_id_seq OWNED BY public.news_category_links.id;


--
-- TOC entry 268 (class 1259 OID 24577)
-- Name: news_id_seq; Type: SEQUENCE; Schema: public; Owner: postgres
--

CREATE SEQUENCE public.news_id_seq
    AS integer
    START WITH 1
    INCREMENT BY 1
    NO MINVALUE
    NO MAXVALUE
    CACHE 1;


ALTER SEQUENCE public.news_id_seq OWNER TO postgres;

--
-- TOC entry 3533 (class 0 OID 0)
-- Dependencies: 268
-- Name: news_id_seq; Type: SEQUENCE OWNED BY; Schema: public; Owner: postgres
--

ALTER SEQUENCE public.news_id_seq OWNED BY public.news.id;


--
-- TOC entry 226 (class 1259 OID 17317)
-- Name: slugs; Type: TABLE; Schema: public; Owner: postgres
--

CREATE TABLE public.slugs (
    id integer NOT NULL,
    slug text,
    count integer,
    created_at timestamp(6) without time zone,
    updated_at timestamp(6) without time zone,
    created_by_id integer,
    updated_by_id integer
);


ALTER TABLE public.slugs OWNER TO postgres;

--
-- TOC entry 227 (class 1259 OID 17323)
-- Name: slugs_id_seq; Type: SEQUENCE; Schema: public; Owner: postgres
--

CREATE SEQUENCE public.slugs_id_seq
    AS integer
    START WITH 1
    INCREMENT BY 1
    NO MINVALUE
    NO MAXVALUE
    CACHE 1;


ALTER SEQUENCE public.slugs_id_seq OWNER TO postgres;

--
-- TOC entry 3534 (class 0 OID 0)
-- Dependencies: 227
-- Name: slugs_id_seq; Type: SEQUENCE OWNED BY; Schema: public; Owner: postgres
--

ALTER SEQUENCE public.slugs_id_seq OWNED BY public.slugs.id;


--
-- TOC entry 228 (class 1259 OID 17325)
-- Name: strapi_api_token_permissions; Type: TABLE; Schema: public; Owner: postgres
--

CREATE TABLE public.strapi_api_token_permissions (
    id integer NOT NULL,
    action character varying(255),
    created_at timestamp(6) without time zone,
    updated_at timestamp(6) without time zone,
    created_by_id integer,
    updated_by_id integer
);


ALTER TABLE public.strapi_api_token_permissions OWNER TO postgres;

--
-- TOC entry 229 (class 1259 OID 17328)
-- Name: strapi_api_token_permissions_id_seq; Type: SEQUENCE; Schema: public; Owner: postgres
--

CREATE SEQUENCE public.strapi_api_token_permissions_id_seq
    AS integer
    START WITH 1
    INCREMENT BY 1
    NO MINVALUE
    NO MAXVALUE
    CACHE 1;


ALTER SEQUENCE public.strapi_api_token_permissions_id_seq OWNER TO postgres;

--
-- TOC entry 3535 (class 0 OID 0)
-- Dependencies: 229
-- Name: strapi_api_token_permissions_id_seq; Type: SEQUENCE OWNED BY; Schema: public; Owner: postgres
--

ALTER SEQUENCE public.strapi_api_token_permissions_id_seq OWNED BY public.strapi_api_token_permissions.id;


--
-- TOC entry 230 (class 1259 OID 17330)
-- Name: strapi_api_token_permissions_token_links; Type: TABLE; Schema: public; Owner: postgres
--

CREATE TABLE public.strapi_api_token_permissions_token_links (
    id integer NOT NULL,
    api_token_permission_id integer,
    api_token_id integer,
    api_token_permission_order double precision
);


ALTER TABLE public.strapi_api_token_permissions_token_links OWNER TO postgres;

--
-- TOC entry 231 (class 1259 OID 17333)
-- Name: strapi_api_token_permissions_token_links_id_seq; Type: SEQUENCE; Schema: public; Owner: postgres
--

CREATE SEQUENCE public.strapi_api_token_permissions_token_links_id_seq
    AS integer
    START WITH 1
    INCREMENT BY 1
    NO MINVALUE
    NO MAXVALUE
    CACHE 1;


ALTER SEQUENCE public.strapi_api_token_permissions_token_links_id_seq OWNER TO postgres;

--
-- TOC entry 3536 (class 0 OID 0)
-- Dependencies: 231
-- Name: strapi_api_token_permissions_token_links_id_seq; Type: SEQUENCE OWNED BY; Schema: public; Owner: postgres
--

ALTER SEQUENCE public.strapi_api_token_permissions_token_links_id_seq OWNED BY public.strapi_api_token_permissions_token_links.id;


--
-- TOC entry 232 (class 1259 OID 17335)
-- Name: strapi_api_tokens; Type: TABLE; Schema: public; Owner: postgres
--

CREATE TABLE public.strapi_api_tokens (
    id integer NOT NULL,
    name character varying(255),
    description character varying(255),
    type character varying(255),
    access_key character varying(255),
    last_used_at timestamp(6) without time zone,
    expires_at timestamp(6) without time zone,
    lifespan bigint,
    created_at timestamp(6) without time zone,
    updated_at timestamp(6) without time zone,
    created_by_id integer,
    updated_by_id integer
);


ALTER TABLE public.strapi_api_tokens OWNER TO postgres;

--
-- TOC entry 233 (class 1259 OID 17341)
-- Name: strapi_api_tokens_id_seq; Type: SEQUENCE; Schema: public; Owner: postgres
--

CREATE SEQUENCE public.strapi_api_tokens_id_seq
    AS integer
    START WITH 1
    INCREMENT BY 1
    NO MINVALUE
    NO MAXVALUE
    CACHE 1;


ALTER SEQUENCE public.strapi_api_tokens_id_seq OWNER TO postgres;

--
-- TOC entry 3537 (class 0 OID 0)
-- Dependencies: 233
-- Name: strapi_api_tokens_id_seq; Type: SEQUENCE OWNED BY; Schema: public; Owner: postgres
--

ALTER SEQUENCE public.strapi_api_tokens_id_seq OWNED BY public.strapi_api_tokens.id;


--
-- TOC entry 234 (class 1259 OID 17343)
-- Name: strapi_core_store_settings; Type: TABLE; Schema: public; Owner: postgres
--

CREATE TABLE public.strapi_core_store_settings (
    id integer NOT NULL,
    key character varying(255),
    value text,
    type character varying(255),
    environment character varying(255),
    tag character varying(255)
);


ALTER TABLE public.strapi_core_store_settings OWNER TO postgres;

--
-- TOC entry 235 (class 1259 OID 17349)
-- Name: strapi_core_store_settings_id_seq; Type: SEQUENCE; Schema: public; Owner: postgres
--

CREATE SEQUENCE public.strapi_core_store_settings_id_seq
    AS integer
    START WITH 1
    INCREMENT BY 1
    NO MINVALUE
    NO MAXVALUE
    CACHE 1;


ALTER SEQUENCE public.strapi_core_store_settings_id_seq OWNER TO postgres;

--
-- TOC entry 3538 (class 0 OID 0)
-- Dependencies: 235
-- Name: strapi_core_store_settings_id_seq; Type: SEQUENCE OWNED BY; Schema: public; Owner: postgres
--

ALTER SEQUENCE public.strapi_core_store_settings_id_seq OWNED BY public.strapi_core_store_settings.id;


--
-- TOC entry 236 (class 1259 OID 17351)
-- Name: strapi_database_schema; Type: TABLE; Schema: public; Owner: postgres
--

CREATE TABLE public.strapi_database_schema (
    id integer NOT NULL,
    schema json,
    "time" timestamp without time zone,
    hash character varying(255)
);


ALTER TABLE public.strapi_database_schema OWNER TO postgres;

--
-- TOC entry 237 (class 1259 OID 17357)
-- Name: strapi_database_schema_id_seq; Type: SEQUENCE; Schema: public; Owner: postgres
--

CREATE SEQUENCE public.strapi_database_schema_id_seq
    AS integer
    START WITH 1
    INCREMENT BY 1
    NO MINVALUE
    NO MAXVALUE
    CACHE 1;


ALTER SEQUENCE public.strapi_database_schema_id_seq OWNER TO postgres;

--
-- TOC entry 3539 (class 0 OID 0)
-- Dependencies: 237
-- Name: strapi_database_schema_id_seq; Type: SEQUENCE OWNED BY; Schema: public; Owner: postgres
--

ALTER SEQUENCE public.strapi_database_schema_id_seq OWNED BY public.strapi_database_schema.id;


--
-- TOC entry 238 (class 1259 OID 17359)
-- Name: strapi_migrations; Type: TABLE; Schema: public; Owner: postgres
--

CREATE TABLE public.strapi_migrations (
    id integer NOT NULL,
    name character varying(255),
    "time" timestamp without time zone
);


ALTER TABLE public.strapi_migrations OWNER TO postgres;

--
-- TOC entry 239 (class 1259 OID 17362)
-- Name: strapi_migrations_id_seq; Type: SEQUENCE; Schema: public; Owner: postgres
--

CREATE SEQUENCE public.strapi_migrations_id_seq
    AS integer
    START WITH 1
    INCREMENT BY 1
    NO MINVALUE
    NO MAXVALUE
    CACHE 1;


ALTER SEQUENCE public.strapi_migrations_id_seq OWNER TO postgres;

--
-- TOC entry 3540 (class 0 OID 0)
-- Dependencies: 239
-- Name: strapi_migrations_id_seq; Type: SEQUENCE OWNED BY; Schema: public; Owner: postgres
--

ALTER SEQUENCE public.strapi_migrations_id_seq OWNED BY public.strapi_migrations.id;


--
-- TOC entry 240 (class 1259 OID 17364)
-- Name: strapi_release_actions; Type: TABLE; Schema: public; Owner: postgres
--

CREATE TABLE public.strapi_release_actions (
    id integer NOT NULL,
    type character varying(255),
    target_id integer,
    target_type character varying(255),
    content_type character varying(255),
    locale character varying(255),
    created_at timestamp(6) without time zone,
    updated_at timestamp(6) without time zone,
    created_by_id integer,
    updated_by_id integer,
    is_entry_valid boolean
);


ALTER TABLE public.strapi_release_actions OWNER TO postgres;

--
-- TOC entry 241 (class 1259 OID 17370)
-- Name: strapi_release_actions_id_seq; Type: SEQUENCE; Schema: public; Owner: postgres
--

CREATE SEQUENCE public.strapi_release_actions_id_seq
    AS integer
    START WITH 1
    INCREMENT BY 1
    NO MINVALUE
    NO MAXVALUE
    CACHE 1;


ALTER SEQUENCE public.strapi_release_actions_id_seq OWNER TO postgres;

--
-- TOC entry 3541 (class 0 OID 0)
-- Dependencies: 241
-- Name: strapi_release_actions_id_seq; Type: SEQUENCE OWNED BY; Schema: public; Owner: postgres
--

ALTER SEQUENCE public.strapi_release_actions_id_seq OWNED BY public.strapi_release_actions.id;


--
-- TOC entry 242 (class 1259 OID 17372)
-- Name: strapi_release_actions_release_links; Type: TABLE; Schema: public; Owner: postgres
--

CREATE TABLE public.strapi_release_actions_release_links (
    id integer NOT NULL,
    release_action_id integer,
    release_id integer,
    release_action_order double precision
);


ALTER TABLE public.strapi_release_actions_release_links OWNER TO postgres;

--
-- TOC entry 243 (class 1259 OID 17375)
-- Name: strapi_release_actions_release_links_id_seq; Type: SEQUENCE; Schema: public; Owner: postgres
--

CREATE SEQUENCE public.strapi_release_actions_release_links_id_seq
    AS integer
    START WITH 1
    INCREMENT BY 1
    NO MINVALUE
    NO MAXVALUE
    CACHE 1;


ALTER SEQUENCE public.strapi_release_actions_release_links_id_seq OWNER TO postgres;

--
-- TOC entry 3542 (class 0 OID 0)
-- Dependencies: 243
-- Name: strapi_release_actions_release_links_id_seq; Type: SEQUENCE OWNED BY; Schema: public; Owner: postgres
--

ALTER SEQUENCE public.strapi_release_actions_release_links_id_seq OWNED BY public.strapi_release_actions_release_links.id;


--
-- TOC entry 244 (class 1259 OID 17377)
-- Name: strapi_releases; Type: TABLE; Schema: public; Owner: postgres
--

CREATE TABLE public.strapi_releases (
    id integer NOT NULL,
    name character varying(255),
    released_at timestamp(6) without time zone,
    scheduled_at timestamp(6) without time zone,
    timezone character varying(255),
    created_at timestamp(6) without time zone,
    updated_at timestamp(6) without time zone,
    created_by_id integer,
    updated_by_id integer,
    status character varying(255)
);


ALTER TABLE public.strapi_releases OWNER TO postgres;

--
-- TOC entry 245 (class 1259 OID 17383)
-- Name: strapi_releases_id_seq; Type: SEQUENCE; Schema: public; Owner: postgres
--

CREATE SEQUENCE public.strapi_releases_id_seq
    AS integer
    START WITH 1
    INCREMENT BY 1
    NO MINVALUE
    NO MAXVALUE
    CACHE 1;


ALTER SEQUENCE public.strapi_releases_id_seq OWNER TO postgres;

--
-- TOC entry 3543 (class 0 OID 0)
-- Dependencies: 245
-- Name: strapi_releases_id_seq; Type: SEQUENCE OWNED BY; Schema: public; Owner: postgres
--

ALTER SEQUENCE public.strapi_releases_id_seq OWNED BY public.strapi_releases.id;


--
-- TOC entry 246 (class 1259 OID 17385)
-- Name: strapi_transfer_token_permissions; Type: TABLE; Schema: public; Owner: postgres
--

CREATE TABLE public.strapi_transfer_token_permissions (
    id integer NOT NULL,
    action character varying(255),
    created_at timestamp(6) without time zone,
    updated_at timestamp(6) without time zone,
    created_by_id integer,
    updated_by_id integer
);


ALTER TABLE public.strapi_transfer_token_permissions OWNER TO postgres;

--
-- TOC entry 247 (class 1259 OID 17388)
-- Name: strapi_transfer_token_permissions_id_seq; Type: SEQUENCE; Schema: public; Owner: postgres
--

CREATE SEQUENCE public.strapi_transfer_token_permissions_id_seq
    AS integer
    START WITH 1
    INCREMENT BY 1
    NO MINVALUE
    NO MAXVALUE
    CACHE 1;


ALTER SEQUENCE public.strapi_transfer_token_permissions_id_seq OWNER TO postgres;

--
-- TOC entry 3544 (class 0 OID 0)
-- Dependencies: 247
-- Name: strapi_transfer_token_permissions_id_seq; Type: SEQUENCE OWNED BY; Schema: public; Owner: postgres
--

ALTER SEQUENCE public.strapi_transfer_token_permissions_id_seq OWNED BY public.strapi_transfer_token_permissions.id;


--
-- TOC entry 248 (class 1259 OID 17390)
-- Name: strapi_transfer_token_permissions_token_links; Type: TABLE; Schema: public; Owner: postgres
--

CREATE TABLE public.strapi_transfer_token_permissions_token_links (
    id integer NOT NULL,
    transfer_token_permission_id integer,
    transfer_token_id integer,
    transfer_token_permission_order double precision
);


ALTER TABLE public.strapi_transfer_token_permissions_token_links OWNER TO postgres;

--
-- TOC entry 249 (class 1259 OID 17393)
-- Name: strapi_transfer_token_permissions_token_links_id_seq; Type: SEQUENCE; Schema: public; Owner: postgres
--

CREATE SEQUENCE public.strapi_transfer_token_permissions_token_links_id_seq
    AS integer
    START WITH 1
    INCREMENT BY 1
    NO MINVALUE
    NO MAXVALUE
    CACHE 1;


ALTER SEQUENCE public.strapi_transfer_token_permissions_token_links_id_seq OWNER TO postgres;

--
-- TOC entry 3545 (class 0 OID 0)
-- Dependencies: 249
-- Name: strapi_transfer_token_permissions_token_links_id_seq; Type: SEQUENCE OWNED BY; Schema: public; Owner: postgres
--

ALTER SEQUENCE public.strapi_transfer_token_permissions_token_links_id_seq OWNED BY public.strapi_transfer_token_permissions_token_links.id;


--
-- TOC entry 250 (class 1259 OID 17395)
-- Name: strapi_transfer_tokens; Type: TABLE; Schema: public; Owner: postgres
--

CREATE TABLE public.strapi_transfer_tokens (
    id integer NOT NULL,
    name character varying(255),
    description character varying(255),
    access_key character varying(255),
    last_used_at timestamp(6) without time zone,
    expires_at timestamp(6) without time zone,
    lifespan bigint,
    created_at timestamp(6) without time zone,
    updated_at timestamp(6) without time zone,
    created_by_id integer,
    updated_by_id integer
);


ALTER TABLE public.strapi_transfer_tokens OWNER TO postgres;

--
-- TOC entry 251 (class 1259 OID 17401)
-- Name: strapi_transfer_tokens_id_seq; Type: SEQUENCE; Schema: public; Owner: postgres
--

CREATE SEQUENCE public.strapi_transfer_tokens_id_seq
    AS integer
    START WITH 1
    INCREMENT BY 1
    NO MINVALUE
    NO MAXVALUE
    CACHE 1;


ALTER SEQUENCE public.strapi_transfer_tokens_id_seq OWNER TO postgres;

--
-- TOC entry 3546 (class 0 OID 0)
-- Dependencies: 251
-- Name: strapi_transfer_tokens_id_seq; Type: SEQUENCE OWNED BY; Schema: public; Owner: postgres
--

ALTER SEQUENCE public.strapi_transfer_tokens_id_seq OWNED BY public.strapi_transfer_tokens.id;


--
-- TOC entry 252 (class 1259 OID 17403)
-- Name: strapi_webhooks; Type: TABLE; Schema: public; Owner: postgres
--

CREATE TABLE public.strapi_webhooks (
    id integer NOT NULL,
    name character varying(255),
    url text,
    headers jsonb,
    events jsonb,
    enabled boolean
);


ALTER TABLE public.strapi_webhooks OWNER TO postgres;

--
-- TOC entry 253 (class 1259 OID 17409)
-- Name: strapi_webhooks_id_seq; Type: SEQUENCE; Schema: public; Owner: postgres
--

CREATE SEQUENCE public.strapi_webhooks_id_seq
    AS integer
    START WITH 1
    INCREMENT BY 1
    NO MINVALUE
    NO MAXVALUE
    CACHE 1;


ALTER SEQUENCE public.strapi_webhooks_id_seq OWNER TO postgres;

--
-- TOC entry 3547 (class 0 OID 0)
-- Dependencies: 253
-- Name: strapi_webhooks_id_seq; Type: SEQUENCE OWNED BY; Schema: public; Owner: postgres
--

ALTER SEQUENCE public.strapi_webhooks_id_seq OWNED BY public.strapi_webhooks.id;


--
-- TOC entry 254 (class 1259 OID 17411)
-- Name: up_permissions; Type: TABLE; Schema: public; Owner: postgres
--

CREATE TABLE public.up_permissions (
    id integer NOT NULL,
    action character varying(255),
    created_at timestamp(6) without time zone,
    updated_at timestamp(6) without time zone,
    created_by_id integer,
    updated_by_id integer
);


ALTER TABLE public.up_permissions OWNER TO postgres;

--
-- TOC entry 255 (class 1259 OID 17414)
-- Name: up_permissions_id_seq; Type: SEQUENCE; Schema: public; Owner: postgres
--

CREATE SEQUENCE public.up_permissions_id_seq
    AS integer
    START WITH 1
    INCREMENT BY 1
    NO MINVALUE
    NO MAXVALUE
    CACHE 1;


ALTER SEQUENCE public.up_permissions_id_seq OWNER TO postgres;

--
-- TOC entry 3548 (class 0 OID 0)
-- Dependencies: 255
-- Name: up_permissions_id_seq; Type: SEQUENCE OWNED BY; Schema: public; Owner: postgres
--

ALTER SEQUENCE public.up_permissions_id_seq OWNED BY public.up_permissions.id;


--
-- TOC entry 256 (class 1259 OID 17416)
-- Name: up_permissions_role_links; Type: TABLE; Schema: public; Owner: postgres
--

CREATE TABLE public.up_permissions_role_links (
    id integer NOT NULL,
    permission_id integer,
    role_id integer,
    permission_order double precision
);


ALTER TABLE public.up_permissions_role_links OWNER TO postgres;

--
-- TOC entry 257 (class 1259 OID 17419)
-- Name: up_permissions_role_links_id_seq; Type: SEQUENCE; Schema: public; Owner: postgres
--

CREATE SEQUENCE public.up_permissions_role_links_id_seq
    AS integer
    START WITH 1
    INCREMENT BY 1
    NO MINVALUE
    NO MAXVALUE
    CACHE 1;


ALTER SEQUENCE public.up_permissions_role_links_id_seq OWNER TO postgres;

--
-- TOC entry 3549 (class 0 OID 0)
-- Dependencies: 257
-- Name: up_permissions_role_links_id_seq; Type: SEQUENCE OWNED BY; Schema: public; Owner: postgres
--

ALTER SEQUENCE public.up_permissions_role_links_id_seq OWNED BY public.up_permissions_role_links.id;


--
-- TOC entry 258 (class 1259 OID 17421)
-- Name: up_roles; Type: TABLE; Schema: public; Owner: postgres
--

CREATE TABLE public.up_roles (
    id integer NOT NULL,
    name character varying(255),
    description character varying(255),
    type character varying(255),
    created_at timestamp(6) without time zone,
    updated_at timestamp(6) without time zone,
    created_by_id integer,
    updated_by_id integer
);


ALTER TABLE public.up_roles OWNER TO postgres;

--
-- TOC entry 259 (class 1259 OID 17427)
-- Name: up_roles_id_seq; Type: SEQUENCE; Schema: public; Owner: postgres
--

CREATE SEQUENCE public.up_roles_id_seq
    AS integer
    START WITH 1
    INCREMENT BY 1
    NO MINVALUE
    NO MAXVALUE
    CACHE 1;


ALTER SEQUENCE public.up_roles_id_seq OWNER TO postgres;

--
-- TOC entry 3550 (class 0 OID 0)
-- Dependencies: 259
-- Name: up_roles_id_seq; Type: SEQUENCE OWNED BY; Schema: public; Owner: postgres
--

ALTER SEQUENCE public.up_roles_id_seq OWNED BY public.up_roles.id;


--
-- TOC entry 260 (class 1259 OID 17429)
-- Name: up_users; Type: TABLE; Schema: public; Owner: postgres
--

CREATE TABLE public.up_users (
    id integer NOT NULL,
    username character varying(255),
    email character varying(255),
    provider character varying(255),
    password character varying(255),
    reset_password_token character varying(255),
    confirmation_token character varying(255),
    confirmed boolean,
    blocked boolean,
    created_at timestamp(6) without time zone,
    updated_at timestamp(6) without time zone,
    created_by_id integer,
    updated_by_id integer
);


ALTER TABLE public.up_users OWNER TO postgres;

--
-- TOC entry 261 (class 1259 OID 17435)
-- Name: up_users_id_seq; Type: SEQUENCE; Schema: public; Owner: postgres
--

CREATE SEQUENCE public.up_users_id_seq
    AS integer
    START WITH 1
    INCREMENT BY 1
    NO MINVALUE
    NO MAXVALUE
    CACHE 1;


ALTER SEQUENCE public.up_users_id_seq OWNER TO postgres;

--
-- TOC entry 3551 (class 0 OID 0)
-- Dependencies: 261
-- Name: up_users_id_seq; Type: SEQUENCE OWNED BY; Schema: public; Owner: postgres
--

ALTER SEQUENCE public.up_users_id_seq OWNED BY public.up_users.id;


--
-- TOC entry 262 (class 1259 OID 17437)
-- Name: up_users_role_links; Type: TABLE; Schema: public; Owner: postgres
--

CREATE TABLE public.up_users_role_links (
    id integer NOT NULL,
    user_id integer,
    role_id integer,
    user_order double precision
);


ALTER TABLE public.up_users_role_links OWNER TO postgres;

--
-- TOC entry 263 (class 1259 OID 17440)
-- Name: up_users_role_links_id_seq; Type: SEQUENCE; Schema: public; Owner: postgres
--

CREATE SEQUENCE public.up_users_role_links_id_seq
    AS integer
    START WITH 1
    INCREMENT BY 1
    NO MINVALUE
    NO MAXVALUE
    CACHE 1;


ALTER SEQUENCE public.up_users_role_links_id_seq OWNER TO postgres;

--
-- TOC entry 3552 (class 0 OID 0)
-- Dependencies: 263
-- Name: up_users_role_links_id_seq; Type: SEQUENCE OWNED BY; Schema: public; Owner: postgres
--

ALTER SEQUENCE public.up_users_role_links_id_seq OWNED BY public.up_users_role_links.id;


--
-- TOC entry 264 (class 1259 OID 17442)
-- Name: upload_folders; Type: TABLE; Schema: public; Owner: postgres
--

CREATE TABLE public.upload_folders (
    id integer NOT NULL,
    name character varying(255),
    path_id integer,
    path character varying(255),
    created_at timestamp(6) without time zone,
    updated_at timestamp(6) without time zone,
    created_by_id integer,
    updated_by_id integer
);


ALTER TABLE public.upload_folders OWNER TO postgres;

--
-- TOC entry 265 (class 1259 OID 17448)
-- Name: upload_folders_id_seq; Type: SEQUENCE; Schema: public; Owner: postgres
--

CREATE SEQUENCE public.upload_folders_id_seq
    AS integer
    START WITH 1
    INCREMENT BY 1
    NO MINVALUE
    NO MAXVALUE
    CACHE 1;


ALTER SEQUENCE public.upload_folders_id_seq OWNER TO postgres;

--
-- TOC entry 3553 (class 0 OID 0)
-- Dependencies: 265
-- Name: upload_folders_id_seq; Type: SEQUENCE OWNED BY; Schema: public; Owner: postgres
--

ALTER SEQUENCE public.upload_folders_id_seq OWNED BY public.upload_folders.id;


--
-- TOC entry 266 (class 1259 OID 17450)
-- Name: upload_folders_parent_links; Type: TABLE; Schema: public; Owner: postgres
--

CREATE TABLE public.upload_folders_parent_links (
    id integer NOT NULL,
    folder_id integer,
    inv_folder_id integer,
    folder_order double precision
);


ALTER TABLE public.upload_folders_parent_links OWNER TO postgres;

--
-- TOC entry 267 (class 1259 OID 17453)
-- Name: upload_folders_parent_links_id_seq; Type: SEQUENCE; Schema: public; Owner: postgres
--

CREATE SEQUENCE public.upload_folders_parent_links_id_seq
    AS integer
    START WITH 1
    INCREMENT BY 1
    NO MINVALUE
    NO MAXVALUE
    CACHE 1;


ALTER SEQUENCE public.upload_folders_parent_links_id_seq OWNER TO postgres;

--
-- TOC entry 3554 (class 0 OID 0)
-- Dependencies: 267
-- Name: upload_folders_parent_links_id_seq; Type: SEQUENCE OWNED BY; Schema: public; Owner: postgres
--

ALTER SEQUENCE public.upload_folders_parent_links_id_seq OWNED BY public.upload_folders_parent_links.id;


--
-- TOC entry 3027 (class 2604 OID 17455)
-- Name: admin_permissions id; Type: DEFAULT; Schema: public; Owner: postgres
--

ALTER TABLE ONLY public.admin_permissions ALTER COLUMN id SET DEFAULT nextval('public.admin_permissions_id_seq'::regclass);


--
-- TOC entry 3028 (class 2604 OID 17456)
-- Name: admin_permissions_role_links id; Type: DEFAULT; Schema: public; Owner: postgres
--

ALTER TABLE ONLY public.admin_permissions_role_links ALTER COLUMN id SET DEFAULT nextval('public.admin_permissions_role_links_id_seq'::regclass);


--
-- TOC entry 3029 (class 2604 OID 17457)
-- Name: admin_roles id; Type: DEFAULT; Schema: public; Owner: postgres
--

ALTER TABLE ONLY public.admin_roles ALTER COLUMN id SET DEFAULT nextval('public.admin_roles_id_seq'::regclass);


--
-- TOC entry 3030 (class 2604 OID 17458)
-- Name: admin_users id; Type: DEFAULT; Schema: public; Owner: postgres
--

ALTER TABLE ONLY public.admin_users ALTER COLUMN id SET DEFAULT nextval('public.admin_users_id_seq'::regclass);


--
-- TOC entry 3031 (class 2604 OID 17459)
-- Name: admin_users_roles_links id; Type: DEFAULT; Schema: public; Owner: postgres
--

ALTER TABLE ONLY public.admin_users_roles_links ALTER COLUMN id SET DEFAULT nextval('public.admin_users_roles_links_id_seq'::regclass);


--
-- TOC entry 3032 (class 2604 OID 17460)
-- Name: categories id; Type: DEFAULT; Schema: public; Owner: postgres
--

ALTER TABLE ONLY public.categories ALTER COLUMN id SET DEFAULT nextval('public.categories_id_seq'::regclass);


--
-- TOC entry 3033 (class 2604 OID 17461)
-- Name: events id; Type: DEFAULT; Schema: public; Owner: postgres
--

ALTER TABLE ONLY public.events ALTER COLUMN id SET DEFAULT nextval('public.events_id_seq'::regclass);


--
-- TOC entry 3034 (class 2604 OID 17462)
-- Name: events_category_links id; Type: DEFAULT; Schema: public; Owner: postgres
--

ALTER TABLE ONLY public.events_category_links ALTER COLUMN id SET DEFAULT nextval('public.events_category_links_id_seq'::regclass);


--
-- TOC entry 3035 (class 2604 OID 17463)
-- Name: files id; Type: DEFAULT; Schema: public; Owner: postgres
--

ALTER TABLE ONLY public.files ALTER COLUMN id SET DEFAULT nextval('public.files_id_seq'::regclass);


--
-- TOC entry 3036 (class 2604 OID 17464)
-- Name: files_folder_links id; Type: DEFAULT; Schema: public; Owner: postgres
--

ALTER TABLE ONLY public.files_folder_links ALTER COLUMN id SET DEFAULT nextval('public.files_folder_links_id_seq'::regclass);


--
-- TOC entry 3037 (class 2604 OID 17465)
-- Name: files_related_morphs id; Type: DEFAULT; Schema: public; Owner: postgres
--

ALTER TABLE ONLY public.files_related_morphs ALTER COLUMN id SET DEFAULT nextval('public.files_related_morphs_id_seq'::regclass);


--
-- TOC entry 3062 (class 2604 OID 24635)
-- Name: groups id; Type: DEFAULT; Schema: public; Owner: postgres
--

ALTER TABLE ONLY public.groups ALTER COLUMN id SET DEFAULT nextval('public.groups_id_seq'::regclass);


--
-- TOC entry 3038 (class 2604 OID 17466)
-- Name: i18n_locale id; Type: DEFAULT; Schema: public; Owner: postgres
--

ALTER TABLE ONLY public.i18n_locale ALTER COLUMN id SET DEFAULT nextval('public.i18n_locale_id_seq'::regclass);


--
-- TOC entry 3060 (class 2604 OID 24582)
-- Name: news id; Type: DEFAULT; Schema: public; Owner: postgres
--

ALTER TABLE ONLY public.news ALTER COLUMN id SET DEFAULT nextval('public.news_id_seq'::regclass);


--
-- TOC entry 3061 (class 2604 OID 24597)
-- Name: news_category_links id; Type: DEFAULT; Schema: public; Owner: postgres
--

ALTER TABLE ONLY public.news_category_links ALTER COLUMN id SET DEFAULT nextval('public.news_category_links_id_seq'::regclass);


--
-- TOC entry 3039 (class 2604 OID 17470)
-- Name: slugs id; Type: DEFAULT; Schema: public; Owner: postgres
--

ALTER TABLE ONLY public.slugs ALTER COLUMN id SET DEFAULT nextval('public.slugs_id_seq'::regclass);


--
-- TOC entry 3040 (class 2604 OID 17471)
-- Name: strapi_api_token_permissions id; Type: DEFAULT; Schema: public; Owner: postgres
--

ALTER TABLE ONLY public.strapi_api_token_permissions ALTER COLUMN id SET DEFAULT nextval('public.strapi_api_token_permissions_id_seq'::regclass);


--
-- TOC entry 3041 (class 2604 OID 17472)
-- Name: strapi_api_token_permissions_token_links id; Type: DEFAULT; Schema: public; Owner: postgres
--

ALTER TABLE ONLY public.strapi_api_token_permissions_token_links ALTER COLUMN id SET DEFAULT nextval('public.strapi_api_token_permissions_token_links_id_seq'::regclass);


--
-- TOC entry 3042 (class 2604 OID 17473)
-- Name: strapi_api_tokens id; Type: DEFAULT; Schema: public; Owner: postgres
--

ALTER TABLE ONLY public.strapi_api_tokens ALTER COLUMN id SET DEFAULT nextval('public.strapi_api_tokens_id_seq'::regclass);


--
-- TOC entry 3043 (class 2604 OID 17474)
-- Name: strapi_core_store_settings id; Type: DEFAULT; Schema: public; Owner: postgres
--

ALTER TABLE ONLY public.strapi_core_store_settings ALTER COLUMN id SET DEFAULT nextval('public.strapi_core_store_settings_id_seq'::regclass);


--
-- TOC entry 3044 (class 2604 OID 17475)
-- Name: strapi_database_schema id; Type: DEFAULT; Schema: public; Owner: postgres
--

ALTER TABLE ONLY public.strapi_database_schema ALTER COLUMN id SET DEFAULT nextval('public.strapi_database_schema_id_seq'::regclass);


--
-- TOC entry 3045 (class 2604 OID 17476)
-- Name: strapi_migrations id; Type: DEFAULT; Schema: public; Owner: postgres
--

ALTER TABLE ONLY public.strapi_migrations ALTER COLUMN id SET DEFAULT nextval('public.strapi_migrations_id_seq'::regclass);


--
-- TOC entry 3046 (class 2604 OID 17477)
-- Name: strapi_release_actions id; Type: DEFAULT; Schema: public; Owner: postgres
--

ALTER TABLE ONLY public.strapi_release_actions ALTER COLUMN id SET DEFAULT nextval('public.strapi_release_actions_id_seq'::regclass);


--
-- TOC entry 3047 (class 2604 OID 17478)
-- Name: strapi_release_actions_release_links id; Type: DEFAULT; Schema: public; Owner: postgres
--

ALTER TABLE ONLY public.strapi_release_actions_release_links ALTER COLUMN id SET DEFAULT nextval('public.strapi_release_actions_release_links_id_seq'::regclass);


--
-- TOC entry 3048 (class 2604 OID 17479)
-- Name: strapi_releases id; Type: DEFAULT; Schema: public; Owner: postgres
--

ALTER TABLE ONLY public.strapi_releases ALTER COLUMN id SET DEFAULT nextval('public.strapi_releases_id_seq'::regclass);


--
-- TOC entry 3049 (class 2604 OID 17480)
-- Name: strapi_transfer_token_permissions id; Type: DEFAULT; Schema: public; Owner: postgres
--

ALTER TABLE ONLY public.strapi_transfer_token_permissions ALTER COLUMN id SET DEFAULT nextval('public.strapi_transfer_token_permissions_id_seq'::regclass);


--
-- TOC entry 3050 (class 2604 OID 17481)
-- Name: strapi_transfer_token_permissions_token_links id; Type: DEFAULT; Schema: public; Owner: postgres
--

ALTER TABLE ONLY public.strapi_transfer_token_permissions_token_links ALTER COLUMN id SET DEFAULT nextval('public.strapi_transfer_token_permissions_token_links_id_seq'::regclass);


--
-- TOC entry 3051 (class 2604 OID 17482)
-- Name: strapi_transfer_tokens id; Type: DEFAULT; Schema: public; Owner: postgres
--

ALTER TABLE ONLY public.strapi_transfer_tokens ALTER COLUMN id SET DEFAULT nextval('public.strapi_transfer_tokens_id_seq'::regclass);


--
-- TOC entry 3052 (class 2604 OID 17483)
-- Name: strapi_webhooks id; Type: DEFAULT; Schema: public; Owner: postgres
--

ALTER TABLE ONLY public.strapi_webhooks ALTER COLUMN id SET DEFAULT nextval('public.strapi_webhooks_id_seq'::regclass);


--
-- TOC entry 3053 (class 2604 OID 17484)
-- Name: up_permissions id; Type: DEFAULT; Schema: public; Owner: postgres
--

ALTER TABLE ONLY public.up_permissions ALTER COLUMN id SET DEFAULT nextval('public.up_permissions_id_seq'::regclass);


--
-- TOC entry 3054 (class 2604 OID 17485)
-- Name: up_permissions_role_links id; Type: DEFAULT; Schema: public; Owner: postgres
--

ALTER TABLE ONLY public.up_permissions_role_links ALTER COLUMN id SET DEFAULT nextval('public.up_permissions_role_links_id_seq'::regclass);


--
-- TOC entry 3055 (class 2604 OID 17486)
-- Name: up_roles id; Type: DEFAULT; Schema: public; Owner: postgres
--

ALTER TABLE ONLY public.up_roles ALTER COLUMN id SET DEFAULT nextval('public.up_roles_id_seq'::regclass);


--
-- TOC entry 3056 (class 2604 OID 17487)
-- Name: up_users id; Type: DEFAULT; Schema: public; Owner: postgres
--

ALTER TABLE ONLY public.up_users ALTER COLUMN id SET DEFAULT nextval('public.up_users_id_seq'::regclass);


--
-- TOC entry 3057 (class 2604 OID 17488)
-- Name: up_users_role_links id; Type: DEFAULT; Schema: public; Owner: postgres
--

ALTER TABLE ONLY public.up_users_role_links ALTER COLUMN id SET DEFAULT nextval('public.up_users_role_links_id_seq'::regclass);


--
-- TOC entry 3058 (class 2604 OID 17489)
-- Name: upload_folders id; Type: DEFAULT; Schema: public; Owner: postgres
--

ALTER TABLE ONLY public.upload_folders ALTER COLUMN id SET DEFAULT nextval('public.upload_folders_id_seq'::regclass);


--
-- TOC entry 3059 (class 2604 OID 17490)
-- Name: upload_folders_parent_links id; Type: DEFAULT; Schema: public; Owner: postgres
--

ALTER TABLE ONLY public.upload_folders_parent_links ALTER COLUMN id SET DEFAULT nextval('public.upload_folders_parent_links_id_seq'::regclass);


--
-- TOC entry 3441 (class 0 OID 17212)
-- Dependencies: 202
-- Data for Name: admin_permissions; Type: TABLE DATA; Schema: public; Owner: postgres
--

COPY public.admin_permissions (id, action, action_parameters, subject, properties, conditions, created_at, updated_at, created_by_id, updated_by_id) FROM stdin;
1	plugin::upload.read	{}	\N	{}	[]	2024-03-04 13:05:04.528	2024-03-04 13:05:04.528	\N	\N
2	plugin::upload.configure-view	{}	\N	{}	[]	2024-03-04 13:05:04.544	2024-03-04 13:05:04.544	\N	\N
3	plugin::upload.assets.create	{}	\N	{}	[]	2024-03-04 13:05:04.55	2024-03-04 13:05:04.55	\N	\N
4	plugin::upload.assets.update	{}	\N	{}	[]	2024-03-04 13:05:04.555	2024-03-04 13:05:04.555	\N	\N
5	plugin::upload.assets.download	{}	\N	{}	[]	2024-03-04 13:05:04.559	2024-03-04 13:05:04.559	\N	\N
6	plugin::upload.assets.copy-link	{}	\N	{}	[]	2024-03-04 13:05:04.563	2024-03-04 13:05:04.563	\N	\N
7	plugin::upload.read	{}	\N	{}	["admin::is-creator"]	2024-03-04 13:05:04.57	2024-03-04 13:05:04.57	\N	\N
8	plugin::upload.configure-view	{}	\N	{}	[]	2024-03-04 13:05:04.576	2024-03-04 13:05:04.576	\N	\N
9	plugin::upload.assets.create	{}	\N	{}	[]	2024-03-04 13:05:04.581	2024-03-04 13:05:04.581	\N	\N
10	plugin::upload.assets.update	{}	\N	{}	["admin::is-creator"]	2024-03-04 13:05:04.587	2024-03-04 13:05:04.587	\N	\N
11	plugin::upload.assets.download	{}	\N	{}	[]	2024-03-04 13:05:04.591	2024-03-04 13:05:04.591	\N	\N
12	plugin::upload.assets.copy-link	{}	\N	{}	[]	2024-03-04 13:05:04.595	2024-03-04 13:05:04.595	\N	\N
13	plugin::content-manager.explorer.create	{}	plugin::users-permissions.user	{"fields": ["username", "email", "provider", "password", "resetPasswordToken", "confirmationToken", "confirmed", "blocked", "role"]}	[]	2024-03-04 13:05:04.637	2024-03-04 13:05:04.637	\N	\N
14	plugin::content-manager.explorer.read	{}	plugin::users-permissions.user	{"fields": ["username", "email", "provider", "password", "resetPasswordToken", "confirmationToken", "confirmed", "blocked", "role"]}	[]	2024-03-04 13:05:04.643	2024-03-04 13:05:04.643	\N	\N
15	plugin::content-manager.explorer.update	{}	plugin::users-permissions.user	{"fields": ["username", "email", "provider", "password", "resetPasswordToken", "confirmationToken", "confirmed", "blocked", "role"]}	[]	2024-03-04 13:05:04.647	2024-03-04 13:05:04.647	\N	\N
16	plugin::content-manager.explorer.delete	{}	plugin::users-permissions.user	{}	[]	2024-03-04 13:05:04.652	2024-03-04 13:05:04.652	\N	\N
17	plugin::content-manager.single-types.configure-view	{}	\N	{}	[]	2024-03-04 13:05:04.655	2024-03-04 13:05:04.655	\N	\N
18	plugin::content-manager.collection-types.configure-view	{}	\N	{}	[]	2024-03-04 13:05:04.659	2024-03-04 13:05:04.659	\N	\N
19	plugin::content-manager.components.configure-layout	{}	\N	{}	[]	2024-03-04 13:05:04.665	2024-03-04 13:05:04.665	\N	\N
20	plugin::content-type-builder.read	{}	\N	{}	[]	2024-03-04 13:05:04.67	2024-03-04 13:05:04.67	\N	\N
21	plugin::email.settings.read	{}	\N	{}	[]	2024-03-04 13:05:04.674	2024-03-04 13:05:04.674	\N	\N
22	plugin::upload.read	{}	\N	{}	[]	2024-03-04 13:05:04.678	2024-03-04 13:05:04.678	\N	\N
23	plugin::upload.assets.create	{}	\N	{}	[]	2024-03-04 13:05:04.682	2024-03-04 13:05:04.682	\N	\N
24	plugin::upload.assets.update	{}	\N	{}	[]	2024-03-04 13:05:04.686	2024-03-04 13:05:04.686	\N	\N
25	plugin::upload.assets.download	{}	\N	{}	[]	2024-03-04 13:05:04.689	2024-03-04 13:05:04.689	\N	\N
26	plugin::upload.assets.copy-link	{}	\N	{}	[]	2024-03-04 13:05:04.693	2024-03-04 13:05:04.693	\N	\N
27	plugin::upload.configure-view	{}	\N	{}	[]	2024-03-04 13:05:04.697	2024-03-04 13:05:04.697	\N	\N
28	plugin::upload.settings.read	{}	\N	{}	[]	2024-03-04 13:05:04.701	2024-03-04 13:05:04.701	\N	\N
29	plugin::users-permissions.roles.create	{}	\N	{}	[]	2024-03-04 13:05:04.705	2024-03-04 13:05:04.705	\N	\N
30	plugin::users-permissions.roles.read	{}	\N	{}	[]	2024-03-04 13:05:04.709	2024-03-04 13:05:04.709	\N	\N
31	plugin::users-permissions.roles.update	{}	\N	{}	[]	2024-03-04 13:05:04.712	2024-03-04 13:05:04.712	\N	\N
32	plugin::users-permissions.roles.delete	{}	\N	{}	[]	2024-03-04 13:05:04.718	2024-03-04 13:05:04.718	\N	\N
33	plugin::users-permissions.providers.read	{}	\N	{}	[]	2024-03-04 13:05:04.723	2024-03-04 13:05:04.723	\N	\N
34	plugin::users-permissions.providers.update	{}	\N	{}	[]	2024-03-04 13:05:04.727	2024-03-04 13:05:04.727	\N	\N
35	plugin::users-permissions.email-templates.read	{}	\N	{}	[]	2024-03-04 13:05:04.731	2024-03-04 13:05:04.731	\N	\N
36	plugin::users-permissions.email-templates.update	{}	\N	{}	[]	2024-03-04 13:05:04.735	2024-03-04 13:05:04.735	\N	\N
37	plugin::users-permissions.advanced-settings.read	{}	\N	{}	[]	2024-03-04 13:05:04.74	2024-03-04 13:05:04.74	\N	\N
38	plugin::users-permissions.advanced-settings.update	{}	\N	{}	[]	2024-03-04 13:05:04.744	2024-03-04 13:05:04.744	\N	\N
39	plugin::i18n.locale.create	{}	\N	{}	[]	2024-03-04 13:05:04.75	2024-03-04 13:05:04.75	\N	\N
40	plugin::i18n.locale.read	{}	\N	{}	[]	2024-03-04 13:05:04.754	2024-03-04 13:05:04.754	\N	\N
41	plugin::i18n.locale.update	{}	\N	{}	[]	2024-03-04 13:05:04.758	2024-03-04 13:05:04.758	\N	\N
42	plugin::i18n.locale.delete	{}	\N	{}	[]	2024-03-04 13:05:04.764	2024-03-04 13:05:04.764	\N	\N
43	admin::marketplace.read	{}	\N	{}	[]	2024-03-04 13:05:04.768	2024-03-04 13:05:04.768	\N	\N
44	admin::webhooks.create	{}	\N	{}	[]	2024-03-04 13:05:04.773	2024-03-04 13:05:04.773	\N	\N
45	admin::webhooks.read	{}	\N	{}	[]	2024-03-04 13:05:04.777	2024-03-04 13:05:04.777	\N	\N
46	admin::webhooks.update	{}	\N	{}	[]	2024-03-04 13:05:04.78	2024-03-04 13:05:04.78	\N	\N
47	admin::webhooks.delete	{}	\N	{}	[]	2024-03-04 13:05:04.785	2024-03-04 13:05:04.785	\N	\N
48	admin::users.create	{}	\N	{}	[]	2024-03-04 13:05:04.79	2024-03-04 13:05:04.79	\N	\N
49	admin::users.read	{}	\N	{}	[]	2024-03-04 13:05:04.794	2024-03-04 13:05:04.794	\N	\N
50	admin::users.update	{}	\N	{}	[]	2024-03-04 13:05:04.797	2024-03-04 13:05:04.797	\N	\N
51	admin::users.delete	{}	\N	{}	[]	2024-03-04 13:05:04.803	2024-03-04 13:05:04.803	\N	\N
52	admin::roles.create	{}	\N	{}	[]	2024-03-04 13:05:04.807	2024-03-04 13:05:04.807	\N	\N
53	admin::roles.read	{}	\N	{}	[]	2024-03-04 13:05:04.811	2024-03-04 13:05:04.811	\N	\N
54	admin::roles.update	{}	\N	{}	[]	2024-03-04 13:05:04.814	2024-03-04 13:05:04.814	\N	\N
55	admin::roles.delete	{}	\N	{}	[]	2024-03-04 13:05:04.819	2024-03-04 13:05:04.819	\N	\N
56	admin::api-tokens.access	{}	\N	{}	[]	2024-03-04 13:05:04.822	2024-03-04 13:05:04.822	\N	\N
57	admin::api-tokens.create	{}	\N	{}	[]	2024-03-04 13:05:04.825	2024-03-04 13:05:04.825	\N	\N
58	admin::api-tokens.read	{}	\N	{}	[]	2024-03-04 13:05:04.829	2024-03-04 13:05:04.829	\N	\N
59	admin::api-tokens.update	{}	\N	{}	[]	2024-03-04 13:05:04.833	2024-03-04 13:05:04.833	\N	\N
60	admin::api-tokens.regenerate	{}	\N	{}	[]	2024-03-04 13:05:04.837	2024-03-04 13:05:04.837	\N	\N
61	admin::api-tokens.delete	{}	\N	{}	[]	2024-03-04 13:05:04.84	2024-03-04 13:05:04.84	\N	\N
62	admin::project-settings.update	{}	\N	{}	[]	2024-03-04 13:05:04.844	2024-03-04 13:05:04.844	\N	\N
63	admin::project-settings.read	{}	\N	{}	[]	2024-03-04 13:05:04.848	2024-03-04 13:05:04.848	\N	\N
64	admin::transfer.tokens.access	{}	\N	{}	[]	2024-03-04 13:05:04.852	2024-03-04 13:05:04.852	\N	\N
65	admin::transfer.tokens.create	{}	\N	{}	[]	2024-03-04 13:05:04.855	2024-03-04 13:05:04.855	\N	\N
66	admin::transfer.tokens.read	{}	\N	{}	[]	2024-03-04 13:05:04.859	2024-03-04 13:05:04.859	\N	\N
67	admin::transfer.tokens.update	{}	\N	{}	[]	2024-03-04 13:05:04.862	2024-03-04 13:05:04.862	\N	\N
68	admin::transfer.tokens.regenerate	{}	\N	{}	[]	2024-03-04 13:05:04.869	2024-03-04 13:05:04.869	\N	\N
69	admin::transfer.tokens.delete	{}	\N	{}	[]	2024-03-04 13:05:04.874	2024-03-04 13:05:04.874	\N	\N
99	plugin::content-manager.explorer.delete	{}	api::category.category	{}	[]	2024-03-06 19:35:16.513	2024-03-06 19:35:16.513	\N	\N
110	plugin::content-manager.explorer.delete	{}	api::category.category	{}	[]	2024-03-06 21:04:03.181	2024-03-06 21:04:03.181	\N	\N
131	plugin::content-manager.explorer.delete	{}	api::event.event	{}	[]	2024-03-09 13:41:56.356	2024-03-09 13:41:56.356	\N	\N
146	plugin::content-manager.explorer.create	{}	api::new.new	{"fields": ["title", "content", "date", "cover", "category", "slug"]}	[]	2024-04-26 10:54:58.145	2024-04-26 10:54:58.145	\N	\N
148	plugin::content-manager.explorer.read	{}	api::new.new	{"fields": ["title", "content", "date", "cover", "category", "slug"]}	[]	2024-04-26 10:54:58.17	2024-04-26 10:54:58.17	\N	\N
150	plugin::content-manager.explorer.update	{}	api::new.new	{"fields": ["title", "content", "date", "cover", "category", "slug"]}	[]	2024-04-26 10:54:58.189	2024-04-26 10:54:58.189	\N	\N
151	plugin::content-manager.explorer.delete	{}	api::new.new	{}	[]	2024-04-26 10:54:58.197	2024-04-26 10:54:58.197	\N	\N
152	plugin::content-manager.explorer.create	{}	api::category.category	{"fields": ["name", "events", "slug", "news"]}	[]	2024-04-26 11:03:42.546	2024-04-26 11:03:42.546	\N	\N
153	plugin::content-manager.explorer.read	{}	api::category.category	{"fields": ["name", "events", "slug", "news"]}	[]	2024-04-26 11:03:42.558	2024-04-26 11:03:42.558	\N	\N
154	plugin::content-manager.explorer.update	{}	api::category.category	{"fields": ["name", "events", "slug", "news"]}	[]	2024-04-26 11:03:42.565	2024-04-26 11:03:42.565	\N	\N
155	plugin::content-manager.explorer.create	{}	api::group.group	{"fields": ["title", "description", "cover", "slug"]}	[]	2024-04-26 11:05:50.947	2024-04-26 11:05:50.947	\N	\N
156	plugin::content-manager.explorer.read	{}	api::group.group	{"fields": ["title", "description", "cover", "slug"]}	[]	2024-04-26 11:05:50.962	2024-04-26 11:05:50.962	\N	\N
157	plugin::content-manager.explorer.update	{}	api::group.group	{"fields": ["title", "description", "cover", "slug"]}	[]	2024-04-26 11:05:50.979	2024-04-26 11:05:50.979	\N	\N
158	plugin::content-manager.explorer.delete	{}	api::group.group	{}	[]	2024-04-26 11:05:50.992	2024-04-26 11:05:50.992	\N	\N
159	plugin::content-manager.explorer.create	{}	api::event.event	{"fields": ["title", "content", "date", "cover", "category", "slug", "album"]}	[]	2024-05-02 11:07:30.196	2024-05-02 11:07:30.196	\N	\N
160	plugin::content-manager.explorer.read	{}	api::event.event	{"fields": ["title", "content", "date", "cover", "category", "slug", "album"]}	[]	2024-05-02 11:07:30.217	2024-05-02 11:07:30.217	\N	\N
161	plugin::content-manager.explorer.update	{}	api::event.event	{"fields": ["title", "content", "date", "cover", "category", "slug", "album"]}	[]	2024-05-02 11:07:30.225	2024-05-02 11:07:30.225	\N	\N
107	plugin::content-manager.explorer.create	{}	api::category.category	{"fields": ["name", "slug"]}	[]	2024-03-06 21:04:03.169	2024-05-03 11:54:57.09	\N	\N
108	plugin::content-manager.explorer.read	{}	api::category.category	{"fields": ["name", "slug"]}	[]	2024-03-06 21:04:03.175	2024-05-03 11:54:57.09	\N	\N
109	plugin::content-manager.explorer.update	{}	api::category.category	{"fields": ["name", "slug"]}	[]	2024-03-06 21:04:03.178	2024-05-03 11:54:57.09	\N	\N
\.


--
-- TOC entry 3443 (class 0 OID 17220)
-- Dependencies: 204
-- Data for Name: admin_permissions_role_links; Type: TABLE DATA; Schema: public; Owner: postgres
--

COPY public.admin_permissions_role_links (id, permission_id, role_id, permission_order) FROM stdin;
1	1	2	1
2	2	2	2
3	3	2	3
4	4	2	4
5	5	2	5
6	6	2	6
7	7	3	1
8	8	3	2
9	9	3	3
10	10	3	4
11	11	3	5
12	12	3	6
13	13	1	1
14	14	1	2
15	15	1	3
16	16	1	4
17	17	1	5
18	18	1	6
19	19	1	7
20	20	1	8
21	21	1	9
22	22	1	10
23	23	1	11
24	24	1	12
25	25	1	13
26	26	1	14
27	27	1	15
28	28	1	16
29	29	1	17
30	30	1	18
31	31	1	19
32	32	1	20
33	33	1	21
34	34	1	22
35	35	1	23
36	36	1	24
37	37	1	25
38	38	1	26
39	39	1	27
40	40	1	28
41	41	1	29
42	42	1	30
43	43	1	31
44	44	1	32
45	45	1	33
46	46	1	34
47	47	1	35
48	48	1	36
49	49	1	37
50	50	1	38
51	51	1	39
52	52	1	40
53	53	1	41
54	54	1	42
55	55	1	43
56	56	1	44
57	57	1	45
58	58	1	46
59	59	1	47
60	60	1	48
61	61	1	49
62	62	1	50
63	63	1	51
64	64	1	52
65	65	1	53
66	66	1	54
67	67	1	55
68	68	1	56
69	69	1	57
99	99	1	66
107	107	2	7
108	108	2	8
109	109	2	9
110	110	2	10
131	131	1	82
146	146	1	97
148	148	1	99
150	150	1	101
151	151	1	102
152	152	1	103
153	153	1	104
154	154	1	105
155	155	1	106
156	156	1	107
157	157	1	108
158	158	1	109
159	159	1	110
160	160	1	111
161	161	1	112
\.


--
-- TOC entry 3445 (class 0 OID 17225)
-- Dependencies: 206
-- Data for Name: admin_roles; Type: TABLE DATA; Schema: public; Owner: postgres
--

COPY public.admin_roles (id, name, code, description, created_at, updated_at, created_by_id, updated_by_id) FROM stdin;
1	Super Admin	strapi-super-admin	Super Admins can access and manage all features and settings.	2024-03-04 13:05:04.504	2024-03-04 13:05:04.504	\N	\N
3	Author	strapi-author	Authors can manage the content they have created.	2024-03-04 13:05:04.523	2024-03-04 13:05:04.523	\N	\N
2	Editor	strapi-editor	Editors can manage and publish contents including those of other users.	2024-03-04 13:05:04.52	2024-03-06 21:04:05.087	\N	\N
\.


--
-- TOC entry 3447 (class 0 OID 17233)
-- Dependencies: 208
-- Data for Name: admin_users; Type: TABLE DATA; Schema: public; Owner: postgres
--

COPY public.admin_users (id, firstname, lastname, username, email, password, reset_password_token, registration_token, is_active, blocked, prefered_language, created_at, updated_at, created_by_id, updated_by_id) FROM stdin;
1	Murilo	Destefani	\N	murilocorreiadestefani@gmail.com	$2a$10$viUxJUjT1sQVM/VNodlHCuXBzSjIPkATVnyxox3tjlwpAfI3Iv86O	\N	\N	t	f	\N	2024-03-04 13:05:59.998	2024-03-04 13:05:59.998	\N	\N
2	Julia	Destefani	\N	juliaribasdestefani@gmail.com	$2a$10$hWlqeupZKf5DUPiFeLdYNuXIHPfplvOuDuFndxFtywy.Au073jigO	\N	48d80bd62f8b7887d369681f4c22616442e02000	t	f	\N	2024-03-06 21:08:09.574	2024-03-09 15:10:58.142	\N	\N
\.


--
-- TOC entry 3449 (class 0 OID 17241)
-- Dependencies: 210
-- Data for Name: admin_users_roles_links; Type: TABLE DATA; Schema: public; Owner: postgres
--

COPY public.admin_users_roles_links (id, user_id, role_id, role_order, user_order) FROM stdin;
1	1	1	1	1
2	2	2	1	1
\.


--
-- TOC entry 3451 (class 0 OID 17246)
-- Dependencies: 212
-- Data for Name: categories; Type: TABLE DATA; Schema: public; Owner: postgres
--

COPY public.categories (id, name, created_at, updated_at, created_by_id, updated_by_id, slug) FROM stdin;
15	Vaticano	2024-06-11 12:21:16.844	2024-06-11 12:21:16.844	1	1	vaticano
16	Jubileu	2024-06-11 12:35:00.689	2024-06-11 12:35:00.689	1	1	jubileu
17	Leigos	2024-06-11 12:38:38.619	2024-06-11 12:38:38.619	1	1	leigos
18	Luta	2024-06-11 12:45:27.292	2024-06-11 12:45:27.292	1	1	luta
19	Desenvolvimento	2024-06-11 12:47:19.197	2024-06-11 12:47:19.197	1	1	desenvolvimento
20	Economia	2024-06-11 12:50:59.515	2024-06-11 12:50:59.515	1	1	economia
21	Pentecostes	2024-06-11 12:53:13.209	2024-06-11 12:53:13.209	1	1	pentecostes
22	Matrimnio	2024-06-12 08:42:11.333	2024-06-12 08:42:11.333	1	1	matrimonio
23	Jovens	2024-06-12 08:48:12.826	2024-06-12 08:48:12.826	1	1	jovens
24	Igreja	2024-06-12 08:50:19.333	2024-06-12 08:50:19.333	1	1	igreja
25	Cultura	2024-06-12 08:51:53.469	2024-06-12 08:51:53.469	1	1	cultura
26	Caridade	2024-06-12 08:53:16.395	2024-06-12 08:53:16.395	1	1	caridade
27	Pscoa	2024-06-12 08:55:08.648	2024-06-12 08:55:08.648	1	1	pascoa
28	Papa	2024-06-12 08:56:46.913	2024-06-12 08:56:46.913	1	1	papa
29	Cultura	2024-06-13 10:54:47.892	2024-06-13 10:54:47.892	1	1	category
30	Cincia	2024-06-13 10:56:56.507	2024-06-13 10:56:59.976	1	1	ciencia
31	Conhecimento	2024-06-13 11:00:49.079	2024-06-13 11:00:49.079	1	1	conhecimento
32	Poltica	2024-06-13 11:03:21.652	2024-06-13 11:03:21.652	1	1	politica
33	Dilogo	2024-06-13 11:15:20.62	2024-06-13 11:15:20.62	1	1	dialogo
34	Jornada	2024-06-13 11:16:42.323	2024-06-13 11:16:42.323	1	1	jornada
\.


--
-- TOC entry 3453 (class 0 OID 17254)
-- Dependencies: 214
-- Data for Name: events; Type: TABLE DATA; Schema: public; Owner: postgres
--

COPY public.events (id, title, content, date, created_at, updated_at, created_by_id, updated_by_id, slug, album) FROM stdin;
27	O Papa: com os jovens casais gerar pequenas Igrejas domsticas	Recomear a partir das novas geraes: gerar muitas pequenas Igrejas domsticas onde se vive um estilo de vida cristo, onde se sente familiarizado com Jesus.  o pedido do Papa Francisco aos responsveis do Movimento Internacional quipes Notre-Dame que foram recebidos neste sbado (04) no Vaticano.\n\nCasamento com a presena de Cristo\nExplicando que hoje em dia, acredita-se que o sucesso de um casamento depende apenas da fora de vontade das pessoas. No  assim disse. Acrescentando que o casamento  um "passo de trs vias", no qual a presena de Cristo entre os cnjuges torna a jornada possvel, e o jugo  transformado em um jogo de olhares: olhar entre os cnjuges, olhar entre os cnjuges e Cristo.  um jogo que dura a vida inteira, no qual todos ganham juntos se cuidarem de seu relacionamento, se o valorizarem como um tesouro precioso.\n\nCasais recm-casados\nFrancisco disse que gostaria de deix-los com duas breves reflexes: a primeira diz respeito aos casais recm-casados.   importante que os recm-casados possam vivenciar uma mistagogia nupcial, que os ajude a experimentar a beleza de seu Sacramento e a espiritualidade como casal. Acrescentou que muitos se casam sem entender o que a f tem a ver com sua vida conjugal, talvez porque ningum tenha testemunhado a eles antes do casamento. Incentivou os presentes a ajud-los em um caminho 'catecumenal' de redescoberta da f, tanto pessoalmente quanto como casal, para que, desde o incio, eles possam aprender a dar espao para Jesus e, com Ele, serem capazes de cuidar de seu casamento.\n\nCnjuges e sacerdotes\nA segunda reflexo do Papa foi sobre a importncia da corresponsabilidade entre cnjuges e sacerdotes dentro do Movimento. Vocs compreenderam e vivem concretamente a complementaridade das duas vocaes, afirmou Francisco, eu os encorajo a lev-la s parquias, para que os leigos e os sacerdotes descubram sua riqueza e necessidade. Isso ajudar a superar o clericalismo que torna a Igreja menos frutfera: cuidado com o clericalismo... Tambm ajudar os cnjuges a descobrir que, por meio do matrimnio, so chamados a uma misso. \n	2024-06-02	2024-06-12 08:43:59.505	2024-06-12 08:43:59.505	1	1	o-papa-com-os-jovens-casais-gerar-pequenas-igrejas-domesticas	72177720314810578
28	Semana Mundo Unido deste ano tem foco no Genfest 2024	Realizada desde 1995, a Semana Mundo Unido (SMU)  uma promoo do setor juvenil do Movimento dos Focolares cuja proposta  ser uma espcie de laboratrio e mostra global de ideias, projetos e aes inspiradas na unidade na paz. Este ano  sob a temtica Abraar a humanidade, despertar a mudana  a SMU est diretamente voltada ao Genfest 2024, festival internacional a ser realizado no Brasil. Nesse sentido, uma das propostas dos organizadores da Semana  que sejam realizadas aes em favor das organizaes sociais que iro receber os jovens durante a 1 Fase do Genfest. Alm disso, a SMU ser uma oportunidade especial para divulgar e convidar os jovens para o evento de julho. \n\nA SMU acontece entre os dias 1 e 7 de maio ao redor do mundo. Embora protagonizada pelos jovens, a Semana costuma reunir tambm crianas e adultos em aes, manifestaes, congressos e iniciativas culturais e sociais que no s como um testemunho do mundo unido, como serem uma forma de incidncia junto  opinio pblica a respeito dessa proposta. Participam dessas atividades no s membros dos Focolares, como organizaes da sociedade civil e o pblico em geral.\n\nEm nvel mundial, a SMU 2024 contar com um evento de abertura a ser transmitido via streaming da pequena cidade de Loppiano, na Itlia, onde localiza-se um dos centros de difuso do Carisma do Movimento dos Focolares. Outra iniciativa global  TimeOut, momento de orao ou silncio (a ser vivenciado conforme a convico de cada pessoa) em favor da paz. Saiba mais sobre a programao global da SMU 2024 por meio do site www.unitedworldproject.org.\n\nAinda durante a Semana, acontece o Run4Unity2024 (a j tradicional corrida pela paz), especialmente voltado a crianas e adolescentes e que, neste ano, tem como tema central Despertar pela Paz. As aes do Run4Unity2024 esto especialmente conectadas ao projeto Living Peace Internacional (sobre educao para paz, tambm promovido por grupos ligados aos Focolares).\n\nNo Brasil\n \nA exemplo do dever acontecer ao redor do mundo, no Brasil  especialmente por sediar a prxima edio internacional do Genfest  as diferentes comunidades dos Focolares presentes em todo o pas devero contar com uma programao prpria, realizada conforme as caractersticas e exigncias locais. Muitas delas, por se localizarem prximas ou contriburem diretamente pela manuteno das organizaes sociais da 1 Fase do Genfest, devero realizar atividades para ajudar essas entidades com recursos materiais.\n\n o caso, por exemplo, da comunidade do Distrito Federal que far uma gincana com as crianas e famlias assistidas pela Associao de Apoio  Famlia, ao Grupo e  Comunidade (Afago-DF), uma das instituies que participaro do Genfest na sua primeira fase. A gincana est programada para o dia 4 de maio, a partir das 8 horas, na sede da prpria Afago-DF. Tambm a comunidade dos Focolares localizada no entorno da Maripolis Glria (centro regional do Movimento, com sede em Benevides, no Par) contar com uma programao especial para a SMU. Um dos destaques ser a participao da musicista Thyrseane Andrade, compositora do hino oficial do Genfest 2024, que vai contar a experincia de ter feito essa composio, intitulada We can (Ns podemos).	2024-03-14	2024-06-12 08:49:01.047	2024-06-12 08:49:01.047	1	1	semana-mundo-unido-deste-ano-tem-foco-no-genfest-2024	72177720314810578
29	O Papa: ver o rosto de Jesus em quem vive na misria por causa das injustias sociais	"Com o corao repleto de esperana, dirijo-me a todos os participantes na VI Semana Social Brasileira, promovida pela Comisso Episcopal Pastoral para a Ao Sociotransformadora da CNBB sobre o tema O Brasil que queremos, o Bem Viver dos Povos. Quero assegurar-lhes minha proximidade e minhas oraes pelo bom andamento do encontro e seus frutos", escreve o Papa.\n\nTerra, casa e trabalho\nFrancisco recorda que "desde sua primeira edio em 1991, a Semana Social Brasileira props-se como caminho para uma Igreja em sada, comprometida em derrubar os muros do descarte e da indiferena, acompanhando os mais pobres e carentes dos direitos bsicos em sua luta por terra, moradia e trabalho".\n\nAlm disso, prope uma nova economia, mais solidria, e a revitalizao dos valores democrticos que auxiliam a construir uma sociedade onde haja verdadeira participao popular nos processos decisrios da Nao. "Agradeo-lhes vivamente por este compromisso e tambm pela promoo, junto com a juventude do Brasil, da Economia de Clara e Francisco", ressalta ainda o Pontfice.\n\n"Estou-lhes igualmente grato por promoverem o chamado, que dirigi aos participantes do Encontro Mundial dos Movimentos Populares, em 2014, para responder a um anseio muito concreto, a algo que qualquer pai, qualquer me, deseja para os prprios filhos; um anseio que deveria estar ao alcance de todos, mas que hoje vemos, com tristeza, cada vez mais distante de se tornar realidade na vida da maioria das pessoas: terra, casa e trabalho", afirma o texto.\n\nUma sociedade mais justa\nO Papa espera "que o Mutiro pela vida, organicamente vinculado  Semana Social Brasileira, produza abundantes frutos em favor de uma sociedade mais justa, na qual, como diz a Campanha da Fraternidade deste ano, se vivam a fraternidade universal e a amizade social".\n\nFrancisco convida a "ver naqueles que so forados a viver na misria pelas injustias sociais o rosto de Jesus que nos instiga a no permanecermos indiferentes, pois, como Ele prprio disse: Todas as vezes que fizestes isso a um dos menores de meus irmos, foi a Mim que o fizestes!"\n\n"Confiando estes votos e preces  intercesso de Nossa Senhora Aparecida, Rainha e Padroeira do Brasil", o Papa concede de corao a sua bno, pedindo ainda que no se esqueam de rezar por ele.	2024-02-13	2024-06-12 08:51:04.371	2024-06-12 08:51:04.371	1	1	o-papa-ver-o-rosto-de-jesus-em-quem-vive-na-miseria-por-causa-das-injusticas-sociais	72177720314810578
30	Assinado acordo entre Santa S e instituio de ensino para promover a lngua italiana	O italiano, lngua de comunho\nEm seu discurso, dom Pea Parra citou o falecido Franco Frattini que, no L'italiano nella Chiesa fra passato e presente - uma publicao promovida pela Embaixada da Itlia junto  Santa S - escreveu que "como italianos, no podemos deixar de reconhecer o papel que a Igreja desempenhou na difuso de nossa lngua, que [...] agora assumiu o status de 'lngua franca' da Igreja". Isso, afirma o prelado,  ainda mais verdadeiro hoje, j que em todas as Nunciaturas, mesmo nas Conferncias Episcopais, em numerosos Institutos de Vida Consagrada, nos Movimentos Eclesiais e nas Comunidades mais recentemente fundadas, o italiano  a lngua veicular. De fato, sugere ainda o substituto, "em uma Igreja cada vez mais internacional e sinodal, onde j est em andamento um processo que visa uma incluso mais participativa, o italiano desempenha um papel essencial: ela , gostaria de dizer, lngua de comunho".\n\nItaliano, centelha da glria divina\nDe fato, freiras, religiosos, seminaristas e padres de todo o mundo falam esse idioma todos os dias, em seu trabalho pastoral, nas dioceses de toda a Itlia, estudam-no profundamente nas universidades pontifcias e o utilizam em seus cargos de representao e nas interaes formais entre a Santa S e o Estado italiano. Pea Parra menciona o que ele chama de "dois momentos genticos" do idioma italiano: o Cntico das Criaturas de So Francisco de Assis e,  claro, o prprio Dante na Divina Comdia. No primeiro exemplo, o texto exalta uma fraternidade universal na qual a lngua se torna um canal de louvor e esperana. No segundo, o italiano  invocado pelo autor para expressar e transmitir a "centelha" da glria divina. E, de fato, conclui o prelado venezuelano, a lngua italiana, "com seu rico vocabulrio que vem tanto da potica quanto da vida cotidiana, parece testemunhar, com um senso inato de naturalidade, a genuna adeso ao verdadeiro, ao bom e ao belo".	2024-01-08	2024-06-12 08:52:44.786	2024-06-12 08:52:44.786	1	1	assinado-acordo-entre-santa-se-e-instituicao-de-ensino-para-promover-a-lingua-italiana	72177720314810578
31	Com Deus Tem Jeito: evento comea nesta sexta-feira em Cachoeira Paulista	Mais de 400 carismas, grupos e movimentos, alm de 2 mil moradores em situao de rua, estaro reunidos neste final de semana para a dcima edio do encontro "Com Deus Tem Jeito". A previso  que "cerca de 500 dessas pessoas sejam encaminhadas para entidades da Igreja Catlica", disse o arcebispo da Arquidiocese de Fortaleza, dom Gregrio Paixo. A iniciativa de evangelizao de rua ser realizada na Cano Nova de 24 a 26 de novembro.\n\n"Com Deus Tem Jeito": essa  a grande alegria e a grande certeza que trazemos no corao", afirmou em vdeo o arcebispo da Arquidiocese de Fortaleza, dom Gregrio Paixo, num convite  iniciativa de evangelizao de rua e acolhimento que comea nesta sexta-feira (24) na Cano Nova, em Cachoeira Paulista/SP. O encontro, j na sua dcima edio, chegou a ganhar a bno do Papa Francisco em 25 de outubro, ao final da Audincia Geral, quando uma delegao brasileira entregou o material do evento ao Pontfice. Tudo nasceu justamente da vontade de se unir "ao corao do Santo Padre" para proporcionar uma experincia pessoal e de misericrdia com Jesus a centenas de pessoas em situao de rua. \n\nEssa obra concreta de misericrdia no Brasil tem  reunido mais de 400 carismas, grupos e movimentos, alm dos prprios moradores em situao de rua. Neste final de semana, por exemplo, o arcebispo disse que o "Com Deus Tem Jeito" deve receber 2 mil pessoas que vivem em condies precrias nas periferias do Brasil, muitas vezes envolvidas com trfico de drogas e onde domina a violncia. "Vo viver um acampamento, fazendo experincia com o amor de Deus, e aqueles que quiserem, no voltam mais para as ruas: todos que quiserem sero acolhidos!", comentou Edwin Costa, da Obra Lumen. E dom Gregrio acrescentou:\n\n"De modo especial, aps esse encontro, cerca de 500 dessas pessoas sero encaminhadas para entidades da Igreja Catlica que atendem pessoas em situao de rua. Uma bno especial para todos aqueles que fazem a Cano Nova, que fazem a misso Lumen, e de um modo especial a todos esses irmos que sero acolhidos: sejam eles, portanto, muito bem-vindos ao corao do Altssimo. Porque ns sabemos: 'Com Deus Tem Jeito'".\n\nO encontro j alcanou mais de 120 cidades de 18 estados do Brasil e j acolheu mais de 6 mil pessoas em situao de rua. Segundo os organizadores, uma mensagem assinada pelo Papa Francisco e dirigida aos participantes, carismas e movimentos, j chegou ao Brasil e ser lida pelo bispo da diocese de Lorena, dom Wladimir Dias, na missa de encerramento do encontro, em 26 de novembro.	2024-02-15	2024-06-12 08:54:12.504	2024-06-12 08:54:12.504	1	1	com-deus-tem-jeito-evento-comeca-nesta-sexta-feira-em-cachoeira-paulista	72177720314810578
32	Charis e a agenda que prepara para o grande aniversrio da humanidade	Nesta semana de Pscoa de 2023, comea a dcada que culminar em 2033 com os dois mil anos da morte e ressurreio de Jesus. Em vista deste evento epocal para a f crist, o Servio Internacional para a Renovao Carismtica Catlica lana um vdeo que rene as palavras do Papa Francisco e as reflexes de cardeais e lderes e Movimentos e comunidades.	2024-05-07	2024-06-12 08:55:49.862	2024-06-12 08:55:49.862	1	1	charis-e-a-agenda-que-prepara-para-o-grande-aniversario-da-humanidade	72177720314810578
33	Papa ao Movimento Equipes de Nossa Senhora: sejam jovens com asas e razes	Jovens com asas para voar, sonhar, criar, e com razes para receber dos mais idosos a sabedoria que eles do. No encontro o Papa refletiu sobre as trs palavras que compem o nome do grupo: Nossa Senhora e jovens. O encontro foi realizado neste sbado, 6 de agosto no Vaticano\n\nNa manh deste sbado (06) o Papa Francisco recebeu as jovens do Movimento Catlico Equipes de Nossa Senhora em audincia no Vaticano. O Papa iniciou afirmando: Vocs queriam ouvir, dos meus lbios, que a santa Me Igreja ama e conta com cada um de vocs. E assim ! A Igreja ama o que Jesus amou". E disse que gostaria de refletir um pouco sobre as trs palavras que compem o nome do grupo: equipe, Nossa Senhora e jovens.\n\nEquipe\nVocs vivem a experincia de equipe, de grupo  disse o Pontfice -. Isto  um dom, no  um dado adquirido! Fazer parte de uma comunidade, de uma famlia de famlias que transmite uma f vivida  um grande dom! Ningum pode dizer: Salvo-me sozinho. Estamos todos em relao, para aprender a fazer equipe. Deus quis entrar nesta dinmica de relaes e atrai-nos a si em comunidade, dando  nossa vida um sentido pleno de identidade e de pertena.\n\nO Papa recordou que embora existam abusos, mentiras e traies, o problema no  se defender dos outros, mas a preocupao deve ser a de defender as vtimas. Neste tempo do virtual e da consequente solido em que se deixam cair muitos dos seus coetneos, vocs escolheram crescer em equipe. Sigam em frente, construam pontes, joguem em equipe!\n\nNossa Senhora\nO segundo componente  Nossa Senhora. Como se l no Prembulo dos Estatutos,  - afirmou - vocs so jovens que se caracterizam por uma forte devoo a Nossa Senhora, com o consequente desejo de, ao seguir o seu exemplo e colocando-se sob a sua maternal proteo, compreenderem o lugar privilegiado de Maria, no Mistrio de Cristo e da Salvao. E assim !.\n\nQuando se acolhe Maria, a Me, na prpria vida, nunca se perde o centro, que  o Senhor. Porque Maria nunca aponta para si mesma, mas para Jesus e para os irmos\n\nEncorajo todos vocs a viver numa consagrao diria  Virgem Maria e Ela ajudar a crescer em equipe, partilhando os dons recebidos em esprito de dilogo e mtuo acolhimento.  Recordando a Jornada Mundial da Juventude de 2023, o Papa disse:\nAqui, entre vocs, h vrios jovens portugueses! Levantar-se para servir, sair para cuidar dos outros e da criao: estes so valores tpicos dos jovens. Exorto todos a pratic-los enquanto se preparam para a JMJ de Lisboa.\n\nOs Jovens\nEm seguida ao falar sobre a terceira palavra: os jovens Francisco afirmou:\n\nO futuro  dos jovens. Mas  ateno!  jovens com duas qualidades: jovens com asas e jovens com razes. Jovens com asas para voar, sonhar, criar, e com razes para receber dos mais idosos a sabedoria que eles do\n\nFrancisco recordou a todos para que se perguntem: como esto as minhas asas? O meu olhar volta-se para baixo, dobra-se sobre mim mesmo, ou sei olhar para o alto, para o horizonte? No meu corao abundam sonhos, projetos, grandes desejos, ou abundam lamentaes, pensamentos negativos, julgamentos e preconceitos? E se referindo s razes: como esto as minhas razes? Penso que o mundo comea comigo ou sinto-me parte de um grande rio que percorreu um longo caminho? Se tenho a felicidade de ainda ter avs, como me relaciono com eles? Falo com eles? Sei ouvi-los? Peo-lhes, por vezes, que me contem algo de importante sobre a sua vida? Valorizo a sua sabedoria?.\n\nPor fim o Santo Padre saudou os adultos, casais e sacerdotes assistentes que estavam presentes:\n\nPara os jovens presentes vocs so testemunhas, com humildade e simplicidade. Testemunhas do amor a Cristo e  Igreja, testemunhas da escuta e do dilogo, testemunhas do servio desinteressado e generoso, testemunhas da orao.\n	2024-06-09	2024-06-12 08:57:48.424	2024-06-12 08:57:48.424	1	1	papa-ao-movimento-equipes-de-nossa-senhora-sejam-jovens-com-asas-e-raizes	72177720314810578
34	Jubileu  cultura: msica, filmes, exposies rumo ao Ano Santo 2025	Enquanto dia aps dia registram-se novas inscries para peregrinaes diocesanas e nacionais em vista do Jubileu, os preparativos para os eventos culturais que sero disponibilizados gratuitamente durante todo o ano extraordinrio de 2025 esto em pleno andamento e, em alguns casos, at mesmo para 2024. Na manh de quinta-feira (04), na Sala de Imprensa da Santa S, foi apresentada a programao "Jubileu  Cultura". Estavam presentes Dom Rino Fisichella, Padre Alessio Geretti e Monsenhor Dario Vigan.\n\nTodos os eventos so gratuitos, programa detalhado em maio\nCom a esperana de que as iniciativas culturais para o Jubileu possam cumprir o desejo expresso pelo Papa Francisco de ser "um sinal de um renascimento renovado para o qual todos ns sentimos a urgncia", Dom Rino Fisichella, pr-prefeito do Dicastrio para a Evangelizao, ilustrou os eventos nos quais a mquina do Jubileu est trabalhando e cujos detalhes sero divulgados em maio. Todos eles sero sempre gratuitos", destacou o prelado, porque "a cultura no tem preo".  justo, afirma, que nesses anos, no seja cobrado por parte do Vaticano, nenhum custo para os usurios.  Em seguida anunciou os trs concertos que marcaro os prximos meses.\n\nO primeiro ser no dia 28 de abril, na igreja de Santo Incio de Loyola, onde ser apresentada, por inteiro, a famosa obra Messias de G. F. Handel. " uma obra muito conhecida, mas nem sempre executada em sua totalidade. Handel a comps em 1741 e uma de suas peas mais famosas, o Hallelujah, coincidir com este tempo de Pscoa, permitindo realizar toda a jornada da vida de Jesus Cristo, desde seu nascimento at sua ressurreio". Uma obra prima nica que ser executada pelo Ensemble florentino dos "Musici del Gran Principe, dirigida pelo jovem maestro Samuele Lastrucci.\n\nO segundo evento ser dia 3 de novembro, no Auditrio da Via della Conciliazione, com a participao da Academia Nacional de Santa Cecilia. A orquestra regida pelo maestro Jader Bignamini, atualmente diretor musical da Orquestra Sinfnica de Detroit, executar a Quinta Sinfonia de Dimitri Shostakovich, composta em 1937, "pouco conhecida do pblico em geral, mas marcante pela sua dramaticidade".\n\nPerto dos dias da abertura da Porta Santa, em 22 de dezembro, novamente na igreja romana de Santo Incio, o coral da Capela Sistina apresentar vrias composies polifnicas de Palestrina, Perosi e Bartolucci. "Com seus 1.500 anos de histria", lembra Fisichella, "o coral da Capela Sistina, sob a direo do maestro Marcos Pavan, permitir viver os dias que antecedem a abertura do Jubileu  luz de uma genuna contemplao do mistrio da f, cantada por um coro conhecido no mundo inteiro e que se apresentar excepcionalmente na cidade de Roma".\n\nUma exposio de cones para uma mensagem de paz\nA exposio de cones foi ilustrada pelo padre Alessio Geretti, colaborador externo do Dicastrio para a Evangelizao. A mostra ser realizada no final de 2024 na Igreja de Sant'Agnese in Agone, no centro de Roma, na sacristia, "um lugar de grande acessibilidade para todos". Sero expostas cerca de vinte obras, das tradies russa, ucraniana e sria, com a colaborao especial do Dicastrio para a Evangelizao e dos Museus do Vaticano: os cones no contexto da arte bizantina sero particularmente adequados para entrar no Ano Santo. Padre Geretti destaca seu valor precioso: "so imagens cheias de paz em um mundo cheio de guerra". E acrescenta: "Estamos em tempos de superabundncia de imagens para um consumo rpido e superficial sem interiorizao. Portanto, os cones devem ser considerados elementos que, de alguma forma, refreiam essa violncia e voracidade de fruio, porque eles "nos convidam a entrar em um simbolismo, e no apenas em uma motivao esttica e emocional".\n\nHomenagens a Dali e Chagall\nNo incio de 2025 (entre novembro de 2024 e janeiro de 2025) e nos prximos meses de 2024, sero realizados dois eventos sobre duas "figuras surpreendentes" em alguns aspectos: Salvador Dali e Marc Chagall. Chagall, que veio de uma tradio judaica e desenvolveu um misticismo do cotidiano, baseou-se fortemente nas Sagradas Escrituras, que foi uma sua grande fonte de inspirao. "Talvez ele tenha sido um dos poucos no mundo judaico que reconheceu explicitamente o fascnio de Cristo, que pde sintetizar sua f em seus olhos e que nos oferece uma chave importante para interpret-la tambm nos dias de hoje", explica o padre Geretti. Recorrer a ele  uma maneira de encontrar aqueles que vm a Roma de outras tradies religiosas ou aqueles que no tm o dom da f, mas que, no entanto, esto ligados a uma dimenso transcendente: pessoas com as quais a Igreja precisa mostrar que  capaz de dialogar. Salvador Dali, "no exatamente um catlico regular", pintou muitos temas cristos. Portanto, ele  um artista importante tambm pelo seu percurso pessoal que o aproxima da f. Padre Geretti aponta que a Guerra Civil Espanhola, a contemplao do Cristo Morto de Velsquez, o encontro com um carmelita que era um grande estudioso de So Joo da Cruz, despertaram algo em Dal, que decidiu ir para vila, onde respirou a clima do Surrealismo primitivo, descobrindo assim a raiz transcendente dessa corrente que ele quis expurgar das ideologias cticas e niilistas. "Salvador Dali tambm achou religiosamente interessante a raiz da f na cincia quntica: a matria, argumentou ele,  o antecedente do Esprito. Em Dali, descobrimos que a beleza da forma desperta a tenso na direo da vida no Esprito". Portanto, sero criadas as condies para abrir solenemente a Porta Santa usando esse artista, que "encarna bem o tormento e o xtase, que no deixa de derramar em cada seu gesto o anseio por Deus".\n\nO festival de cinema sobre os rostos da esperana\nMonsenhor Dario Edoardo Vigan, vice-chanceler da Pontifcia Academia de Cincias e Cincias Sociais, apresentou a mostra de cinema "Faces e contrafaces da esperana", que ser aberta em 14 de abril no Cinema delle Province, em Roma, com o filme La porta del cielo (Vittorio De Sica e Cesare Zavattini, 1945), em uma cpia recentemente restaurada. La porta del cielo narra uma peregrinao de pessoas doentes ao santurio de Loreto. Filmado entre maro e junho de 1944, durante a ocupao nazi-fascista da capital, as filmagens ocorreram em Roma, na Baslica de So Paulo Fora dos Muros. Giovanni Battista Montini, o futuro Papa Paulo VI, ento substituto na Secretaria de Estado, tambm participou da produo do filme e visitou vrias vezes o set das filmagens. "Um sinal de cuidado especial por parte da Santa S", especifica Vigan, acrescentando uma curiosidade da poca: em seu dirio, Zavattini observa: "Eles gostariam que [eu fizesse] um filme s meu, deixando-me totalmente livre, eu digo totalmente, desde que o filme seja baseado na moral crist, mas quem no  cristo? Cristo est s portas.\n\nVigan: filmes da programao nas Salas de Cinema Comunitrias \nConvidando os 500 Salas de Cinema comunitrios da Itlia a replicar a iniciativa da diocese de Roma, Vigan menciona os outros filmes selecionados pela Fundao Entidade do Espetculo: On life (2023), de James Hawes, com o vencedor do Oscar Anthony Hopkins no papel do filantropo ingls Nicholas Winton, La chimera (2023), de Alice Rohrwacher, com Josh O'Connor e Isabella Rossellini, Perfect Days (2023), de Wim Wenders, Leaves in the wind (2023), de Aki Kaurismki. Em seguida cita outros ttulos lanados h alguns anos: L'intrepido (2013), de Gianni Amelio; Silence (2016), de Martin Scorzese; Chiara (2002), de Susanna Nicchiarelli; Il concerto (2009), de Radu Mihileanu. Susanna Nicchiarelli e Radu Mihileanu estaro presentes para dialogar com o pblico. O festival se encerra com o filme Cristo proibito (1951), de Curzio Malaparte.\n\nCompromisso tambm em vista do 1700 aniversrio do Conclio de Niceia\nEm suma, a mquina do Jubileu no para; afinal, a Proclamao oficial  iminente e ocorrer em 9 de maio, a Festa da Ascenso, com a publicao da Bula. As solicitaes de rgos institucionais para colaborar em eventos culturais so contnuas, afirma Dom Fisichella que, segundo ele, ontem mesmo, por exemplo, recebeu um articulado dossi da Embaixada da Frana. At o momento, o projeto "In Cammino", uma peregrinao moderna entre as 14 maiores abadias da Europa, idealizado e promovido por Livia Pomodoro, presidente da associao cultural "No'hma - In cammino", recorda ainda o pr-prefeito, est obtendo uma resposta muito positiva, redescobrindo o respeito pelo meio ambiente e sob a bandeira da esperana. De nossa parte", acrescenta, "sempre pensamos no grande valor evangelizador que possuem os praeambula fidei, sinais e experincias que precedem a proposta de f e que, por sua prpria natureza, so capazes de estabelecer um dilogo sincero com aqueles que esto em busca de dar sentido s suas vidas". E conclui, respondendo a uma pergunta de um correspondente russo, sobre o que est sendo feito em vista do 1700 aniversrio do Conclio de Nicia: Temos uma Comisso especfica trabalhando", explica Fisichella, "estamos tentando criar duas situaes, uma em Roma e outra em Niceia. Em Roma, h muitos remanescentes do Conclio, principalmente em So Silvestre e Martino ai Monti. A esse respeito, estamos em contato constante com a Conferncia Episcopal Turca". 	2024-06-13	2024-06-13 10:55:46.27	2024-06-13 10:55:46.27	1	1	jubileu-e-cultura-musica-filmes-exposicoes-rumo-ao-ano-santo-2025	72177720314810578
35	Dilogo cristo-taosta, juntos para curar o mundo fragmentado	Dilogo para cultivar uma sociedade harmoniosa\nO encontro, centrado no tema "Cultivar uma sociedade harmoniosa atravs do dilogo inter-religioso", conta com a presena de fiis e estudiosos cristos e taostas de vrios pases, incluindo Hong Kong, Repblica Popular da China, Frana, Itlia, Taiwan, Coreia do Sul, Malsia, Filipinas, Vietn e Cingapura. As autoridades locais tambm participam da sesso inaugural. Procurando contribuir para a construo de uma sociedade harmoniosa  l-se no comunicado do Dicastrio para o Dilogo Inter-religioso  os participantes refletem sobre os seguintes temas: Fundamentos das escrituras crists e taostas para cultivar uma sociedade harmoniosa, Cultivar a harmonia atravs do culto e da liturgia, Tao, o caminho da virtude no dilogo e na prtica, Santidade no Taosmo e no Cristianismo e Transmisso de valores e crenas religiosas num mundo globalizado.	2024-04-09	2024-06-13 11:16:01.705	2024-06-13 11:16:01.705	1	1	dialogo-cristao-taoista-juntos-para-curar-o-mundo-fragmentado	72177720314810578
36	"Deus caminha com o seu povo"  o tema do Dia Mundial do Migrante e do Refugiado 2024	"Deus caminha com o seu povo"  o tema do 110 Dia Mundial do Migrante e do Refugiado que ser celebrado no domingo 29 de setembro deste ano.\n\nUm comunicado divulgado pelo Dicastrio para o Servio do Desenvolvimento Humano Integral, nesta quinta-feira (22/02), afirma que "a mensagem se concentrar na dimenso itinerante da Igreja, com um olhar especial para os irmos e irms migrantes, cone contemporneo da Igreja a caminho".\n\n"Trata-se de um caminho a ser feito sinodalmente para alcanarmos juntos, superando todo obstculo e ameaa, a verdadeira ptria. Durante o trajeto, onde quer que estejamos,  essencial reconhecer a presena de Deus que caminha com o seu povo, garantindo-lhe orientao e proteo em cada passo; mas  igualmente fundamental reconhecer a presena do Senhor, Emanuel, Deus conosco, em cada migrante que bate  porta do nosso corao e se oferece ao encontro".\n\n	2024-01-04	2024-06-13 11:17:31.312	2024-06-13 11:17:31.312	1	1	deus-caminha-com-o-seu-povo-e-o-tema-do-dia-mundial-do-migrante-e-do-refugiado-2024	72177720314810578
\.


--
-- TOC entry 3454 (class 0 OID 17260)
-- Dependencies: 215
-- Data for Name: events_category_links; Type: TABLE DATA; Schema: public; Owner: postgres
--

COPY public.events_category_links (id, event_id, category_id, event_order) FROM stdin;
28	27	22	1
29	28	23	1
30	29	24	1
31	30	25	1
32	31	26	1
33	32	27	1
34	33	28	1
35	34	29	1
36	35	33	1
37	36	34	1
\.


--
-- TOC entry 3457 (class 0 OID 17267)
-- Dependencies: 218
-- Data for Name: files; Type: TABLE DATA; Schema: public; Owner: postgres
--

COPY public.files (id, name, alternative_text, caption, width, height, formats, hash, ext, mime, size, url, preview_url, provider, provider_metadata, folder_path, created_at, updated_at, created_by_id, updated_by_id) FROM stdin;
76	phil-thep-4qb582F1pkg-unsplash.jpg	\N	\N	1800	1200	{"large": {"ext": ".jpg", "url": "/uploads/large_phil_thep_4qb582_F1pkg_unsplash_b855449e6a.jpg", "hash": "large_phil_thep_4qb582_F1pkg_unsplash_b855449e6a", "mime": "image/jpeg", "name": "large_phil-thep-4qb582F1pkg-unsplash.jpg", "path": null, "size": 105.24, "width": 1000, "height": 667, "sizeInBytes": 105244}, "small": {"ext": ".jpg", "url": "/uploads/small_phil_thep_4qb582_F1pkg_unsplash_b855449e6a.jpg", "hash": "small_phil_thep_4qb582_F1pkg_unsplash_b855449e6a", "mime": "image/jpeg", "name": "small_phil-thep-4qb582F1pkg-unsplash.jpg", "path": null, "size": 31.1, "width": 500, "height": 333, "sizeInBytes": 31096}, "medium": {"ext": ".jpg", "url": "/uploads/medium_phil_thep_4qb582_F1pkg_unsplash_b855449e6a.jpg", "hash": "medium_phil_thep_4qb582_F1pkg_unsplash_b855449e6a", "mime": "image/jpeg", "name": "medium_phil-thep-4qb582F1pkg-unsplash.jpg", "path": null, "size": 63.7, "width": 750, "height": 500, "sizeInBytes": 63701}, "thumbnail": {"ext": ".jpg", "url": "/uploads/thumbnail_phil_thep_4qb582_F1pkg_unsplash_b855449e6a.jpg", "hash": "thumbnail_phil_thep_4qb582_F1pkg_unsplash_b855449e6a", "mime": "image/jpeg", "name": "thumbnail_phil-thep-4qb582F1pkg-unsplash.jpg", "path": null, "size": 8.59, "width": 234, "height": 156, "sizeInBytes": 8593}}	phil_thep_4qb582_F1pkg_unsplash_b855449e6a	.jpg	image/jpeg	245.04	/uploads/phil_thep_4qb582_F1pkg_unsplash_b855449e6a.jpg	\N	local	\N	/	2024-06-12 08:42:34.705	2024-06-12 08:42:34.705	1	1
85	jon-tyson - 0o9dgxEu5Q-unsplash.jpg	\N	\N	1800	1200	{"large": {"ext": ".jpg", "url": "/uploads/large_jon_tyson_0o9dgx_Eu5_Q_unsplash_c77d6e6c5d.jpg", "hash": "large_jon_tyson_0o9dgx_Eu5_Q_unsplash_c77d6e6c5d", "mime": "image/jpeg", "name": "large_jon-tyson - 0o9dgxEu5Q-unsplash.jpg", "path": null, "size": 74.05, "width": 1000, "height": 667, "sizeInBytes": 74054}, "small": {"ext": ".jpg", "url": "/uploads/small_jon_tyson_0o9dgx_Eu5_Q_unsplash_c77d6e6c5d.jpg", "hash": "small_jon_tyson_0o9dgx_Eu5_Q_unsplash_c77d6e6c5d", "mime": "image/jpeg", "name": "small_jon-tyson - 0o9dgxEu5Q-unsplash.jpg", "path": null, "size": 15.5, "width": 500, "height": 333, "sizeInBytes": 15496}, "medium": {"ext": ".jpg", "url": "/uploads/medium_jon_tyson_0o9dgx_Eu5_Q_unsplash_c77d6e6c5d.jpg", "hash": "medium_jon_tyson_0o9dgx_Eu5_Q_unsplash_c77d6e6c5d", "mime": "image/jpeg", "name": "medium_jon-tyson - 0o9dgxEu5Q-unsplash.jpg", "path": null, "size": 37.4, "width": 750, "height": 500, "sizeInBytes": 37399}, "thumbnail": {"ext": ".jpg", "url": "/uploads/thumbnail_jon_tyson_0o9dgx_Eu5_Q_unsplash_c77d6e6c5d.jpg", "hash": "thumbnail_jon_tyson_0o9dgx_Eu5_Q_unsplash_c77d6e6c5d", "mime": "image/jpeg", "name": "thumbnail_jon-tyson - 0o9dgxEu5Q-unsplash.jpg", "path": null, "size": 4.23, "width": 234, "height": 156, "sizeInBytes": 4230}}	jon_tyson_0o9dgx_Eu5_Q_unsplash_c77d6e6c5d	.jpg	image/jpeg	239.85	/uploads/jon_tyson_0o9dgx_Eu5_Q_unsplash_c77d6e6c5d.jpg	\N	local	\N	/	2024-06-13 11:00:58.562	2024-06-13 11:00:58.562	1	1
37	bruno-van-der-kraan-v2HgNzRDfII-unsplash.jpg	\N	\N	1799	1195	{"large": {"ext": ".jpg", "url": "/uploads/large_bruno_van_der_kraan_v2_Hg_Nz_R_Df_II_unsplash_169beb6b60.jpg", "hash": "large_bruno_van_der_kraan_v2_Hg_Nz_R_Df_II_unsplash_169beb6b60", "mime": "image/jpeg", "name": "large_bruno-van-der-kraan-v2HgNzRDfII-unsplash.jpg", "path": null, "size": 47.62, "width": 1000, "height": 664, "sizeInBytes": 47616}, "small": {"ext": ".jpg", "url": "/uploads/small_bruno_van_der_kraan_v2_Hg_Nz_R_Df_II_unsplash_169beb6b60.jpg", "hash": "small_bruno_van_der_kraan_v2_Hg_Nz_R_Df_II_unsplash_169beb6b60", "mime": "image/jpeg", "name": "small_bruno-van-der-kraan-v2HgNzRDfII-unsplash.jpg", "path": null, "size": 13.68, "width": 500, "height": 332, "sizeInBytes": 13675}, "medium": {"ext": ".jpg", "url": "/uploads/medium_bruno_van_der_kraan_v2_Hg_Nz_R_Df_II_unsplash_169beb6b60.jpg", "hash": "medium_bruno_van_der_kraan_v2_Hg_Nz_R_Df_II_unsplash_169beb6b60", "mime": "image/jpeg", "name": "medium_bruno-van-der-kraan-v2HgNzRDfII-unsplash.jpg", "path": null, "size": 28.45, "width": 750, "height": 498, "sizeInBytes": 28451}, "thumbnail": {"ext": ".jpg", "url": "/uploads/thumbnail_bruno_van_der_kraan_v2_Hg_Nz_R_Df_II_unsplash_169beb6b60.jpg", "hash": "thumbnail_bruno_van_der_kraan_v2_Hg_Nz_R_Df_II_unsplash_169beb6b60", "mime": "image/jpeg", "name": "thumbnail_bruno-van-der-kraan-v2HgNzRDfII-unsplash.jpg", "path": null, "size": 3.8, "width": 235, "height": 156, "sizeInBytes": 3797}}	bruno_van_der_kraan_v2_Hg_Nz_R_Df_II_unsplash_169beb6b60	.jpg	image/jpeg	108.65	/uploads/bruno_van_der_kraan_v2_Hg_Nz_R_Df_II_unsplash_169beb6b60.jpg	\N	local	\N	/	2024-06-11 12:26:08.438	2024-06-11 12:26:08.438	1	1
38	daniel-tseng-QCjC1KpA4nA-unsplash.jpg	\N	\N	1800	1200	{"large": {"ext": ".jpg", "url": "/uploads/large_daniel_tseng_Q_Cj_C1_Kp_A4n_A_unsplash_2e74c3f759.jpg", "hash": "large_daniel_tseng_Q_Cj_C1_Kp_A4n_A_unsplash_2e74c3f759", "mime": "image/jpeg", "name": "large_daniel-tseng-QCjC1KpA4nA-unsplash.jpg", "path": null, "size": 99.56, "width": 1000, "height": 667, "sizeInBytes": 99556}, "small": {"ext": ".jpg", "url": "/uploads/small_daniel_tseng_Q_Cj_C1_Kp_A4n_A_unsplash_2e74c3f759.jpg", "hash": "small_daniel_tseng_Q_Cj_C1_Kp_A4n_A_unsplash_2e74c3f759", "mime": "image/jpeg", "name": "small_daniel-tseng-QCjC1KpA4nA-unsplash.jpg", "path": null, "size": 27.37, "width": 500, "height": 333, "sizeInBytes": 27367}, "medium": {"ext": ".jpg", "url": "/uploads/medium_daniel_tseng_Q_Cj_C1_Kp_A4n_A_unsplash_2e74c3f759.jpg", "hash": "medium_daniel_tseng_Q_Cj_C1_Kp_A4n_A_unsplash_2e74c3f759", "mime": "image/jpeg", "name": "medium_daniel-tseng-QCjC1KpA4nA-unsplash.jpg", "path": null, "size": 57.8, "width": 750, "height": 500, "sizeInBytes": 57797}, "thumbnail": {"ext": ".jpg", "url": "/uploads/thumbnail_daniel_tseng_Q_Cj_C1_Kp_A4n_A_unsplash_2e74c3f759.jpg", "hash": "thumbnail_daniel_tseng_Q_Cj_C1_Kp_A4n_A_unsplash_2e74c3f759", "mime": "image/jpeg", "name": "thumbnail_daniel-tseng-QCjC1KpA4nA-unsplash.jpg", "path": null, "size": 7.73, "width": 234, "height": 156, "sizeInBytes": 7729}}	daniel_tseng_Q_Cj_C1_Kp_A4n_A_unsplash_2e74c3f759	.jpg	image/jpeg	245.62	/uploads/daniel_tseng_Q_Cj_C1_Kp_A4n_A_unsplash_2e74c3f759.jpg	\N	local	\N	/	2024-06-11 12:37:05.253	2024-06-11 12:37:05.253	1	1
39	nathan-mullet-pmiW630yDPE-unsplash.jpg	\N	\N	1800	1200	{"large": {"ext": ".jpg", "url": "/uploads/large_nathan_mullet_pmi_W630y_DPE_unsplash_207091a665.jpg", "hash": "large_nathan_mullet_pmi_W630y_DPE_unsplash_207091a665", "mime": "image/jpeg", "name": "large_nathan-mullet-pmiW630yDPE-unsplash.jpg", "path": null, "size": 86.78, "width": 1000, "height": 667, "sizeInBytes": 86781}, "small": {"ext": ".jpg", "url": "/uploads/small_nathan_mullet_pmi_W630y_DPE_unsplash_207091a665.jpg", "hash": "small_nathan_mullet_pmi_W630y_DPE_unsplash_207091a665", "mime": "image/jpeg", "name": "small_nathan-mullet-pmiW630yDPE-unsplash.jpg", "path": null, "size": 31.39, "width": 500, "height": 333, "sizeInBytes": 31394}, "medium": {"ext": ".jpg", "url": "/uploads/medium_nathan_mullet_pmi_W630y_DPE_unsplash_207091a665.jpg", "hash": "medium_nathan_mullet_pmi_W630y_DPE_unsplash_207091a665", "mime": "image/jpeg", "name": "medium_nathan-mullet-pmiW630yDPE-unsplash.jpg", "path": null, "size": 56.56, "width": 750, "height": 500, "sizeInBytes": 56562}, "thumbnail": {"ext": ".jpg", "url": "/uploads/thumbnail_nathan_mullet_pmi_W630y_DPE_unsplash_207091a665.jpg", "hash": "thumbnail_nathan_mullet_pmi_W630y_DPE_unsplash_207091a665", "mime": "image/jpeg", "name": "thumbnail_nathan-mullet-pmiW630yDPE-unsplash.jpg", "path": null, "size": 10.4, "width": 234, "height": 156, "sizeInBytes": 10397}}	nathan_mullet_pmi_W630y_DPE_unsplash_207091a665	.jpg	image/jpeg	184.91	/uploads/nathan_mullet_pmi_W630y_DPE_unsplash_207091a665.jpg	\N	local	\N	/	2024-06-11 12:43:10.413	2024-06-11 12:43:10.413	1	1
40	jack-sharp-OptEsFuZwoQ-unsplash.jpg	\N	\N	1800	1200	{"large": {"ext": ".jpg", "url": "/uploads/large_jack_sharp_Opt_Es_Fu_Zwo_Q_unsplash_9051db35b5.jpg", "hash": "large_jack_sharp_Opt_Es_Fu_Zwo_Q_unsplash_9051db35b5", "mime": "image/jpeg", "name": "large_jack-sharp-OptEsFuZwoQ-unsplash.jpg", "path": null, "size": 39.74, "width": 1000, "height": 667, "sizeInBytes": 39738}, "small": {"ext": ".jpg", "url": "/uploads/small_jack_sharp_Opt_Es_Fu_Zwo_Q_unsplash_9051db35b5.jpg", "hash": "small_jack_sharp_Opt_Es_Fu_Zwo_Q_unsplash_9051db35b5", "mime": "image/jpeg", "name": "small_jack-sharp-OptEsFuZwoQ-unsplash.jpg", "path": null, "size": 13.62, "width": 500, "height": 333, "sizeInBytes": 13622}, "medium": {"ext": ".jpg", "url": "/uploads/medium_jack_sharp_Opt_Es_Fu_Zwo_Q_unsplash_9051db35b5.jpg", "hash": "medium_jack_sharp_Opt_Es_Fu_Zwo_Q_unsplash_9051db35b5", "mime": "image/jpeg", "name": "medium_jack-sharp-OptEsFuZwoQ-unsplash.jpg", "path": null, "size": 25.32, "width": 750, "height": 500, "sizeInBytes": 25319}, "thumbnail": {"ext": ".jpg", "url": "/uploads/thumbnail_jack_sharp_Opt_Es_Fu_Zwo_Q_unsplash_9051db35b5.jpg", "hash": "thumbnail_jack_sharp_Opt_Es_Fu_Zwo_Q_unsplash_9051db35b5", "mime": "image/jpeg", "name": "thumbnail_jack-sharp-OptEsFuZwoQ-unsplash.jpg", "path": null, "size": 4.57, "width": 234, "height": 156, "sizeInBytes": 4568}}	jack_sharp_Opt_Es_Fu_Zwo_Q_unsplash_9051db35b5	.jpg	image/jpeg	80.22	/uploads/jack_sharp_Opt_Es_Fu_Zwo_Q_unsplash_9051db35b5.jpg	\N	local	\N	/	2024-06-11 12:45:38.854	2024-06-11 12:45:38.854	1	1
41	hoch3media-hKKJnp-nWdQ-unsplash.jpg	\N	\N	1800	1200	{"large": {"ext": ".jpg", "url": "/uploads/large_hoch3media_h_KK_Jnp_n_Wd_Q_unsplash_6d66a533af.jpg", "hash": "large_hoch3media_h_KK_Jnp_n_Wd_Q_unsplash_6d66a533af", "mime": "image/jpeg", "name": "large_hoch3media-hKKJnp-nWdQ-unsplash.jpg", "path": null, "size": 80.33, "width": 1000, "height": 667, "sizeInBytes": 80327}, "small": {"ext": ".jpg", "url": "/uploads/small_hoch3media_h_KK_Jnp_n_Wd_Q_unsplash_6d66a533af.jpg", "hash": "small_hoch3media_h_KK_Jnp_n_Wd_Q_unsplash_6d66a533af", "mime": "image/jpeg", "name": "small_hoch3media-hKKJnp-nWdQ-unsplash.jpg", "path": null, "size": 23.71, "width": 500, "height": 333, "sizeInBytes": 23711}, "medium": {"ext": ".jpg", "url": "/uploads/medium_hoch3media_h_KK_Jnp_n_Wd_Q_unsplash_6d66a533af.jpg", "hash": "medium_hoch3media_h_KK_Jnp_n_Wd_Q_unsplash_6d66a533af", "mime": "image/jpeg", "name": "medium_hoch3media-hKKJnp-nWdQ-unsplash.jpg", "path": null, "size": 47.36, "width": 750, "height": 500, "sizeInBytes": 47364}, "thumbnail": {"ext": ".jpg", "url": "/uploads/thumbnail_hoch3media_h_KK_Jnp_n_Wd_Q_unsplash_6d66a533af.jpg", "hash": "thumbnail_hoch3media_h_KK_Jnp_n_Wd_Q_unsplash_6d66a533af", "mime": "image/jpeg", "name": "thumbnail_hoch3media-hKKJnp-nWdQ-unsplash.jpg", "path": null, "size": 7.03, "width": 234, "height": 156, "sizeInBytes": 7029}}	hoch3media_h_KK_Jnp_n_Wd_Q_unsplash_6d66a533af	.jpg	image/jpeg	198.00	/uploads/hoch3media_h_KK_Jnp_n_Wd_Q_unsplash_6d66a533af.jpg	\N	local	\N	/	2024-06-11 12:48:25.301	2024-06-11 12:48:25.301	1	1
42	thomas-vitali-OwHTRWWtpkU-unsplash.jpg	\N	\N	1800	1200	{"large": {"ext": ".jpg", "url": "/uploads/large_thomas_vitali_Ow_HTRW_Wtpk_U_unsplash_22a1ffb8ee.jpg", "hash": "large_thomas_vitali_Ow_HTRW_Wtpk_U_unsplash_22a1ffb8ee", "mime": "image/jpeg", "name": "large_thomas-vitali-OwHTRWWtpkU-unsplash.jpg", "path": null, "size": 83.52, "width": 1000, "height": 667, "sizeInBytes": 83519}, "small": {"ext": ".jpg", "url": "/uploads/small_thomas_vitali_Ow_HTRW_Wtpk_U_unsplash_22a1ffb8ee.jpg", "hash": "small_thomas_vitali_Ow_HTRW_Wtpk_U_unsplash_22a1ffb8ee", "mime": "image/jpeg", "name": "small_thomas-vitali-OwHTRWWtpkU-unsplash.jpg", "path": null, "size": 27.69, "width": 500, "height": 333, "sizeInBytes": 27688}, "medium": {"ext": ".jpg", "url": "/uploads/medium_thomas_vitali_Ow_HTRW_Wtpk_U_unsplash_22a1ffb8ee.jpg", "hash": "medium_thomas_vitali_Ow_HTRW_Wtpk_U_unsplash_22a1ffb8ee", "mime": "image/jpeg", "name": "medium_thomas-vitali-OwHTRWWtpkU-unsplash.jpg", "path": null, "size": 52.71, "width": 750, "height": 500, "sizeInBytes": 52712}, "thumbnail": {"ext": ".jpg", "url": "/uploads/thumbnail_thomas_vitali_Ow_HTRW_Wtpk_U_unsplash_22a1ffb8ee.jpg", "hash": "thumbnail_thomas_vitali_Ow_HTRW_Wtpk_U_unsplash_22a1ffb8ee", "mime": "image/jpeg", "name": "thumbnail_thomas-vitali-OwHTRWWtpkU-unsplash.jpg", "path": null, "size": 8.52, "width": 234, "height": 156, "sizeInBytes": 8520}}	thomas_vitali_Ow_HTRW_Wtpk_U_unsplash_22a1ffb8ee	.jpg	image/jpeg	179.63	/uploads/thomas_vitali_Ow_HTRW_Wtpk_U_unsplash_22a1ffb8ee.jpg	\N	local	\N	/	2024-06-11 12:51:28.905	2024-06-11 12:51:28.905	1	1
43	alicia-quan-kBybHJ3CEWI-unsplash.jpg	\N	\N	1800	1350	{"large": {"ext": ".jpg", "url": "/uploads/large_alicia_quan_k_Byb_HJ_3_CEWI_unsplash_714e077282.jpg", "hash": "large_alicia_quan_k_Byb_HJ_3_CEWI_unsplash_714e077282", "mime": "image/jpeg", "name": "large_alicia-quan-kBybHJ3CEWI-unsplash.jpg", "path": null, "size": 30.82, "width": 1000, "height": 750, "sizeInBytes": 30818}, "small": {"ext": ".jpg", "url": "/uploads/small_alicia_quan_k_Byb_HJ_3_CEWI_unsplash_714e077282.jpg", "hash": "small_alicia_quan_k_Byb_HJ_3_CEWI_unsplash_714e077282", "mime": "image/jpeg", "name": "small_alicia-quan-kBybHJ3CEWI-unsplash.jpg", "path": null, "size": 10.6, "width": 500, "height": 375, "sizeInBytes": 10602}, "medium": {"ext": ".jpg", "url": "/uploads/medium_alicia_quan_k_Byb_HJ_3_CEWI_unsplash_714e077282.jpg", "hash": "medium_alicia_quan_k_Byb_HJ_3_CEWI_unsplash_714e077282", "mime": "image/jpeg", "name": "medium_alicia-quan-kBybHJ3CEWI-unsplash.jpg", "path": null, "size": 19.65, "width": 750, "height": 563, "sizeInBytes": 19648}, "thumbnail": {"ext": ".jpg", "url": "/uploads/thumbnail_alicia_quan_k_Byb_HJ_3_CEWI_unsplash_714e077282.jpg", "hash": "thumbnail_alicia_quan_k_Byb_HJ_3_CEWI_unsplash_714e077282", "mime": "image/jpeg", "name": "thumbnail_alicia-quan-kBybHJ3CEWI-unsplash.jpg", "path": null, "size": 3.28, "width": 208, "height": 156, "sizeInBytes": 3275}}	alicia_quan_k_Byb_HJ_3_CEWI_unsplash_714e077282	.jpg	image/jpeg	63.66	/uploads/alicia_quan_k_Byb_HJ_3_CEWI_unsplash_714e077282.jpg	\N	local	\N	/	2024-06-11 12:55:34.3	2024-06-11 12:55:34.3	1	1
77	kelly-sikkema-YnRNdB-XTME-unsplash.jpg	\N	\N	1800	1200	{"large": {"ext": ".jpg", "url": "/uploads/large_kelly_sikkema_Yn_R_Nd_B_XTME_unsplash_bfaa9a946e.jpg", "hash": "large_kelly_sikkema_Yn_R_Nd_B_XTME_unsplash_bfaa9a946e", "mime": "image/jpeg", "name": "large_kelly-sikkema-YnRNdB-XTME-unsplash.jpg", "path": null, "size": 71.63, "width": 1000, "height": 667, "sizeInBytes": 71632}, "small": {"ext": ".jpg", "url": "/uploads/small_kelly_sikkema_Yn_R_Nd_B_XTME_unsplash_bfaa9a946e.jpg", "hash": "small_kelly_sikkema_Yn_R_Nd_B_XTME_unsplash_bfaa9a946e", "mime": "image/jpeg", "name": "small_kelly-sikkema-YnRNdB-XTME-unsplash.jpg", "path": null, "size": 22.72, "width": 500, "height": 333, "sizeInBytes": 22715}, "medium": {"ext": ".jpg", "url": "/uploads/medium_kelly_sikkema_Yn_R_Nd_B_XTME_unsplash_bfaa9a946e.jpg", "hash": "medium_kelly_sikkema_Yn_R_Nd_B_XTME_unsplash_bfaa9a946e", "mime": "image/jpeg", "name": "medium_kelly-sikkema-YnRNdB-XTME-unsplash.jpg", "path": null, "size": 44.52, "width": 750, "height": 500, "sizeInBytes": 44516}, "thumbnail": {"ext": ".jpg", "url": "/uploads/thumbnail_kelly_sikkema_Yn_R_Nd_B_XTME_unsplash_bfaa9a946e.jpg", "hash": "thumbnail_kelly_sikkema_Yn_R_Nd_B_XTME_unsplash_bfaa9a946e", "mime": "image/jpeg", "name": "thumbnail_kelly-sikkema-YnRNdB-XTME-unsplash.jpg", "path": null, "size": 6.41, "width": 234, "height": 156, "sizeInBytes": 6412}}	kelly_sikkema_Yn_R_Nd_B_XTME_unsplash_bfaa9a946e	.jpg	image/jpeg	162.70	/uploads/kelly_sikkema_Yn_R_Nd_B_XTME_unsplash_bfaa9a946e.jpg	\N	local	\N	/	2024-06-12 08:48:28.126	2024-06-12 08:48:28.126	1	1
78	christoph-schmid-yAUPOCqbHXE-unsplash.jpg	\N	\N	1800	1200	{"large": {"ext": ".jpg", "url": "/uploads/large_christoph_schmid_y_AUPO_Cqb_HXE_unsplash_01a06c3bc6.jpg", "hash": "large_christoph_schmid_y_AUPO_Cqb_HXE_unsplash_01a06c3bc6", "mime": "image/jpeg", "name": "large_christoph-schmid-yAUPOCqbHXE-unsplash.jpg", "path": null, "size": 66.81, "width": 1000, "height": 667, "sizeInBytes": 66811}, "small": {"ext": ".jpg", "url": "/uploads/small_christoph_schmid_y_AUPO_Cqb_HXE_unsplash_01a06c3bc6.jpg", "hash": "small_christoph_schmid_y_AUPO_Cqb_HXE_unsplash_01a06c3bc6", "mime": "image/jpeg", "name": "small_christoph-schmid-yAUPOCqbHXE-unsplash.jpg", "path": null, "size": 21.1, "width": 500, "height": 333, "sizeInBytes": 21100}, "medium": {"ext": ".jpg", "url": "/uploads/medium_christoph_schmid_y_AUPO_Cqb_HXE_unsplash_01a06c3bc6.jpg", "hash": "medium_christoph_schmid_y_AUPO_Cqb_HXE_unsplash_01a06c3bc6", "mime": "image/jpeg", "name": "medium_christoph-schmid-yAUPOCqbHXE-unsplash.jpg", "path": null, "size": 40.94, "width": 750, "height": 500, "sizeInBytes": 40941}, "thumbnail": {"ext": ".jpg", "url": "/uploads/thumbnail_christoph_schmid_y_AUPO_Cqb_HXE_unsplash_01a06c3bc6.jpg", "hash": "thumbnail_christoph_schmid_y_AUPO_Cqb_HXE_unsplash_01a06c3bc6", "mime": "image/jpeg", "name": "thumbnail_christoph-schmid-yAUPOCqbHXE-unsplash.jpg", "path": null, "size": 6.38, "width": 234, "height": 156, "sizeInBytes": 6378}}	christoph_schmid_y_AUPO_Cqb_HXE_unsplash_01a06c3bc6	.jpg	image/jpeg	162.87	/uploads/christoph_schmid_y_AUPO_Cqb_HXE_unsplash_01a06c3bc6.jpg	\N	local	\N	/	2024-06-12 08:50:39.014	2024-06-12 08:50:39.014	1	1
79	oskar-kadaksoo-Di8SlZo16EI-unsplash.jpg	\N	\N	1800	1201	{"large": {"ext": ".jpg", "url": "/uploads/large_oskar_kadaksoo_Di8_Sl_Zo16_EI_unsplash_bd7a51bc46.jpg", "hash": "large_oskar_kadaksoo_Di8_Sl_Zo16_EI_unsplash_bd7a51bc46", "mime": "image/jpeg", "name": "large_oskar-kadaksoo-Di8SlZo16EI-unsplash.jpg", "path": null, "size": 48.58, "width": 1000, "height": 667, "sizeInBytes": 48581}, "small": {"ext": ".jpg", "url": "/uploads/small_oskar_kadaksoo_Di8_Sl_Zo16_EI_unsplash_bd7a51bc46.jpg", "hash": "small_oskar_kadaksoo_Di8_Sl_Zo16_EI_unsplash_bd7a51bc46", "mime": "image/jpeg", "name": "small_oskar-kadaksoo-Di8SlZo16EI-unsplash.jpg", "path": null, "size": 16.79, "width": 500, "height": 333, "sizeInBytes": 16785}, "medium": {"ext": ".jpg", "url": "/uploads/medium_oskar_kadaksoo_Di8_Sl_Zo16_EI_unsplash_bd7a51bc46.jpg", "hash": "medium_oskar_kadaksoo_Di8_Sl_Zo16_EI_unsplash_bd7a51bc46", "mime": "image/jpeg", "name": "medium_oskar-kadaksoo-Di8SlZo16EI-unsplash.jpg", "path": null, "size": 31.58, "width": 750, "height": 500, "sizeInBytes": 31581}, "thumbnail": {"ext": ".jpg", "url": "/uploads/thumbnail_oskar_kadaksoo_Di8_Sl_Zo16_EI_unsplash_bd7a51bc46.jpg", "hash": "thumbnail_oskar_kadaksoo_Di8_Sl_Zo16_EI_unsplash_bd7a51bc46", "mime": "image/jpeg", "name": "thumbnail_oskar-kadaksoo-Di8SlZo16EI-unsplash.jpg", "path": null, "size": 5.31, "width": 234, "height": 156, "sizeInBytes": 5311}}	oskar_kadaksoo_Di8_Sl_Zo16_EI_unsplash_bd7a51bc46	.jpg	image/jpeg	94.65	/uploads/oskar_kadaksoo_Di8_Sl_Zo16_EI_unsplash_bd7a51bc46.jpg	\N	local	\N	/	2024-06-12 08:52:40.438	2024-06-12 08:52:40.438	1	1
80	josh-eckstein-S84mDHGATw0-unsplash.jpg	\N	\N	1800	1200	{"large": {"ext": ".jpg", "url": "/uploads/large_josh_eckstein_S84m_DHGA_Tw0_unsplash_bdfd57f9bd.jpg", "hash": "large_josh_eckstein_S84m_DHGA_Tw0_unsplash_bdfd57f9bd", "mime": "image/jpeg", "name": "large_josh-eckstein-S84mDHGATw0-unsplash.jpg", "path": null, "size": 136.8, "width": 1000, "height": 667, "sizeInBytes": 136800}, "small": {"ext": ".jpg", "url": "/uploads/small_josh_eckstein_S84m_DHGA_Tw0_unsplash_bdfd57f9bd.jpg", "hash": "small_josh_eckstein_S84m_DHGA_Tw0_unsplash_bdfd57f9bd", "mime": "image/jpeg", "name": "small_josh-eckstein-S84mDHGATw0-unsplash.jpg", "path": null, "size": 42.88, "width": 500, "height": 333, "sizeInBytes": 42880}, "medium": {"ext": ".jpg", "url": "/uploads/medium_josh_eckstein_S84m_DHGA_Tw0_unsplash_bdfd57f9bd.jpg", "hash": "medium_josh_eckstein_S84m_DHGA_Tw0_unsplash_bdfd57f9bd", "mime": "image/jpeg", "name": "medium_josh-eckstein-S84mDHGATw0-unsplash.jpg", "path": null, "size": 84.94, "width": 750, "height": 500, "sizeInBytes": 84942}, "thumbnail": {"ext": ".jpg", "url": "/uploads/thumbnail_josh_eckstein_S84m_DHGA_Tw0_unsplash_bdfd57f9bd.jpg", "hash": "thumbnail_josh_eckstein_S84m_DHGA_Tw0_unsplash_bdfd57f9bd", "mime": "image/jpeg", "name": "thumbnail_josh-eckstein-S84mDHGATw0-unsplash.jpg", "path": null, "size": 11.51, "width": 234, "height": 156, "sizeInBytes": 11511}}	josh_eckstein_S84m_DHGA_Tw0_unsplash_bdfd57f9bd	.jpg	image/jpeg	304.49	/uploads/josh_eckstein_S84m_DHGA_Tw0_unsplash_bdfd57f9bd.jpg	\N	local	\N	/	2024-06-12 08:53:50.965	2024-06-12 08:53:50.965	1	1
81	ilona-frey-hwuGYG9N5CY-unsplash.jpg	\N	\N	1800	1192	{"large": {"ext": ".jpg", "url": "/uploads/large_ilona_frey_hwu_GYG_9_N5_CY_unsplash_1331c78e3e.jpg", "hash": "large_ilona_frey_hwu_GYG_9_N5_CY_unsplash_1331c78e3e", "mime": "image/jpeg", "name": "large_ilona-frey-hwuGYG9N5CY-unsplash.jpg", "path": null, "size": 107.64, "width": 1000, "height": 662, "sizeInBytes": 107636}, "small": {"ext": ".jpg", "url": "/uploads/small_ilona_frey_hwu_GYG_9_N5_CY_unsplash_1331c78e3e.jpg", "hash": "small_ilona_frey_hwu_GYG_9_N5_CY_unsplash_1331c78e3e", "mime": "image/jpeg", "name": "small_ilona-frey-hwuGYG9N5CY-unsplash.jpg", "path": null, "size": 31.19, "width": 500, "height": 331, "sizeInBytes": 31192}, "medium": {"ext": ".jpg", "url": "/uploads/medium_ilona_frey_hwu_GYG_9_N5_CY_unsplash_1331c78e3e.jpg", "hash": "medium_ilona_frey_hwu_GYG_9_N5_CY_unsplash_1331c78e3e", "mime": "image/jpeg", "name": "medium_ilona-frey-hwuGYG9N5CY-unsplash.jpg", "path": null, "size": 64.23, "width": 750, "height": 497, "sizeInBytes": 64227}, "thumbnail": {"ext": ".jpg", "url": "/uploads/thumbnail_ilona_frey_hwu_GYG_9_N5_CY_unsplash_1331c78e3e.jpg", "hash": "thumbnail_ilona_frey_hwu_GYG_9_N5_CY_unsplash_1331c78e3e", "mime": "image/jpeg", "name": "thumbnail_ilona-frey-hwuGYG9N5CY-unsplash.jpg", "path": null, "size": 8.32, "width": 236, "height": 156, "sizeInBytes": 8320}}	ilona_frey_hwu_GYG_9_N5_CY_unsplash_1331c78e3e	.jpg	image/jpeg	266.45	/uploads/ilona_frey_hwu_GYG_9_N5_CY_unsplash_1331c78e3e.jpg	\N	local	\N	/	2024-06-12 08:55:47.85	2024-06-12 08:55:47.85	1	1
82	antoine-similon-4cJouuKX3kw-unsplash.jpg	\N	\N	1800	1014	{"large": {"ext": ".jpg", "url": "/uploads/large_antoine_similon_4c_Jouu_KX_3kw_unsplash_4a85ce77bf.jpg", "hash": "large_antoine_similon_4c_Jouu_KX_3kw_unsplash_4a85ce77bf", "mime": "image/jpeg", "name": "large_antoine-similon-4cJouuKX3kw-unsplash.jpg", "path": null, "size": 78.95, "width": 1000, "height": 563, "sizeInBytes": 78946}, "small": {"ext": ".jpg", "url": "/uploads/small_antoine_similon_4c_Jouu_KX_3kw_unsplash_4a85ce77bf.jpg", "hash": "small_antoine_similon_4c_Jouu_KX_3kw_unsplash_4a85ce77bf", "mime": "image/jpeg", "name": "small_antoine-similon-4cJouuKX3kw-unsplash.jpg", "path": null, "size": 22.58, "width": 500, "height": 282, "sizeInBytes": 22575}, "medium": {"ext": ".jpg", "url": "/uploads/medium_antoine_similon_4c_Jouu_KX_3kw_unsplash_4a85ce77bf.jpg", "hash": "medium_antoine_similon_4c_Jouu_KX_3kw_unsplash_4a85ce77bf", "mime": "image/jpeg", "name": "medium_antoine-similon-4cJouuKX3kw-unsplash.jpg", "path": null, "size": 47.02, "width": 750, "height": 423, "sizeInBytes": 47023}, "thumbnail": {"ext": ".jpg", "url": "/uploads/thumbnail_antoine_similon_4c_Jouu_KX_3kw_unsplash_4a85ce77bf.jpg", "hash": "thumbnail_antoine_similon_4c_Jouu_KX_3kw_unsplash_4a85ce77bf", "mime": "image/jpeg", "name": "thumbnail_antoine-similon-4cJouuKX3kw-unsplash.jpg", "path": null, "size": 6.43, "width": 245, "height": 138, "sizeInBytes": 6433}}	antoine_similon_4c_Jouu_KX_3kw_unsplash_4a85ce77bf	.jpg	image/jpeg	188.72	/uploads/antoine_similon_4c_Jouu_KX_3kw_unsplash_4a85ce77bf.jpg	\N	local	\N	/	2024-06-12 08:57:20.233	2024-06-12 08:57:20.233	1	1
83	guilherme-stecanella-smCn7Cbhk_c-unsplash.jpg	\N	\N	1800	1200	{"large": {"ext": ".jpg", "url": "/uploads/large_guilherme_stecanella_sm_Cn7_Cbhk_c_unsplash_8d9cc8dd3b.jpg", "hash": "large_guilherme_stecanella_sm_Cn7_Cbhk_c_unsplash_8d9cc8dd3b", "mime": "image/jpeg", "name": "large_guilherme-stecanella-smCn7Cbhk_c-unsplash.jpg", "path": null, "size": 89.64, "width": 1000, "height": 667, "sizeInBytes": 89643}, "small": {"ext": ".jpg", "url": "/uploads/small_guilherme_stecanella_sm_Cn7_Cbhk_c_unsplash_8d9cc8dd3b.jpg", "hash": "small_guilherme_stecanella_sm_Cn7_Cbhk_c_unsplash_8d9cc8dd3b", "mime": "image/jpeg", "name": "small_guilherme-stecanella-smCn7Cbhk_c-unsplash.jpg", "path": null, "size": 27.37, "width": 500, "height": 333, "sizeInBytes": 27367}, "medium": {"ext": ".jpg", "url": "/uploads/medium_guilherme_stecanella_sm_Cn7_Cbhk_c_unsplash_8d9cc8dd3b.jpg", "hash": "medium_guilherme_stecanella_sm_Cn7_Cbhk_c_unsplash_8d9cc8dd3b", "mime": "image/jpeg", "name": "medium_guilherme-stecanella-smCn7Cbhk_c-unsplash.jpg", "path": null, "size": 54.83, "width": 750, "height": 500, "sizeInBytes": 54830}, "thumbnail": {"ext": ".jpg", "url": "/uploads/thumbnail_guilherme_stecanella_sm_Cn7_Cbhk_c_unsplash_8d9cc8dd3b.jpg", "hash": "thumbnail_guilherme_stecanella_sm_Cn7_Cbhk_c_unsplash_8d9cc8dd3b", "mime": "image/jpeg", "name": "thumbnail_guilherme-stecanella-smCn7Cbhk_c-unsplash.jpg", "path": null, "size": 7.76, "width": 234, "height": 156, "sizeInBytes": 7758}}	guilherme_stecanella_sm_Cn7_Cbhk_c_unsplash_8d9cc8dd3b	.jpg	image/jpeg	202.94	/uploads/guilherme_stecanella_sm_Cn7_Cbhk_c_unsplash_8d9cc8dd3b.jpg	\N	local	\N	/	2024-06-13 10:55:22.466	2024-06-13 10:55:22.466	1	1
84	diana-simumpande-ABrC7X4_gLY-unsplash.jpg	\N	\N	1800	1350	{"large": {"ext": ".jpg", "url": "/uploads/large_diana_simumpande_A_Br_C7_X4_g_LY_unsplash_bc79b5808f.jpg", "hash": "large_diana_simumpande_A_Br_C7_X4_g_LY_unsplash_bc79b5808f", "mime": "image/jpeg", "name": "large_diana-simumpande-ABrC7X4_gLY-unsplash.jpg", "path": null, "size": 46.39, "width": 1000, "height": 750, "sizeInBytes": 46387}, "small": {"ext": ".jpg", "url": "/uploads/small_diana_simumpande_A_Br_C7_X4_g_LY_unsplash_bc79b5808f.jpg", "hash": "small_diana_simumpande_A_Br_C7_X4_g_LY_unsplash_bc79b5808f", "mime": "image/jpeg", "name": "small_diana-simumpande-ABrC7X4_gLY-unsplash.jpg", "path": null, "size": 16.15, "width": 500, "height": 375, "sizeInBytes": 16152}, "medium": {"ext": ".jpg", "url": "/uploads/medium_diana_simumpande_A_Br_C7_X4_g_LY_unsplash_bc79b5808f.jpg", "hash": "medium_diana_simumpande_A_Br_C7_X4_g_LY_unsplash_bc79b5808f", "mime": "image/jpeg", "name": "medium_diana-simumpande-ABrC7X4_gLY-unsplash.jpg", "path": null, "size": 30.16, "width": 750, "height": 563, "sizeInBytes": 30158}, "thumbnail": {"ext": ".jpg", "url": "/uploads/thumbnail_diana_simumpande_A_Br_C7_X4_g_LY_unsplash_bc79b5808f.jpg", "hash": "thumbnail_diana_simumpande_A_Br_C7_X4_g_LY_unsplash_bc79b5808f", "mime": "image/jpeg", "name": "thumbnail_diana-simumpande-ABrC7X4_gLY-unsplash.jpg", "path": null, "size": 4.38, "width": 208, "height": 156, "sizeInBytes": 4384}}	diana_simumpande_A_Br_C7_X4_g_LY_unsplash_bc79b5808f	.jpg	image/jpeg	92.34	/uploads/diana_simumpande_A_Br_C7_X4_g_LY_unsplash_bc79b5808f.jpg	\N	local	\N	/	2024-06-13 10:58:46.71	2024-06-13 10:58:46.71	1	1
86	samuel-lopes-pzFMIS28csM-unsplash.jpg	\N	\N	1800	1200	{"large": {"ext": ".jpg", "url": "/uploads/large_samuel_lopes_pz_FMIS_28cs_M_unsplash_317b9b6dea.jpg", "hash": "large_samuel_lopes_pz_FMIS_28cs_M_unsplash_317b9b6dea", "mime": "image/jpeg", "name": "large_samuel-lopes-pzFMIS28csM-unsplash.jpg", "path": null, "size": 123.78, "width": 1000, "height": 667, "sizeInBytes": 123776}, "small": {"ext": ".jpg", "url": "/uploads/small_samuel_lopes_pz_FMIS_28cs_M_unsplash_317b9b6dea.jpg", "hash": "small_samuel_lopes_pz_FMIS_28cs_M_unsplash_317b9b6dea", "mime": "image/jpeg", "name": "small_samuel-lopes-pzFMIS28csM-unsplash.jpg", "path": null, "size": 39.86, "width": 500, "height": 333, "sizeInBytes": 39859}, "medium": {"ext": ".jpg", "url": "/uploads/medium_samuel_lopes_pz_FMIS_28cs_M_unsplash_317b9b6dea.jpg", "hash": "medium_samuel_lopes_pz_FMIS_28cs_M_unsplash_317b9b6dea", "mime": "image/jpeg", "name": "medium_samuel-lopes-pzFMIS28csM-unsplash.jpg", "path": null, "size": 78.25, "width": 750, "height": 500, "sizeInBytes": 78245}, "thumbnail": {"ext": ".jpg", "url": "/uploads/thumbnail_samuel_lopes_pz_FMIS_28cs_M_unsplash_317b9b6dea.jpg", "hash": "thumbnail_samuel_lopes_pz_FMIS_28cs_M_unsplash_317b9b6dea", "mime": "image/jpeg", "name": "thumbnail_samuel-lopes-pzFMIS28csM-unsplash.jpg", "path": null, "size": 10.06, "width": 234, "height": 156, "sizeInBytes": 10059}}	samuel_lopes_pz_FMIS_28cs_M_unsplash_317b9b6dea	.jpg	image/jpeg	264.50	/uploads/samuel_lopes_pz_FMIS_28cs_M_unsplash_317b9b6dea.jpg	\N	local	\N	/	2024-06-13 11:03:34.273	2024-06-13 11:03:34.273	1	1
87	ben-white-ReEqHw2GyeI-unsplash.jpg	\N	\N	1800	1202	{"large": {"ext": ".jpg", "url": "/uploads/large_ben_white_Re_Eq_Hw2_Gye_I_unsplash_acfc3ed505.jpg", "hash": "large_ben_white_Re_Eq_Hw2_Gye_I_unsplash_acfc3ed505", "mime": "image/jpeg", "name": "large_ben-white-ReEqHw2GyeI-unsplash.jpg", "path": null, "size": 77.57, "width": 1000, "height": 668, "sizeInBytes": 77565}, "small": {"ext": ".jpg", "url": "/uploads/small_ben_white_Re_Eq_Hw2_Gye_I_unsplash_acfc3ed505.jpg", "hash": "small_ben_white_Re_Eq_Hw2_Gye_I_unsplash_acfc3ed505", "mime": "image/jpeg", "name": "small_ben-white-ReEqHw2GyeI-unsplash.jpg", "path": null, "size": 26.66, "width": 500, "height": 334, "sizeInBytes": 26659}, "medium": {"ext": ".jpg", "url": "/uploads/medium_ben_white_Re_Eq_Hw2_Gye_I_unsplash_acfc3ed505.jpg", "hash": "medium_ben_white_Re_Eq_Hw2_Gye_I_unsplash_acfc3ed505", "mime": "image/jpeg", "name": "medium_ben-white-ReEqHw2GyeI-unsplash.jpg", "path": null, "size": 49.52, "width": 750, "height": 501, "sizeInBytes": 49520}, "thumbnail": {"ext": ".jpg", "url": "/uploads/thumbnail_ben_white_Re_Eq_Hw2_Gye_I_unsplash_acfc3ed505.jpg", "hash": "thumbnail_ben_white_Re_Eq_Hw2_Gye_I_unsplash_acfc3ed505", "mime": "image/jpeg", "name": "thumbnail_ben-white-ReEqHw2GyeI-unsplash.jpg", "path": null, "size": 8.57, "width": 234, "height": 156, "sizeInBytes": 8570}}	ben_white_Re_Eq_Hw2_Gye_I_unsplash_acfc3ed505	.jpg	image/jpeg	168.63	/uploads/ben_white_Re_Eq_Hw2_Gye_I_unsplash_acfc3ed505.jpg	\N	local	\N	/	2024-06-13 11:15:37.788	2024-06-13 11:15:37.788	1	1
88	myriam-zilles-01Dz2QxZGOI-unsplash.jpg	\N	\N	1800	1200	{"large": {"ext": ".jpg", "url": "/uploads/large_myriam_zilles_01_Dz2_Qx_ZGOI_unsplash_e1b78927b9.jpg", "hash": "large_myriam_zilles_01_Dz2_Qx_ZGOI_unsplash_e1b78927b9", "mime": "image/jpeg", "name": "large_myriam-zilles-01Dz2QxZGOI-unsplash.jpg", "path": null, "size": 72.51, "width": 1000, "height": 667, "sizeInBytes": 72509}, "small": {"ext": ".jpg", "url": "/uploads/small_myriam_zilles_01_Dz2_Qx_ZGOI_unsplash_e1b78927b9.jpg", "hash": "small_myriam_zilles_01_Dz2_Qx_ZGOI_unsplash_e1b78927b9", "mime": "image/jpeg", "name": "small_myriam-zilles-01Dz2QxZGOI-unsplash.jpg", "path": null, "size": 21.51, "width": 500, "height": 333, "sizeInBytes": 21506}, "medium": {"ext": ".jpg", "url": "/uploads/medium_myriam_zilles_01_Dz2_Qx_ZGOI_unsplash_e1b78927b9.jpg", "hash": "medium_myriam_zilles_01_Dz2_Qx_ZGOI_unsplash_e1b78927b9", "mime": "image/jpeg", "name": "medium_myriam-zilles-01Dz2QxZGOI-unsplash.jpg", "path": null, "size": 43.13, "width": 750, "height": 500, "sizeInBytes": 43125}, "thumbnail": {"ext": ".jpg", "url": "/uploads/thumbnail_myriam_zilles_01_Dz2_Qx_ZGOI_unsplash_e1b78927b9.jpg", "hash": "thumbnail_myriam_zilles_01_Dz2_Qx_ZGOI_unsplash_e1b78927b9", "mime": "image/jpeg", "name": "thumbnail_myriam-zilles-01Dz2QxZGOI-unsplash.jpg", "path": null, "size": 6.4, "width": 234, "height": 156, "sizeInBytes": 6400}}	myriam_zilles_01_Dz2_Qx_ZGOI_unsplash_e1b78927b9	.jpg	image/jpeg	184.80	/uploads/myriam_zilles_01_Dz2_Qx_ZGOI_unsplash_e1b78927b9.jpg	\N	local	\N	/	2024-06-13 11:16:57.602	2024-06-13 11:16:57.602	1	1
89	lina-trochez-ktPKyUs3Qjs-unsplash.jpg	\N	\N	1800	1202	{"large": {"ext": ".jpg", "url": "/uploads/large_lina_trochez_kt_P_Ky_Us3_Qjs_unsplash_45f7a678ae.jpg", "hash": "large_lina_trochez_kt_P_Ky_Us3_Qjs_unsplash_45f7a678ae", "mime": "image/jpeg", "name": "large_lina-trochez-ktPKyUs3Qjs-unsplash.jpg", "path": null, "size": 36.39, "width": 1000, "height": 668, "sizeInBytes": 36392}, "small": {"ext": ".jpg", "url": "/uploads/small_lina_trochez_kt_P_Ky_Us3_Qjs_unsplash_45f7a678ae.jpg", "hash": "small_lina_trochez_kt_P_Ky_Us3_Qjs_unsplash_45f7a678ae", "mime": "image/jpeg", "name": "small_lina-trochez-ktPKyUs3Qjs-unsplash.jpg", "path": null, "size": 13.59, "width": 500, "height": 334, "sizeInBytes": 13590}, "medium": {"ext": ".jpg", "url": "/uploads/medium_lina_trochez_kt_P_Ky_Us3_Qjs_unsplash_45f7a678ae.jpg", "hash": "medium_lina_trochez_kt_P_Ky_Us3_Qjs_unsplash_45f7a678ae", "mime": "image/jpeg", "name": "medium_lina-trochez-ktPKyUs3Qjs-unsplash.jpg", "path": null, "size": 23.99, "width": 750, "height": 501, "sizeInBytes": 23987}, "thumbnail": {"ext": ".jpg", "url": "/uploads/thumbnail_lina_trochez_kt_P_Ky_Us3_Qjs_unsplash_45f7a678ae.jpg", "hash": "thumbnail_lina_trochez_kt_P_Ky_Us3_Qjs_unsplash_45f7a678ae", "mime": "image/jpeg", "name": "thumbnail_lina-trochez-ktPKyUs3Qjs-unsplash.jpg", "path": null, "size": 4.95, "width": 234, "height": 156, "sizeInBytes": 4952}}	lina_trochez_kt_P_Ky_Us3_Qjs_unsplash_45f7a678ae	.jpg	image/jpeg	71.10	/uploads/lina_trochez_kt_P_Ky_Us3_Qjs_unsplash_45f7a678ae.jpg	\N	local	\N	/	2024-06-13 12:10:53.717	2024-06-13 12:10:53.717	1	1
90	james-coleman-QHRZv6PIW4s-unsplash.jpg	\N	\N	1800	1200	{"large": {"ext": ".jpg", "url": "/uploads/large_james_coleman_QHR_Zv6_PIW_4s_unsplash_e450427d2d.jpg", "hash": "large_james_coleman_QHR_Zv6_PIW_4s_unsplash_e450427d2d", "mime": "image/jpeg", "name": "large_james-coleman-QHRZv6PIW4s-unsplash.jpg", "path": null, "size": 79.16, "width": 1000, "height": 667, "sizeInBytes": 79156}, "small": {"ext": ".jpg", "url": "/uploads/small_james_coleman_QHR_Zv6_PIW_4s_unsplash_e450427d2d.jpg", "hash": "small_james_coleman_QHR_Zv6_PIW_4s_unsplash_e450427d2d", "mime": "image/jpeg", "name": "small_james-coleman-QHRZv6PIW4s-unsplash.jpg", "path": null, "size": 26.48, "width": 500, "height": 333, "sizeInBytes": 26483}, "medium": {"ext": ".jpg", "url": "/uploads/medium_james_coleman_QHR_Zv6_PIW_4s_unsplash_e450427d2d.jpg", "hash": "medium_james_coleman_QHR_Zv6_PIW_4s_unsplash_e450427d2d", "mime": "image/jpeg", "name": "medium_james-coleman-QHRZv6PIW4s-unsplash.jpg", "path": null, "size": 49.8, "width": 750, "height": 500, "sizeInBytes": 49803}, "thumbnail": {"ext": ".jpg", "url": "/uploads/thumbnail_james_coleman_QHR_Zv6_PIW_4s_unsplash_e450427d2d.jpg", "hash": "thumbnail_james_coleman_QHR_Zv6_PIW_4s_unsplash_e450427d2d", "mime": "image/jpeg", "name": "thumbnail_james-coleman-QHRZv6PIW4s-unsplash.jpg", "path": null, "size": 8.58, "width": 234, "height": 156, "sizeInBytes": 8581}}	james_coleman_QHR_Zv6_PIW_4s_unsplash_e450427d2d	.jpg	image/jpeg	173.79	/uploads/james_coleman_QHR_Zv6_PIW_4s_unsplash_e450427d2d.jpg	\N	local	\N	/	2024-06-13 12:10:53.812	2024-06-13 12:10:53.812	1	1
91	guillaume-de-germain-rEVQCk1dqrA-unsplash.jpg	\N	\N	1800	1202	{"large": {"ext": ".jpg", "url": "/uploads/large_guillaume_de_germain_r_EVQ_Ck1dqr_A_unsplash_648f33b8b6.jpg", "hash": "large_guillaume_de_germain_r_EVQ_Ck1dqr_A_unsplash_648f33b8b6", "mime": "image/jpeg", "name": "large_guillaume-de-germain-rEVQCk1dqrA-unsplash.jpg", "path": null, "size": 70.06, "width": 1000, "height": 668, "sizeInBytes": 70061}, "small": {"ext": ".jpg", "url": "/uploads/small_guillaume_de_germain_r_EVQ_Ck1dqr_A_unsplash_648f33b8b6.jpg", "hash": "small_guillaume_de_germain_r_EVQ_Ck1dqr_A_unsplash_648f33b8b6", "mime": "image/jpeg", "name": "small_guillaume-de-germain-rEVQCk1dqrA-unsplash.jpg", "path": null, "size": 22.25, "width": 500, "height": 334, "sizeInBytes": 22245}, "medium": {"ext": ".jpg", "url": "/uploads/medium_guillaume_de_germain_r_EVQ_Ck1dqr_A_unsplash_648f33b8b6.jpg", "hash": "medium_guillaume_de_germain_r_EVQ_Ck1dqr_A_unsplash_648f33b8b6", "mime": "image/jpeg", "name": "medium_guillaume-de-germain-rEVQCk1dqrA-unsplash.jpg", "path": null, "size": 43.67, "width": 750, "height": 501, "sizeInBytes": 43666}, "thumbnail": {"ext": ".jpg", "url": "/uploads/thumbnail_guillaume_de_germain_r_EVQ_Ck1dqr_A_unsplash_648f33b8b6.jpg", "hash": "thumbnail_guillaume_de_germain_r_EVQ_Ck1dqr_A_unsplash_648f33b8b6", "mime": "image/jpeg", "name": "thumbnail_guillaume-de-germain-rEVQCk1dqrA-unsplash.jpg", "path": null, "size": 6.51, "width": 234, "height": 156, "sizeInBytes": 6507}}	guillaume_de_germain_r_EVQ_Ck1dqr_A_unsplash_648f33b8b6	.jpg	image/jpeg	151.82	/uploads/guillaume_de_germain_r_EVQ_Ck1dqr_A_unsplash_648f33b8b6.jpg	\N	local	\N	/	2024-06-13 12:10:53.827	2024-06-13 12:10:53.827	1	1
92	hannah-busing-Zyx1bK9mqmA-unsplash.jpg	\N	\N	1800	1200	{"large": {"ext": ".jpg", "url": "/uploads/large_hannah_busing_Zyx1b_K9mqm_A_unsplash_fc5a627d12.jpg", "hash": "large_hannah_busing_Zyx1b_K9mqm_A_unsplash_fc5a627d12", "mime": "image/jpeg", "name": "large_hannah-busing-Zyx1bK9mqmA-unsplash.jpg", "path": null, "size": 91.82, "width": 1000, "height": 667, "sizeInBytes": 91818}, "small": {"ext": ".jpg", "url": "/uploads/small_hannah_busing_Zyx1b_K9mqm_A_unsplash_fc5a627d12.jpg", "hash": "small_hannah_busing_Zyx1b_K9mqm_A_unsplash_fc5a627d12", "mime": "image/jpeg", "name": "small_hannah-busing-Zyx1bK9mqmA-unsplash.jpg", "path": null, "size": 29.71, "width": 500, "height": 333, "sizeInBytes": 29712}, "medium": {"ext": ".jpg", "url": "/uploads/medium_hannah_busing_Zyx1b_K9mqm_A_unsplash_fc5a627d12.jpg", "hash": "medium_hannah_busing_Zyx1b_K9mqm_A_unsplash_fc5a627d12", "mime": "image/jpeg", "name": "medium_hannah-busing-Zyx1bK9mqmA-unsplash.jpg", "path": null, "size": 57.25, "width": 750, "height": 500, "sizeInBytes": 57250}, "thumbnail": {"ext": ".jpg", "url": "/uploads/thumbnail_hannah_busing_Zyx1b_K9mqm_A_unsplash_fc5a627d12.jpg", "hash": "thumbnail_hannah_busing_Zyx1b_K9mqm_A_unsplash_fc5a627d12", "mime": "image/jpeg", "name": "thumbnail_hannah-busing-Zyx1bK9mqmA-unsplash.jpg", "path": null, "size": 8.89, "width": 234, "height": 156, "sizeInBytes": 8888}}	hannah_busing_Zyx1b_K9mqm_A_unsplash_fc5a627d12	.jpg	image/jpeg	205.88	/uploads/hannah_busing_Zyx1b_K9mqm_A_unsplash_fc5a627d12.jpg	\N	local	\N	/	2024-06-13 12:10:53.847	2024-06-13 12:10:53.847	1	1
93	ben-white-1urNubNAQbI-unsplash.jpg	\N	\N	1800	1202	{"large": {"ext": ".jpg", "url": "/uploads/large_ben_white_1ur_Nub_NA_Qb_I_unsplash_532f1eb48c.jpg", "hash": "large_ben_white_1ur_Nub_NA_Qb_I_unsplash_532f1eb48c", "mime": "image/jpeg", "name": "large_ben-white-1urNubNAQbI-unsplash.jpg", "path": null, "size": 69.99, "width": 1000, "height": 668, "sizeInBytes": 69986}, "small": {"ext": ".jpg", "url": "/uploads/small_ben_white_1ur_Nub_NA_Qb_I_unsplash_532f1eb48c.jpg", "hash": "small_ben_white_1ur_Nub_NA_Qb_I_unsplash_532f1eb48c", "mime": "image/jpeg", "name": "small_ben-white-1urNubNAQbI-unsplash.jpg", "path": null, "size": 23.07, "width": 500, "height": 334, "sizeInBytes": 23073}, "medium": {"ext": ".jpg", "url": "/uploads/medium_ben_white_1ur_Nub_NA_Qb_I_unsplash_532f1eb48c.jpg", "hash": "medium_ben_white_1ur_Nub_NA_Qb_I_unsplash_532f1eb48c", "mime": "image/jpeg", "name": "medium_ben-white-1urNubNAQbI-unsplash.jpg", "path": null, "size": 43.39, "width": 750, "height": 501, "sizeInBytes": 43390}, "thumbnail": {"ext": ".jpg", "url": "/uploads/thumbnail_ben_white_1ur_Nub_NA_Qb_I_unsplash_532f1eb48c.jpg", "hash": "thumbnail_ben_white_1ur_Nub_NA_Qb_I_unsplash_532f1eb48c", "mime": "image/jpeg", "name": "thumbnail_ben-white-1urNubNAQbI-unsplash.jpg", "path": null, "size": 7.37, "width": 234, "height": 156, "sizeInBytes": 7367}}	ben_white_1ur_Nub_NA_Qb_I_unsplash_532f1eb48c	.jpg	image/jpeg	163.65	/uploads/ben_white_1ur_Nub_NA_Qb_I_unsplash_532f1eb48c.jpg	\N	local	\N	/	2024-06-13 12:10:54.245	2024-06-13 12:10:54.245	1	1
94	ben-white-08swtCO0Syg-unsplash.jpg	\N	\N	1800	1202	{"large": {"ext": ".jpg", "url": "/uploads/large_ben_white_08swt_CO_0_Syg_unsplash_beb3e80448.jpg", "hash": "large_ben_white_08swt_CO_0_Syg_unsplash_beb3e80448", "mime": "image/jpeg", "name": "large_ben-white-08swtCO0Syg-unsplash.jpg", "path": null, "size": 105.44, "width": 1000, "height": 668, "sizeInBytes": 105439}, "small": {"ext": ".jpg", "url": "/uploads/small_ben_white_08swt_CO_0_Syg_unsplash_beb3e80448.jpg", "hash": "small_ben_white_08swt_CO_0_Syg_unsplash_beb3e80448", "mime": "image/jpeg", "name": "small_ben-white-08swtCO0Syg-unsplash.jpg", "path": null, "size": 36.31, "width": 500, "height": 334, "sizeInBytes": 36308}, "medium": {"ext": ".jpg", "url": "/uploads/medium_ben_white_08swt_CO_0_Syg_unsplash_beb3e80448.jpg", "hash": "medium_ben_white_08swt_CO_0_Syg_unsplash_beb3e80448", "mime": "image/jpeg", "name": "medium_ben-white-08swtCO0Syg-unsplash.jpg", "path": null, "size": 68.09, "width": 750, "height": 501, "sizeInBytes": 68094}, "thumbnail": {"ext": ".jpg", "url": "/uploads/thumbnail_ben_white_08swt_CO_0_Syg_unsplash_beb3e80448.jpg", "hash": "thumbnail_ben_white_08swt_CO_0_Syg_unsplash_beb3e80448", "mime": "image/jpeg", "name": "thumbnail_ben-white-08swtCO0Syg-unsplash.jpg", "path": null, "size": 11.29, "width": 234, "height": 156, "sizeInBytes": 11291}}	ben_white_08swt_CO_0_Syg_unsplash_beb3e80448	.jpg	image/jpeg	222.57	/uploads/ben_white_08swt_CO_0_Syg_unsplash_beb3e80448.jpg	\N	local	\N	/	2024-06-13 12:10:54.294	2024-06-13 12:15:42.791	1	1
\.


--
-- TOC entry 3458 (class 0 OID 17273)
-- Dependencies: 219
-- Data for Name: files_folder_links; Type: TABLE DATA; Schema: public; Owner: postgres
--

COPY public.files_folder_links (id, file_id, folder_id, file_order) FROM stdin;
\.


--
-- TOC entry 3461 (class 0 OID 17280)
-- Dependencies: 222
-- Data for Name: files_related_morphs; Type: TABLE DATA; Schema: public; Owner: postgres
--

COPY public.files_related_morphs (id, file_id, related_id, related_type, field, "order") FROM stdin;
76	37	11	api::new.new	cover	1
77	38	12	api::new.new	cover	1
78	39	13	api::new.new	cover	1
79	40	14	api::new.new	cover	1
80	41	15	api::new.new	cover	1
81	42	16	api::new.new	cover	1
82	43	17	api::new.new	cover	1
115	76	27	api::event.event	cover	1
116	77	28	api::event.event	cover	1
117	78	29	api::event.event	cover	1
118	79	30	api::event.event	cover	1
119	80	31	api::event.event	cover	1
120	81	32	api::event.event	cover	1
121	82	33	api::event.event	cover	1
122	83	34	api::event.event	cover	1
123	84	50	api::new.new	cover	1
124	85	51	api::new.new	cover	1
125	86	52	api::new.new	cover	1
126	87	35	api::event.event	cover	1
127	88	36	api::event.event	cover	1
128	94	2	api::group.group	cover	1
131	89	5	api::group.group	cover	1
132	92	6	api::group.group	cover	1
134	91	4	api::group.group	cover	1
136	93	3	api::group.group	cover	1
138	90	7	api::group.group	cover	1
\.


--
-- TOC entry 3512 (class 0 OID 24632)
-- Dependencies: 273
-- Data for Name: groups; Type: TABLE DATA; Schema: public; Owner: postgres
--

COPY public.groups (id, title, description, slug, created_at, updated_at, created_by_id, updated_by_id) FROM stdin;
2	Legio de Maria	A Legio de Maria  um grupo de leigos devotos que se dedicam  evangelizao e ao servio na comunidade, inspirados pela Virgem Maria. Renem-se regularmente para orao, estudo e apoio mtuo na vivncia da f catlica.	legiao-de-maria	2024-06-13 12:15:48.618	2024-06-13 12:15:48.618	1	1
5	Comunidade Shalom	A Comunidade Shalom  uma comunidade catlica de vida consagrada que se dedica  evangelizao, educao e promoo da paz. Seus membros vivem em comunidade, compartilhando a vida em orao, servio aos necessitados e formao espiritual.	comunidade-shalom	2024-06-13 12:16:57.325	2024-06-13 12:16:57.325	1	1
6	Opus Dei	O Opus Dei  uma prelazia pessoal da Igreja Catlica que promove a busca da santidade atravs do trabalho dirio e da vida ordinria. Seus membros so leigos e sacerdotes que buscam integrar sua vida profissional e familiar com a f catlica.	opus-dei	2024-06-13 12:17:21.572	2024-06-13 12:17:21.572	1	1
4	Cristandade	Os Cursilhos de Cristandade so encontros de formao espiritual que buscam fortalecer a f dos participantes e capacit-los para serem lderes cristos ativos em suas comunidades. O movimento promove a espiritualidade atravs de palestras, partilhas e momentos de orao intensa.	cristandade	2024-06-13 12:16:39.69	2024-06-13 12:47:42.045	1	1
3	Renovao Carismtica	A Renovao Carismtica Catlica  um movimento dentro da Igreja que enfatiza a experincia pessoal do Esprito Santo e a renovao espiritual atravs dos dons carismticos. Seus membros participam de retiros, grupos de orao e eventos de evangelizao.	renovacao-carismatica	2024-06-13 12:16:19.711	2024-06-13 12:48:26.055	1	1
7	Fraternidade Jesus	A Fraternidade Sacerdotal Jesus Cristo Sacerdote  uma associao de padres diocesanos que se dedicam  formao espiritual e ao apostolado. Eles vivem em fraternidade e colaboram estreitamente com os fiis em suas parquias e dioceses.	fraternidade-jesus	2024-06-13 12:17:38.279	2024-06-13 12:49:11.059	1	1
\.


--
-- TOC entry 3463 (class 0 OID 17288)
-- Dependencies: 224
-- Data for Name: i18n_locale; Type: TABLE DATA; Schema: public; Owner: postgres
--

COPY public.i18n_locale (id, name, code, created_at, updated_at, created_by_id, updated_by_id) FROM stdin;
1	English (en)	en	2024-03-04 13:05:04.456	2024-03-04 13:05:04.456	\N	\N
2	Portuguese (Brazil) (pt-BR)	pt-BR	2024-03-05 07:00:02.774	2024-03-05 07:00:02.774	1	1
\.


--
-- TOC entry 3508 (class 0 OID 24579)
-- Dependencies: 269
-- Data for Name: news; Type: TABLE DATA; Schema: public; Owner: postgres
--

COPY public.news (id, title, content, date, slug, created_at, updated_at, created_by_id, updated_by_id) FROM stdin;
11	Snodo, iniciam-se os trabalhos para o Instrumentum laboris 2	Com o documento Rumo a outubro de 2024, enviado em dezembro do ano passado a todos os bispos do mundo, a Secretaria Geral do Snodo pediu s Igrejas locais e aos grupos de Igrejas que aprofundassem alguns aspectos do Relatrio Sntese que so fundamentais para o tema do Snodo, partindo de uma pergunta orientadora de todo o processo sinodal: COMO ser uma Igreja sinodal em misso? Nos ltimos meses, as Igrejas locais individuais realizaram seu trabalho enviando suas contribuies por meio das Conferncias Episcopais, das Igrejas Catlicas Orientais e das Reunies Internacionais das Conferncias Episcopais.\n\n**Grech: Igreja sinodal realidade viva**\nEstou particularmente impressionado ao ver o envolvimento de toda a comunidade da Igreja nesse longo processo de discernimento, disse o cardeal Mario Grech, secretrio geral da Secretaria Geral do Snodo. Alm das reflexes decorrentes do trabalho sobre o Relatrio Sntese da Primeira Sesso, o material recebido frequentemente acrescenta verdadeiros testemunhos sobre como as Igrejas particulares no apenas entendem a sinodalidade, mas j a esto colocando em prtica. A Igreja sinodal no  um sonho a ser realizado, mas j  uma realidade viva que gera criatividade e novos modelos relacionais dentro da mesma comunidade local ou entre diferentes Igrejas ou grupos de Igrejas.\n\n**Contribuies de USG e UISG e dos procos**\nA Secretaria Geral do Snodo tambm recebeu contribuies da USG-UISG e um nmero congruente de comentrios de realidades internacionais, faculdades universitrias, associaes de fiis ou de comunidades singulares e indivduos. Outra fonte significativa de reflexo sero as reflexes apresentadas pelos procos durante a sesso de trabalho de trs dias da recente reunio dos Procos para o Snodo.\nA partir de tera-feira, 4 de junho de 2024, o grupo de telogos, especialistas de vrias disciplinas (dogmtica, eclesiologia, teologia pastoral, direito cannico, etc.), analisar todo esse material. No estamos deixando nada ao acaso. Cada documento ser lido cuidadosamente com o objetivo de propor um texto no final do processo que reflita o trabalho, as perguntas e as intuies recebidas das bases, diz o cardeal Grech.\n\n**Anlise inicial**\nPapa promove grupos de estudo sobre temas levantados no Snodo\nPor sua vez, o padre Giacomo Costa, secretrio especial da XVI Assembleia, especifica: Ainda no se trata de redigir o Instrumentum laboris para a Segunda Sesso do Snodo sobre a Sinodalidade, mas sim de realizar uma anlise inicial dos relatrios e das boas prticas implementadas pelas comunidades locais, e um discernimento em comum sobre as questes e as reflexes teolgicas, a fim de preparar o caminho para a redao do Instrumentum laboris\n\nO trabalho dessa equipe internacional, que est sendo realizado a portas fechadas, comeou com um retiro espiritual de meio dia e continuar at o prximo dia 13 de junho. Os dias sero marcados por diferentes momentos de trabalho (individual, em sesso plenria e em grupos). A celebrao diria da Eucaristia e os momentos de orao pessoal garantiro que o trabalho ocorra na atmosfera necessria para o discernimento.\n\n**Prximas etapas**\nO processo de redao do Instrumentum Laboris continuar em outras etapas: uma vez que a estrutura do futuro documento tenha sido identificada por meio da articulao do material recebido pelos telogos, o Conselho Ordinrio realizar um discernimento inicial do que foi redigido. Em seguida, haver as etapas de redao do documento propriamente dito e um sistema de verificao abrangente at a aprovao pelo Conselho Ordinrio do documento a ser apresentado ao Santo Padre para aprovao final.\n\nEspera-se que o texto seja publicado nos primeiros dez dias de julho. Informaes sobre isso sero fornecidas em tempo oportuno.	2024-06-06	sinodo-iniciam-se-os-trabalhos-para-o-instrumentum-laboris-2	2024-06-11 12:28:11.259	2024-06-11 12:28:11.259	1	1
12	frica Central, quando uma Porta Santa se abriu para o mundo	 tarde e a noite se prepara lentamente para chegar, tingindo o cu de rosa e dourado. A porta da Catedral de Notre-Dame em Bangui se abre, empurrada por duas mos firmes. A figura de Francisco est de p, vigorosa. Muitos anos se passaram desde aquele 29 de novembro de 2015, o primeiro dia do Advento e a data de incio do Jubileu Extraordinrio da Misericrdia, que foi inaugurado, antecipadamente, em um lugar igualmente extraordinrio, na capital da frica Central. Pela primeira vez na histria, a abertura da Porta Santa no se realiza na Baslica de So Pedro, no tmulo do Apstolo, no centro do mundo cristo, mas em um lugar remoto, para muitos desconhecido.\nCapital espiritual\nA frica Central  um dos pases mais sangrentos e divididos do mundo. O Papa o escolheu justamente por esse motivo, para levar misericrdia e uma mensagem de paz a uma terra que est sofrendo h vrios anos com a guerra e o dio, a incompreenso e a falta de paz. Mas nessa terra sofrida h tambm todos os pases que esto passando atravs da cruz da guerra. Bangui se torna a capital espiritual da orao pela misericrdia do Pai. Todos ns pedimos paz, misericrdia, reconciliao, perdo, amor. Por Bangui, por toda a Repblica Centro-Africana, por todo o mundo, pelos pases que esto sofrendo com a guerra, pedimos paz!", disse o Papa na praa da igreja, depois de sair de um papamvel, desprovido de qualquer proteo contra possveis perigos, onde o im tambm concordou em se sentar.\nUm gesto universal compreendido por todos\nUma tradio antiga  transferida para um pas jovem. O significado de abrir a Porta Santa e cruzar o limiar est enraizado em um simbolismo ancestral que, em Bangui, se ramifica e d novos frutos. Ele est revestido de futuro. O gesto do Papa Francisco foi revolucionrio porque, em um lugar fechado, cheio de barreiras, ele abre uma porta para a esperana, convida as pessoas a entrarem para encontrar misericrdia e paz, para encontrar Cristo e serem transformadas. Ele traduz de forma crist uma metfora compreensvel para todos, em qualquer lugar do mundo, de qualquer tradio, religio, experincia e histria. Todos entendem que se trata de um rito de passagem fundamental e sagrado.\n\nA linha de fronteira, o limes latim, ponto final, fechamento,  transformada em limen, limiar, abertura. Talvez no seja coincidncia o fato de duas palavras opostas conterem a mesma raiz, mas  interessante lembrar o fato de que, na linguagem eclesistica, a visitatio ad limina apostolorum  a visita dos peregrinos aos tmulos dos apstolos Pedro e Paulo, que remonta aos primeiros sculos da Igreja, mais tarde estendida aos bispos. Tudo fala de Jubileu.\n\nPortas Santas em toda parte\nNaquele ano de Misericrdia, muitas Portas Santas foram abertas em todo o mundo, quase um sistema solar composto por milhares de estrelas brilhantes espalhadas pela Terra, mesmo nos lugares mais remotos. Foi uma grande oportunidade, um presente dado a todos, mesmo queles que, por vrios motivos, no podiam se locomover e viajar. Foi um jubileu extraordinrio que pde ser vivenciado em todas as igrejas locais, permitindo que aqueles que quisessem vivenciar plenamente o evento, fazer a peregrinao e atravessar a Porta da Misericrdia em sua prpria diocese.\n\nUma esperana que vem de Roma\nO cardeal Dieudonn Nzapalainga, ento arcebispo de Bangui,  um dos intrpretes nodais de seu pas. Sua histria  de f e de uma rdua luta pela paz, lembrando o ttulo de seu livro na verso italiana, publicado pela Livraria Editora Vaticana em 2022. O cardeal centro-africano compartilhou com a mdia vaticana, aos microfones de Jean Charles Putzolu, a memria daqueles dias e as consequncias benficas da visita do Papa  frica Central.\nGostaria de lev-los de volta ao dia 29 de novembro de 2015, o primeiro domingo do Advento, quando o Papa Francisco abriu a Porta Santa do Jubileu da Misericrdia. Foi em Bangui, na Repblica Centro-Africana, portanto, em seu pas: uma tradio muito antiga chegando a um pas jovem. Em sua opinio, qual foi o significado desse gesto para todos os centro-africanos?\n um gesto nico na histria no apenas da Igreja universal, mas tambm da nossa Igreja.\n\nPorque ns, centro-africanos, diante da violncia, do sofrimento e da morte, encontrando-nos vivendo em um estado de absurdo, sentimos a esperana que veio de Roma por meio do homem de Deus, o Papa, que veio para aplacar, para trazer paz, tranquilidade e perdo, para trazer reconciliao, convidando ns, centro-africanos, a abrir as portas de nossos coraes, cheios de dio, rancor e vingana, para que pudssemos nos enfrentar.  por isso que ele mesmo disse para depormos nossas armas: leve a justia, leve o amor. Acredito que seu gesto ser sempre lembrado aqui na Repblica Centro-Africana. Muulmanos, protestantes, catlicos, todos ns somos unnimes em dizer que sua chegada foi salutar.\n\nE o Papa de fato chegou. Ela se lembrou dessa mensagem, desse chamado para depor as armas. Havia uma enorme tenso at quase dois dias antes de sua chegada a Bangui. Houve mais tenso desde ento? Essa mensagem foi ouvida? A mensagem do Papa foi ouvida e atendida? As armas ficaram em silncio?\nAcho que a mensagem foi ouvida. Passamos seis meses desde a partida do Papa como se estivssemos em um pas normal, algo impensvel at dois dias antes de sua chegada. Sua chegada aliviou a presso. Vimos muulmanos saindo de seus enclaves para se juntarem a seus irmos e irms catlicos no estdio, para participar da grande celebrao. As pessoas iam e vinham. O Km 5 [marco 5] era considerado um local onde havia muitas armas e, portanto, no se podia entrar. Mas fui at l com os cristos para acompanhar o Papa, dizendo aos muulmanos: vamos caminhar juntos!\n\nO Papa veio de Roma para a Repblica Centro-Africana, os cristos de Bangui deixaram nossos bairros para ir ao encontro de nossos irmos, caminhando pela paz. Bem, ns marchamos e continuamos a faz-lo desde aquele dia. Um lder rebelde nos disse que deveramos conversar sobre espiritualidade com os ims. Os ims organizaram uma grande reunio para pedir aos lderes rebeldes que depusessem suas armas e muita coisa mudou desde ento. Isso tambm foi resultado da visita do Papa.\n\nOs ims realizaram um grande encontro para pedir aos lderes rebeldes que deponham as armas e isso mudou muito. Esse tambm foi o resultado da visita do Papa, que nos deu um empurro, nos fez recomear e agora estamos vendo os resultados. Hoje as armas no circulam mais como antes.\n\nEm sua opinio, quais foram os outros frutos desse evento?\nForam os encontros entre jovens muulmanos e jovens cristos. Encontros bastante regulares entre mulheres muulmanas e mulheres crists, e entre ns, lderes. H pouco tempo, em maro, uma mesquita a 250 quilmetros daqui foi vandalizada. O im, o pastor protestante e eu falamos ao corao de nossos fiis para desarm-los e convid-los a cooperar, respeitar, valorizar e respeitar o local. Esse, em minha opinio,  o fruto dessa passagem. Agora tambm pedimos que a justia seja feita. Isso significa que aqueles que perderam suas casas devem poder recuper-las, o que significa que aqueles que moram na casa do vizinho h muito tempo devem ter a gentileza de sair. E ns, lderes religiosos, trabalhamos com o corao. H alguns que saem para deixar a casa para os proprietrios sem passar pelos tribunais ou pelo Estado. Portanto, acho que isso tambm  proveitoso. Agora os coraes esto dispostos e podemos conversar, podemos imaginar um futuro comum.\nQuando o senhor diz que eles saem de casa,  porque eles realmente a devolvem ao seu legtimo proprietrio, certo?\nExatamente isso.\n\nEm um nvel mais pessoal, Vossa Eminncia, quais so suas lembranas mais fortes e talvez mais vvidas daquele perodo?\n\nA lembrana mais vvida  a de entrar no quilmetro 5 dois dias antes: era impossvel atravessar o posto de controle. Eu estava l. Vi com meus prprios olhos: o Papa escolheu ir em um veculo no blindado, mas em campo aberto. Todos sabiam que havia muitas armas no local. Francisco teve a coragem de ir at l e vimos que o im tambm concordou em ir no papamvel. Essa  a imagem mais forte. Quando sa para ir ao estdio, vi muulmanos saindo em massa, arriscando suas vidas. Foi sua f que os levou a sair. Um im nos disse: 'O Papa no veio para vocs, cristos, mas para ns, muulmanos. Estvamos no enclave, estvamos na escravido. Ele nos libertou!\n\nEminncia, uma ltima pergunta: o senhor se tornou inseparvel do Im... entre cristos e muulmanos e tambm com os protestantes. Vocs realizam iniciativas juntos quase diariamente. Esse  outro fruto.  claro que  o resultado de seu trabalho, mas tambm  o resultado da visita do Papa...\n\nA visita do papa nos confortou, incentivou e apoiou nesse trabalho. E fomos ns trs que pedimos a ele que viesse  Repblica Centro-Africana. Acho que todos ns somos gratos a ele. Esse  o fruto de sua passagem.\n\nO Jubileu de 2025. Como esto se preparando para ele?\nO Jubileu de 2025  um momento importante para a Igreja. Bem, j esto sendo criados grupos aqui para refletir, orar, reunir-se e tambm para ver como, localmente, viveremos esse momento. Este ano celebraremos 130 anos de evangelizao na Repblica Centro-Africana e, ao mesmo tempo, estaremos caminhando para 2025, que est logo ali, e estamos trabalhando em ambos. Portanto, acho que h muito entusiasmo. Eu estava com um grupo de jovens que se encontrava na igreja em massa e dissemos uns aos outros: este  um momento importante porque  um momento de graa, mas tambm  um momento complicado e elevado. No podemos deixar passar esse momento favorvel.	2024-06-04	africa-central-quando-uma-porta-santa-se-abriu-para-o-mundo	2024-06-11 12:37:53.067	2024-06-11 12:37:53.067	1	1
13	Encontro anual com Moderadores das associaes de fiis, movimentos eclesiais e novas comunidades	O Dicastrio para os Leigos, a Famlia e a Vida comunicou nesta tera-feira, 11, o Encontro anual com os Moderadores das associaes de fiis, movimentos eclesiais e novas comunidades, reunindo 200 participantes, ser realizado no dia 13 de junho de 2024 na Sala Nova do Snodo, no Vaticano. \n\nO tema do Encontro ser O desafio da sinodalidade para a misso. Pelo do Snodo sobre a Sinodalidade, a Igreja tem vivido um tempo de consulta, reflexo e dilogo para implementar plenamente a sua dimenso sinodal, que faz parte da sua natureza de mistrio de comunho,  imagem da comunho trinitria.\n\nO Encontro deste ano com os Moderadores de associaes internacionais visa destacar alguns exemplos de estruturas e prticas sinodais j experimentadas em associaes e movimentos que podem servir de exemplo e estmulo para toda a Igreja. Entre eles, constam a partilha da vida de f em pequenos grupos ou pequenas comunidades, o discernimento comunitrio, a corresponsabilidade de leigos e ministros ordenados no exerccio de funes de governo, o envolvimento de casais casados e jovens na evangelizao, na ao caritativa e social, etc.\n\nOs participantes do Encontro Anual com os Moderadores tambm sero convidados a refletir sobre todas as dimenses sinodais que apresentam novos desafios ao crescimento das associaes e movimentos.\n\nO tema insere-se no propsito eclesial ltimo, que  sempre o da misso, o nico capaz de dar pleno sentido, concretude e eficcia ao caminho sinodal.\n\nO dia ter incio com a celebrao da Santa Missa na Baslica de So Pedro, presidida pelo cardeal Kevin Farrell, prefeito do Dicastrio para os Leigos, a Famlia e a Vida. Os participantes sero, a seguir, recebidos em audincia pelo Santo Padre Francisco.\n\nAps as boas-vindas do cardeal Kevin Farrell, o programa incluir duas palestras principais. O Prof. Dr. Rafael Luciani, professor da Universidade Catlica Andrs Bello (Venezuela), apresentar o tema "Misso como o fim da sinodalidade", e a Dr. Elisa Lisiero, funcionria do Dicastrio, convidar os participantes a refletir sobre a sinodalidade na experincia dos movimentos.\n\nAmplos momentos de partilha e espaos para perguntas e intervenes livres dos participantes caracterizaro, como sempre, o Encontro.\n\nComo nos anos anteriores, esto convidadas para o Encontro Anual com os Moderadores todas e apenas as cento e dezessete associaes internacionais de fiis, privadas e pblicas, e outras entidades com personalidade jurdica, sobre as quais o Dicastrio tem competncia direta, e cuja vida e desenvolvimento acompanha (cf. PE, n. 134). \n\nNo site do Dicastrio (www.laityfamilylife.va), est disponvel o Repertrio atualizado com a lista e os contatos de associaes, movimentos eclesiais e novas comunidades.\n\nModalidades de credenciamento e participao\n \nOs jornalistas e profissionais da comunicao que desejarem participar dos eventos abertos  imprensa devem enviar solicitao, at s 12h do dia 12 de junho, exclusivamente por meio do sistema de credenciamento on-line da Sala de Imprensa da Santa S, para: https://press.vatican.va/accreditamenti\n\nOs jornalistas e profissionais de comunicao que receberem a confirmao de participao podero:\n\n- acompanhar a sesso de abertura do dia 13 de junho, das 11h s 13h15. (Ao chegar na Aula Nova do Snodo, dirigir-se  recepo e solicitar para serem recebidos pela equipe do DLFV);\n- entrevistar os participantes que se disponibilizarem, exclusivamente nos intervalos previstos pelo programa. 	2024-05-15	encontro-anual-com-moderadores-das-associacoes-de-fieis-movimentos-eclesiais-e-novas-comunidades	2024-06-11 12:43:13.88	2024-06-11 12:43:13.88	1	1
14	Paglia: a Igreja proftica na luta contra a pena de morte no mundo	A esperana  que o exemplo se espalhe e que os pases que abandonaram a pena de morte, seja por meio da abolio ou de uma moratria, possam inspirar aqueles que ainda a praticam. O arcebispo Vincenzo Paglia, presidente da Pontifcia Academia para a Vida, comenta assim os dados do relatrio 2023 da Anistia Internacional sobre a pena capital no mundo, que destaca como o grande nmero de execues , na verdade, produzido por um pequeno grupo de pases. No ano passado, foram registradas 1.153 execues conhecidas, um nmero que marca um aumento de 30% em relao a 2022, um nmero to alto como nunca antes nos ltimos dez anos, atribuvel, no entanto, a um pequeno nmero de pases em comparao com o passado, 16 no total, decididamente o menor at agora registrado, explica a Anistia. Mais uma vez, este ano, o ranking mostra o Ir e a Arbia Saudita no topo da lista, com 89% do nmero total de execues, mas faltam os nmeros de pases como China, Coreia do Norte e Vietn, que no divulgam dados.\n\nDom Paglia, o Relatrio 2023 da Anistia Internacional indica que ainda h grandes nmeros sobre a pena de morte, mas que, na realidade, apenas uma pequena minoria de pases a aplica. A esperana da organizao  que esses pases acompanhem a evoluo dos tempos e possam abolir essa punio de uma vez por todas...\n claro que acredito que o que o relatrio diz mostra um aspecto positivo no sentido de que o nmero de pases que suspendem a punio, que a abolem, est aumentando, o problema  que alguns desses estados infelizmente intensificam essa crueldade e espero que o exemplo que est se espalhando, tambm possa ajudar a derrotar esse flagelo, por exemplo, em alguns pases como a Repblica Democrtica do Congo, onde ela tambm foi reintroduzida recentemente. Eu realmente espero que essa ferramenta, que est cada vez mais emergindo em sua crueldade, seja abolida. E estou convencido de que o progresso nos ajudar nesse sentido. Minha preocupao est em outra perspectiva, e  sobre a liberao, se assim posso dizer, da guerra, das armas, de uma sensibilidade que confia precisamente s armas o que a poltica deve fazer. Essa  a preocupao mais sria que sinto neste momento de fazer vincular em vez disso, a um progresso positivo que existe em outra perspectiva.\n\nTrata-se de um progresso que a Igreja sempre olhou com muita ateno e com auspcios: a Igreja ensina que a pena de morte  inadmissvel sob qualquer ponto de vista...\n uma bela profecia, j que nos lembramos de So Joo Paulo II na dcada de 1990, quando ele intercedia sempre que havia a necessidade de bloquear, restringir, adiar ou abolir. At a declarao muito lcida do Papa Francisco, que chegou ao ponto de transformar o Catecismo, reiterado agora no ltimo documento Dignitas Infinita com grande clareza. E posso dar um pequeno testemunho meu. Lembro-me de quando, na dcada de 1990, tentamos, com a Comunidade de Santo Egdio, instar o episcopado estadunidense a se envolver nesse campo e fomos cautelosamente contidos. Na semana passada, estive nos Estados Unidos, e h um movimento de cristos contra a pena de morte, apoiado pelo episcopado, e esse  um pequeno grande exemplo de como essa perspectiva da Igreja Catlica est realmente a servio de um novo humanismo em que dignidade significa respeito e proteo a todas as vidas humanas.\n\n como disse Bento XVI quando chamou a ateno de todos os lderes das sociedades para a necessidade de fazer todo o possvel para eliminar a pena de morte. Ratzinger, antes ainda Joo Paulo II, depois o Papa Francisco, uma nica voz contra a pena capital...\nSim, parece-me que o Magistrio da Igreja est agora claramente expresso nessa perspectiva, e isso obviamente d esperana: a concordncia e a fora em enfatizar a oposio da Igreja a essa incrvel crueldade, que as Escrituras j haviam interditado desde o tempo de Caim. Essa profecia de todo o Magistrio, o Papa Bento XVI tambm fez bem em nos lembrar, creio que  realmente como est escrito no Evangelho, aquela semente colocada na terra e, eu diria, quer o agricultor durma ou vigie, essa semente certamente produzir seu fruto.  uma grande esperana, porque  uma verdade to bela, uma verdade to forte que, em minha opinio,  realmente incontrolvel.	2024-04-24	paglia-a-igreja-profetica-na-luta-contra-a-pena-de-morte-no-mundo	2024-06-11 12:46:23.435	2024-06-11 12:46:23.435	1	1
15	Santa S defende cancelamento da dvida de pequenos Estados insulares	O discurso do chefe da delegao da Santa S, dom Robert Murphy, por ocasio do debate geral da 4 Conferncia Internacional sobre Pequenos Estados Insulares em Desenvolvimento que termina hoje, 30 de maio, em Saint John's, Antgua.\nL'Osservatore Romano\n"Exortamos os Estados desenvolvidos a considerarem o cancelamento da dvida como um fator de prosperidade resiliente". Foi o que destacou em seu discurso dom Robert Murphy, chefe da delegao da Santa S, por ocasio do debate geral da 4 Conferncia Internacional sobre Pequenos Estados Insulares em Desenvolvimento (SIDS4), que se realiza de 27 a 30 de maio de 2024 em Antgua e Barbuda, sob o tema Traando o rumo para uma prosperidade resiliente.\n\nA busca do desenvolvimento sustentvel  essencial para a prosperidade futura de todos os Sids, afirmou o prelado; no entanto, estes deparam-se com "o crescente peso da dvida", que "os fora a fazerem escolhas insustentveis entre os crescentes pagamentos de juros ou a alocao de recursos para investir em sade, educao, sistemas de proteo social e infra-estruturas", com adicionais dificuldades diante de "problemas urgentes como a erradicao da pobreza e as alteraes climticas".\n\nImperativo moral\n \nNa defesa, portanto, de uma abordagem corajosa da dvida, dom Murphy reiterou, na esteira do Papa Francisco, que o seu cancelamento no  apenas uma questo de poltica econmica ou de desenvolvimento, mas sim um imperativo moral fundado nos princpios da justia e solidariedade."\n\nPor ltimo, o representante da Santa S sublinha que as alteraes climticas, a eroso costeira e a perda de biodiversidade dificultam o desenvolvimento dos Sids, representando para eles tambm uma ameaa existencial.\n\nNeste sentido, os votos de que seja implementado em tempo hbil um ndice de vulnerabilidade multidimensional, de modo a fortalecer a ao no caminho para um futuro sustentvel para todos.	2024-03-16	santa-se-defende-cancelamento-da-divida-de-pequenos-estados-insulares	2024-06-11 12:49:09.477	2024-06-11 12:49:09.477	1	1
16	Comunicado da Sala de Imprensa da Santa S sobre Plenria do Comit Moneyval	Como  de conhecimento, o resultado desse Relatrio foi amplamente positivo e, portanto, a Santa S (incluindo o Estado da Cidade do Vaticano) foi submetida a um processo de controle sucessivo em tempos no reduzidos (regular follow-up), que agora produziu um relatrio de follow-up (acompanhamento). Em particular, de acordo com os procedimentos do Comit Moneyval, as regulamentaes atuais da Santa S e do Estado da Cidade do Vaticano foram analisadas quanto  conformidade tcnica com determinadas recomendaes do Grupo de Ao Financeira Internacional (GAFI) sobre as quais a jurisdio havia solicitado uma reviso da avaliao atribuda no Relatrio de Avaliao Mtua de 2021.\nO Comit MONEYVAL reconheceu os ulteriores progressos realizados pela jurisdio ao longo da linha indicada pelo Relatrio de 2021. Como pode ser visto no texto do Relatrio publicado no site institucional do Comit MONEYVAL na data de hoje, o progresso feito pela Santa S e pelo Estado da Cidade do Vaticano na rea de preveno e combate  lavagem de dinheiro, ao financiamento do terrorismo e ao financiamento da proliferao de armas de destruio em massa, foi confirmado. Foi dada uma classificao melhorada para todas as recomendaes solicitadas.\nDessa forma, a prxima avaliao sobre conformidade tcnica foi programada para ocorrer daqui a quatro anos, quando provavelmente ser includa no contexto mais amplo da 6 round of mutual evaluation (6 rodada de avaliao mtua) das jurisdies membros do Comit MONEYVAL. O resultado do Regular Follow-up Report  (Relatrio de Acompanhamento Regular) foi amplamente positivo, refletindo o trabalho conjunto de todas as autoridades da jurisdio e em continuidade com o processo de transparncia financeira total no qual a jurisdio da Santa S (incluindo o Estado da Cidade do Vaticano) est envolvida.	2024-02-01	comunicado-da-sala-de-imprensa-da-santa-se-sobre-plenaria-do-comite-moneyval	2024-06-11 12:51:53.831	2024-06-11 12:51:53.831	1	1
17	A semana entre Pentecostes e a Santssima Trindade	Em 3 de maro de 2018, com um decreto da ento Congregao do Culto Divino e da Disciplina dos Sacramentos (hoje Dicastrio, ndr), o Papa Francisco determinou a inscrio da Memria da "Bem-aventurada Virgem, Me da Igreja" no Calendrio Romano Geral, a ser celebrada todos os anos na segunda-feira depois de Pentecostes. Esta celebrao - explicava o ento prefeito,  cardeal Robert Sarah, ajudar a lembrar que a vida crist, para crescer, deve ser ancorada no mistrio da Cruz, na oblao de Cristo no convite eucarstico e na Virgem oferente, Me do Redentor e dos redimidos.\n\nComo descrito no Decreto "Ecclesia Mater", o motivo da celebrao  favorecer o crescimento do sentido materno da Igreja nos pastores, nos religiosos e nos fiis, bem como, da genuna piedade mariana.\n\nA Solenidade de Pentecostes, festejada no ltimo domingo, marcou a concluso do Tempo Pascal, e no domingo que segue, a Igreja festeja a Santssima Trindade. "A semana entre Pentecostes e a Santssima Trindade",  o tema da reflexo de hoje do Pe. Gerson Schmidt*:\n\n "Com a nova reforma da liturgia proposta pelo Conclio, o Tempo Pascal terminou com a celebrao de Festa de Pentecostes. A oitava de Pentecostes, acrescentada  cinquentena pascal no sculo VI,  abolida. Por isso, voltamos a celebrar o Tempo Comum, transcorridos os 50 dias pascais, vividos como um nico dia vitorioso.\n\nO monsenhor Annibale Bugnini, em seu livro A Reforma Litrgica, comenta as discusses em relao a essa mudana e diz que talvez o mal-estar tenha sido pela passagem brusca da solenidade de Pentecostes para o tempo comum. Em algumas regies Pentecostes continua com o dia sucessivo, que  festivo, fazendo com que se perceba menos o salto. O liturgista, responsvel por muitas adaptaes e renovaes sugeridas pela Sacrosanctum Concilium, ainda comenta assim a p da pgina: A abolio da oitava de Pentecostes deriva logicamente da considerao da estrutura nativa do Tempo Pascal. Pentecostes  o oitavo Domingo da Pscoa. No tem lgica outra oitava. A coisa era admitida pacificamente.\n\nCom a introduo da festa da Santssima Trindade, completada a obra das trs pessoas divinas, o verdadeiro oitavo dia veio a faltar. A festa da Trindade que celebramos tem sentido depois de Pentecostes porque salienta, na liturgia celebrativa, o tempo de ao das pessoas da Trindade. O Pai criou o universo e no o deixou  deriva. Envia seu Filho Unignito para resgatar a obra da criao por meio da Redeno. Jesus Ressuscitado ascende aos cus depois de 40 dias, festa que no Brasil se celebra no final de semana seguinte aos 40 dias, para melhor celebrao do povo de Deus. Depois que Jesus sobe aos cus, envia, com o Pai, o Divino Esprito Santo prometido, festa celebrada h pouco. Depois da ao da Terceira pessoa da Trindade, na Igreja nascente, junto com Maria no cenculo, se plenifica a obra da Trindade, festa que  celebrada em seguida de Pentecostes. Tudo segue uma lgica favorvel ao povo para rezar e contemplar a ao salvfica de Deus.\n\nA introduo do ttulo de Maria Me da Igreja logo depois do dia de Pentecostes tambm tem sua razo. Maria estava como discpula primeira, junto com os apstolos no Cenculo. A Mariologia insere-se na eclesiologia do Vaticano II, para apontar um ideal a ser perseguido pela Igreja. Maria, a Me de Deus, , assim, modelo para a Igreja e me da Igreja. O ttulo atribudo  Nossa Senhora como Me da Igreja  Mater Ecclesia - se deve justamente ao teor teolgico sintetizado pelo Concilio Vaticano II a partir de expresso utilizada pelo Papa Paulo VI no decorrer do Conclio. O ttulo foi utilizado pela primeira vez por Santo Ambrsio de Milo, no Sculo IV e redescoberto por Hugo Rahner, um jesuta irmo do grande telogo Karl Rahner. A Mariologia de Rahner segue a doutrina de Ambrsio, sobre o papel de Maria Santssima na Igreja. Sua interpretao, fundamentada exclusivamente em Ambrsio, influenciou grandemente o Conclio Vaticano II, sendo que na constituio Dogmtica Lumen Gentium declara que Maria  Me da Igreja, uma perspectiva continuada pelos prximos Papas, Joo Paulo II que utiliza o termo em sua encclica Redemptoris Mater e Bento XVI que credita aos Rahner especificamente essa atribuio.\n\nMaria  vista como me da Igreja e de todos os cristos, membros da Igreja e parte do Corpo mstico de Cristo. Os membros do Corpo de Cristo compartilham da paternidade de Deus e tambm da maternidade de Maria. O Catecismo da Igreja catlica afirma assim: A Virgem Maria  reconhecida e honrada como sendo verdadeiramente a Me de Deus e do Redentor... Ela  claramente a me dos membros de Cristo... Maria, Me de Cristo, Me da Igreja (CIC, 963).\n\nA memria litrgica da bem-aventurada Virgem Maria, com o ttulo de Me da Igreja, foi instituda no calendrio Romano na segunda-feira depois da solenidade de Pentecostes, para lembrar que Maria, presente no cenculo,  me e crist que mergulha nas aes da comunidade da Igreja primitiva, na descida do Esprito Santo no dia de Pentecostes. Foi em 2018 que se afirmou essa data litrgica que foi firmada pelo Decreto da Congregao para o culto Divino e disciplina dos Sacramentos, chancelada pelo Papa Francisco, aparecendo nos livros litrgicos para a celebrao da Missa e da Liturgia das Horas.\n\nO Tempo Comum, j iniciado aps a Festa de Pentecostes, segue na stima semana, porque foi iniciado depois da festa do Batismo de Jesus.  O Tempo Comum  o tempo litrgico mais extenso, sendo 34 semanas, divididas em duas partes. A primeira parte inicia aps a Festa do Batismo do Senhor e vai at a tera-feira, antes da quarta-feira de cinzas. A segunda parte inicia aps a festa de Pentecostes. O Tempo Comum culminar com a Festa de Cristo Rei."	2024-01-26	a-semana-entre-pentecostes-e-a-santissima-trindade	2024-06-11 12:55:38.899	2024-06-11 12:55:38.899	1	1
50	O Criador e as hipteses da Cincia	O primeiro fato indubitvel  o interesse que desperta a pergunta sobre a origem do universo e a hiptese do Deus criador. Isto  atestado pelas vendas do volume de Michel-Yves Bollor e Olivier Bonnassies (Deus, cincia, as provas, Edies Sonda, 610 pginas, 24,90 euros) que, depois de ter sido lanado, na Frana, em 2021, tornando-se um best-seller, est agora subindo na classificao tambm na Itlia, onde acabou de ser impresso. Os dois autores pretendem apresentar as provas cientficas da existncia de Deus e de um desenho inteligente na origem do universo, alinhando uma srie de descobertas recentes. So teorias, corroboradas por clculos e observaes, que abalam muitas supostas certezas daqueles que em nome da cincia pretenderam desmentir a existncia do Criador. Pode-se discutir a opo de misturar, num mesmo volume com declarada inteno apologtica, o tema da origem do universo e das aparies de Ftima (tema ao qual so dedicadas 44 pginas), bem como outras reflexes sobre a historicidade de Jesus e seus milagres. Mas a questo colocada  o mistrio na origem do universo e da vida   fascinante.\n\nDe fato, muitas pginas do livro ajudam a entender a sabedoria das palavras contidas na Constituio Dogmtica Dei Filius do Conclio Vaticano I: "No pode haver desacordo real entre f e razo". Esse conclio, queles que alegavam incompatibilidade entre as verdades da f e o conhecimento racional confiado  razo natural, respondia afirmando, em palavras ainda relevantes hoje, que h duas ordens diferentes de conhecimento, distintas em princpio e objeto, que no entram em conflito uma com a outra. Mas ele tambm explicava que h uma inteligncia mais ampla, aquela que liga todas as coisas criadas ao seu Criador, capaz de abranger o que a inteligncia humana, com seus meios, pode saber sobre a realidade emprica. Essa  a ideia de razo da qual Bento XVI falou em seu memorvel discurso no Bundestag em setembro de 2011: depois de afirmar que "a viso positivista do mundo , em sua totalidade, uma parte grandiosa do conhecimento humano e da capacidade humana,  qual absolutamente no devemos renunciar", o Papa Ratzinger descreveu os riscos de uma certa razo positivista, "que se apresenta de maneira exclusivista e  incapaz de perceber qualquer coisa alm do que  funcional". Ele a comparou a "edifcios de concreto armado sem janelas, nos quais nos damos clima e luz por ns mesmos e no queremos mais receber ambos do vasto mundo de Deus". No entanto, as palavras do Vaticano I e as de Bento tambm so teis para nos mantermos atentos contra uma tentao especular e oposta, a de forar a questo de Deus para a esfera restrita da razo cientfica, que acaba assim por ser implicitamente reconhecida como a nica fonte crvel de conhecimento. O ensaio dos dois autores franceses no est isento deste risco.\n\nQue no h conflito entre cincia e f tambm  atestado pela longa linhagem de cientistas crentes, autores de grandes descobertas. Basta aqui mencionar apenas dois nomes: o de um contemporneo de Darwin, o frade agostiniano morvio Gregor Mendel, hoje considerado o pai da gentica; ou a do padre Georges Edouard Lematre, definido como o pai da cosmologia moderna, que em 1927 foi o primeiro a notar a expanso do universo, descoberta que est na origem da Teoria do Big Bang.\n\nNo livro de Bollor e Bonnassies, dois argumentos cosmolgicos so amplamente descritos em apoio  existncia de Deus: em primeiro lugar, a evidncia, confirmada por vrias provas cientficas, de que o universo est em expanso e que teve incio por volta de 13,8 bilhes de anos atrs. Se no foi possvel observar o momento inicial, foi encontrado um vestgio de uma fase posterior, quando o universo tinha 0,003% da sua idade atual. Esta evidncia faz com que os autores digam que, visto que a cincia demonstrou o incio dos tempos, isto postula a existncia de um Criador. At algumas dcadas atrs, os astrofsicos tinham muito mais certezas do que hoje. Agora, os cientistas nos dizem que conhecemos apenas 5% do nosso universo. Apenas esta quantidade de 5 por cento  composta de matria comum e visvel (galxias, estrelas, planetas, luas, gs...). O resto desconhecido de 95% consiste em 27% de matria escura e 68% de energia escura. O que realmente so esta matria escura e essa energia escura, como esto interligadas na estrutura geral do cosmos, ainda deve ser descoberto.  claro que a ignorncia consciente sobre o tema representa mais uma razo para evitar ancorar uma questo sria como a existncia de Deus num modelo cosmolgico que ainda  incompleto do ponto de vista cientfico. Seria melhor reconhecer que a cincia no pode demonstrar a existncia de Deus simplesmente porque Deus no  o tipo de coisa que a cincia  capaz de investigar com os seus mtodos. Naturalmente, o oposto tambm se aplica: aquelas posies que afirmam usar a cincia para excluir a f em Deus esto completamente fora de lugar, observou o astrofsico Marco Bersanelli ao escrever sobre o livro de Bollor e Bonnassies no jornal Il Foglio.\n\nO segundo argumento proposto no ensaio recentemente publicado diz respeito a outra evidncia cientfica, ou seja, o fato de as leis reguladoras do nosso universo estarem predispostas a produzir as condies para o aparecimento da vida. A vida na Terra , na verdade, possvel graas a uma srie de circunstncias precisas (por exemplo, a inclinao do eixo estvel da Terra graas  Lua em 23,5 graus, a distncia certa entre a Terra e o Sol, a existncia da molcula de gua to atpica que parece ter sido criada precisamente para que haja a vida: se de fato a gua se comportasse como outras substncias, seria mais densa  medida que esfria, o gelo afundaria em vez de flutuar e os mares congelariam, etc). O universo, em suma, foi feito para nos permitir existir. A harmonia com a existncia da vida  to precisa que se todo o universo no fosse exatamente como , no existiramos hoje.\n\nExistem, portanto, constantes fsicas fundamentais cujo valor permite a existncia do universo tal como o vemos e da vida tal como ela . Essas constantes no so muitas e no h atualmente nenhuma razo conhecida para que sejam assim. Se houvesse mais matria do que existe agora, o Universo entraria em colapso: j o teria feito, no teria atingido a marca dos mais de 13 bilhes de anos. Se houvesse um pouco menos de matria, o universo teria se expandido mais rapidamente e no existiriam estrelas, fundamentais para a vida. Se a matria no se agregar para formar estrelas, a vida no existe.\n\nDiante dessas evidncias, h quem fale do acaso como um elemento que est na origem do nosso universo, levantando a hiptese da presena de universos infinitos - a teoria do multiverso - que teriam casualmente se desenvolvido de uma forma completamente diferente da nossa e que para ns eles so desconhecidos. Uma afirmao um tanto metafsica (do ponto de vista cientfico, no sentido de alm da fsica, a Cincia no sentido galileu do termo): esses infinitos outros universos podem de fato ser levantados como hipteses para justificar a existncia casual do nosso, mas no so observveise, portanto, no podem ser experimentados. Como podemos ver, a hiptese - para quem tem o dom da f no  hiptese, mas certeza - de que Algum pensou e est na origem dos cus e da terra, de que Algum pensou em ns, nos quis e nos desenvolveu como somos, que nos amou e continua nos amando, dando-nos vida a cada momento, no pode ser demonstrada cientificamente, mas no  menos plausvel do que outras hipteses igualmente metafsicas.\n\nA superao de barreiras , portanto, positiva, assim como o desaparecimento de antigos axiomas segundo os quais a cincia, em particular aquela que trata da origem do universo, seria capaz de demonstrar que Deus no existe. Porm, ao mesmo tempo, a tentativa de comprovar cientificamente a sua existncia tambm deve ser evitada.\n\nA este respeito,  interessante ler Antes do Big Bang (Rizzoli editore, pp. 249, 19 euros), o livro do diretor do Departamento de Fsica Terica da Organizao Europeia para a Investigao Nuclear (CERN), Gian Francesco Giudice, publicado em setembro passado. Este tambm  um ensaio cuja origem se deve  pergunta de uma menina que viajava de trem sentada em frente ao cientista com a inteno de ler um artigo sobre cosmologia quntica. A menina perguntou o que ele estava lendo e ao ouvir a resposta:  a histria do universo, ela lhe disse: Se conta toda a histria do universo, fala tambm de mim?. Uma pergunta que surpreendeu Giudice, deixando-o momentaneamente sem palavras, que a seguir respondeu incerto: No, penso que no. Mas ainda no li tudo".\n\nTambm neste livro falamos sobre o Big Bang; da expanso do universo comprovada pela descoberta casual de dois radioastrnomos da companhia telefnica Bell que em 1965 detectaram a energia csmica de fundo, considerada prova irrefutvel de que o universo no est apenas se expandindo hoje, mas que no passado atingiu nveis muito elevados temperaturas; da uniformidade quase perfeita do universo mesmo em lugares do espao que nunca conseguiram se comunicar entre si; do estado de um universo incompreensivelmente ordenado aps o Big Bang. At chegar  teoria do multiverso segundo a qual toda histria csmica possvel acontece em algum universo paralelo e se repete em infinitos outros universos paralelos. O cientista do CERN comenta esta ltima teoria:  inegvel que hoje a verificabilidade do multiverso parece extremamente rdua.... Giudice, que tambm critica o excesso de entusiasmo demonstrado pelos que creem diante da descoberta do Big Bang, tambm destri o uso mais recente da mesma descoberta para justificar o atesmo por aqueles que afirmam que a criao csmica ocorre a partir do Nada.\n\nEis que o espetculo do nascimento do universo e o estupor com que o cientista o relata falam mais aos que creem do que as tentativas de provar Deus com equaes e experimentos de laboratrio.  o mesmo estupor presente no comunicado da Specola Vaticana, que h algumas semanas relatou a descoberta do padre Gabriele Gionti e do padre Matteo Galaverni, o desenvolvimento de um novo mtodo matemtico til para entender os primeiros instantes do universo, mostrando como h uma conexo entre as teorias alternativas da gravidade e uma teoria particular da gravidade chamada "anti-Newtoniana" ou "antigravidade".\n\nAceitamos, portanto, livros que nos permitam penetrar um pouco mais nos mistrios da formao do universo. Mas muita cautela para evitar confiar na cincia e nos seus mtodos para provar a existncia do Criador. Recordemos sempre as declaraes de Joo Paulo II, que durante uma Audincia Geral em julho de 1985 disse: Quando falamos de provas da existncia de Deus, devemos sublinhar que no se trata de provas cientfico-experimentais. As provas cientficas, no sentido moderno da palavra, so vlidas apenas para as coisas perceptveis aos sentidos, pois s sobre estas podem ser exercidos os instrumentos de investigao e verificao, que a cincia utiliza. Querer prova cientfica de Deus significaria rebaixar Deus  categoria de seres do nosso mundo e, portanto, j estar metodologicamente errado sobre o que Deus . A cincia deve reconhecer os seus limites e a sua impotncia para alcanar a existncia de Deus: ela no pode afirmar nem negar esta existncia. No entanto, no se deve tirar disso a concluso de que os cientistas so incapazes de encontrar, nos seus estudos cientficos, razes vlidas para admitir a existncia de Deus. Se a cincia, como tal, no pode chegar a Deus, o cientista, que possui inteligncia cujo objeto no  limitando s coisas sensveis, pode descobrir no mundo as razes para afirmar um ser que o supera. Muitos cientistas fizeram e esto fazendo esta descoberta.\n\nPalavras que ecoam as do pioneiro do Big Bang, padre Lematre, que, no final de uma conferncia pblica, quando questionado se o tomo primitivo deveria ser identificado com Deus, respondeu sorrindo: Tenho muito respeito por Deus para fazer disso uma hiptese cientfica.	2024-06-07	o-criador-e-as-hipoteses-da-ciencia	2024-06-13 10:58:48.781	2024-06-13 10:58:48.781	1	1
51	Acordo de Cooperao entre as Bibliotecas do Brasil e do Vaticano	A Biblioteca Apostlica Vaticana e a Fundao da Biblioteca Nacional do Brasil assinaram um memorando de entendimento sobre cooperao tcnica e cientfica que prev, entre outros pontos, o desenvolvimento de projetos conjuntos na conservao de seus respectivos acervos.\n\nA cerimnia, realizada nesta segunda-feira, dia 18 de maro, no Vaticano, contou com a presena do Arquivista e Bibliotecrio da Santa Igreja Romana, dom Angelo Vincenzo Zani, do Presidente da Fundao da Biblioteca Nacional do Brasil, Marco Lucchesi, e do Embaixador do Brasil junto  Santa S, Everton Vieira Vargas.\n\nGraas ao memorando - que ter durao de trs anos e poder ser prorrogado - as duas instituies podero organizar conferncias, seminrios, workshops, cursos, exposies e outros eventos culturais e cientficos; promover misses com o objetivo de trocar informaes sobre prticas cientficas e tcnicas inovadoras de conservao; apoiar programas e projetos para a digitalizao de suas colees; receber visitas de tcnicos e especialistas; e incentivar o intercmbio de publicaes e materiais multimdia com o objetivo de enriquecer as colees de cada instituio.\n\n" um dia histrico para o futuro de um elo sensvel para a cultura da paz e das relaes ecumnicas", disse Lucchesi ao comentar a iniciativa.	2024-03-28	acordo-de-cooperacao-entre-as-bibliotecas-do-brasil-e-do-vaticano	2024-06-13 11:01:23.577	2024-06-13 11:01:23.577	1	1
52	Amaznia:  preciso olhar alm das copas das rvores, ali habitam pessoas	Na manh desta quinta-feira, o Papa Francisco recebeu em audincia os participantes do workshop "Conhecimento dos povos indgenas e as cincias: Combinando conhecimento e cincia sobre vulnerabilidades e solues para a resilincia", promovido pelas Pontifcias Academias de Cincias e Cincias Sociais. O evento teve incio logo aps o encontro com o Pontfice, na Casina Pio IV. Entre os participantes, a ministra do governo brasileiro para os povos indgenas, Snia Guajajara.\nEm conversa com a mdia do Vaticano, a lder poltica, que se destaca por sua luta histrica pelos direitos dos povos originrios e pelo meio ambiente, comentou a importncia deste momento e do encontro com o Papa Francisco, o discurso no workshop, a situao dos povos atuais na regio amaznica, os desafios de sua atuao como ministra, e como  possvel enxergar o futuro diante dos desafios da atualidade.\n\nComo foi o encontro com o Santo Padre?\n um encontro histrico, eu diria.  um momento em que os conhecimentos se encontram, o conhecimento tradicional se encontra com o conhecimento religioso e cientfico. Estamos aqui na Academia Pontifcia de Cincias do Vaticano. Para ns,  uma troca muito especial e importante para a valorizao dos povos indgenas. Estamos vivendo um momento muito especial no Brasil, com a criao do Ministrio dos Povos Indgenas e, aqui, este momento de troca entre sociedade civil, governo, cientistas e vrias autoridades que debatem o futuro.\nA senhora tambm tomou a palavra no workshop Conhecimento dos povos indgenas e as cincias". Qual foi o tema abordado?\nComo o tema deste seminrio  sobre o conhecimento dos povos indgenas,  muito importante que os acordos firmados, como o Acordo de Paris, por exemplo, que reconhece o conhecimento tradicional dos povos indgenas como conhecimento cientfico, possam ser implementados nas vrias instncias, seja nas prprias Conferncias do Clima das Naes Unidas, seja nos governos nacionais. Ento, aqui, falei um pouco sobre isso. Como  importante que o mundo reconhea o papel dos povos e dos territrios indgenas, o respeito aos modos de vida e aos saberes tradicionais para conter essa crise climtica.\n\nO Papa Francisco, em seu discurso desta manh, falou que esse encontro tem o objetivo de convocar governos, mas tambm grandes organizaes, para reconhecer e respeitar a diversidade dentro da grande famlia humana. No Brasil, como est o respeito por essa diversidade?\nEstamos num momento em que h um reconhecimento do Poder Executivo. A criao do ministrio favorece esse protagonismo dos povos indgenas, colocando a pauta indgena no centro do debate poltico. Por outro lado,  uma novidade essa presena indgena na mesa de tomada de decises, o que acaba provocando muitos incmodos por parte daqueles que querem expropriar os territrios, explorar os territrios indgenas, e que no conseguem compreender o meio ambiente como uma pauta prioritria neste momento to urgente das emergncias climticas.\nQuanto  difcil ser ministra em uma pasta como essa?\n muito difcil. So muitos desafios, muitas demandas reprimidas. Foram cinco sculos para que pudssemos ter o primeiro Ministrio dos Povos Indgenas, a primeira ministra indgena, mulher indgena. E quando nos articulamos e o presidente determina que os povos indgenas tm que ser uma prioridade para este governo, as foras contrrias tambm se articulam, se organizam para impedir o avano dessas aes em defesa dos povos indgenas. Mas estamos muito confiantes, estamos em um momento muito oportuno. Muitas aes j esto acontecendo. Acho que  uma oportunidade tambm para criar novas conscincias sobre essa presena indgena no Brasil, sobre a valorizao dos povos e dos territrios. Ento,  difcil, mas  necessrio. Estamos a de p e vamos nos manter firmes, crescendo cada vez mais com a ocupao de cargos estratgicos por povos indgenas.\n\nO Papa, em seu discurso, disse uma coisa muito bonita: "Deus nos fez guardies e no senhores do planeta. Somos todos chamados a uma converso ecolgica, comprometidos em salvar a nossa casa comum". Essa converso ecolgica est ocorrendo no Brasil?\nA criao do ministrio  um primeiro passo. Temos pela primeira vez toda a presidncia da Funai composta por povos indgenas. Acredito que esses so passos importantes para que possamos estruturar e consolidar essa presena indgena nos espaos de tomada de deciso.  claro que a nossa presena ainda gera esses incmodos e reaes adversas, mas temos que continuar acreditando que  possvel conscientizar a humanidade. Esse protagonismo indgena que estamos assumindo neste momento, com indgenas no Parlamento, no Poder Executivo, em vrios espaos do Judicirio, j  um bom caminho a seguir. Acredito que essa mudana ainda vai demorar muito tempo, mas  uma abertura de portas para que essa continuidade de ocupao de espaos possa ser preenchida por vrios outros indgenas, no s no Brasil, mas em toda a Amrica Latina e no mundo. Afinal de contas, estamos falando de um momento, de um mundo em emergncia. Temos a crise climtica, a crise social, a crise civilizatria. E apresentamos a pauta indgena como uma pauta humanitria e civilizatria para o planeta.\nMuitos no exterior nos perguntam: como est a Amaznia? O que vocs esto fazendo com a Amaznia e os nossos indgenas? O que vocs esto fazendo pelos indgenas?\nOs indgenas, naturalmente, so parte da Amaznia.  preciso pensar na Amaznia sempre como uma diversidade de rvores, de animais, mas tambm de pessoas e muitas culturas. A Amaznia  esse lugar muito cobiado tanto por quem quer proteger quanto por quem quer explorar. Infelizmente, com toda essa cobia, os indgenas, as comunidades tradicionais e a comunidade local acabam pagando com a prpria vida para proteger a Amaznia que serve a todo o mundo.  preciso no s o governo local, mas o mundo inteiro olhar para essa diversidade de cultura, de povos, e juntos proteger os direitos e proteger essas pessoas que so, de fato, as protetoras.  preciso olhar a Amaznia para alm das copas das rvores e enxergar quem est ali fazendo toda essa proteo. E somos ns, povos indgenas e as comunidades locais.	2024-02-11	amazonia-e-preciso-olhar-alem-das-copas-das-arvores-ali-habitam-pessoas	2024-06-13 11:04:29.847	2024-06-13 11:04:29.847	1	1
\.


--
-- TOC entry 3510 (class 0 OID 24594)
-- Dependencies: 271
-- Data for Name: news_category_links; Type: TABLE DATA; Schema: public; Owner: postgres
--

COPY public.news_category_links (id, new_id, category_id, new_order) FROM stdin;
11	11	15	1
12	12	16	1
13	13	17	1
14	14	18	1
15	15	19	1
16	16	20	1
17	17	21	1
50	50	30	1
51	51	31	1
52	52	32	1
\.


--
-- TOC entry 3465 (class 0 OID 17317)
-- Dependencies: 226
-- Data for Name: slugs; Type: TABLE DATA; Schema: public; Owner: postgres
--

COPY public.slugs (id, slug, count, created_at, updated_at, created_by_id, updated_by_id) FROM stdin;
\.


--
-- TOC entry 3467 (class 0 OID 17325)
-- Dependencies: 228
-- Data for Name: strapi_api_token_permissions; Type: TABLE DATA; Schema: public; Owner: postgres
--

COPY public.strapi_api_token_permissions (id, action, created_at, updated_at, created_by_id, updated_by_id) FROM stdin;
\.


--
-- TOC entry 3469 (class 0 OID 17330)
-- Dependencies: 230
-- Data for Name: strapi_api_token_permissions_token_links; Type: TABLE DATA; Schema: public; Owner: postgres
--

COPY public.strapi_api_token_permissions_token_links (id, api_token_permission_id, api_token_id, api_token_permission_order) FROM stdin;
\.


--
-- TOC entry 3471 (class 0 OID 17335)
-- Dependencies: 232
-- Data for Name: strapi_api_tokens; Type: TABLE DATA; Schema: public; Owner: postgres
--

COPY public.strapi_api_tokens (id, name, description, type, access_key, last_used_at, expires_at, lifespan, created_at, updated_at, created_by_id, updated_by_id) FROM stdin;
\.


--
-- TOC entry 3473 (class 0 OID 17343)
-- Dependencies: 234
-- Data for Name: strapi_core_store_settings; Type: TABLE DATA; Schema: public; Owner: postgres
--

COPY public.strapi_core_store_settings (id, key, value, type, environment, tag) FROM stdin;
2	plugin_content_manager_configuration_content_types::admin::permission	{"settings":{"bulkable":true,"filterable":true,"searchable":true,"pageSize":10,"mainField":"action","defaultSortBy":"action","defaultSortOrder":"ASC"},"metadatas":{"id":{"edit":{},"list":{"label":"id","searchable":true,"sortable":true}},"action":{"edit":{"label":"action","description":"","placeholder":"","visible":true,"editable":true},"list":{"label":"action","searchable":true,"sortable":true}},"actionParameters":{"edit":{"label":"actionParameters","description":"","placeholder":"","visible":true,"editable":true},"list":{"label":"actionParameters","searchable":false,"sortable":false}},"subject":{"edit":{"label":"subject","description":"","placeholder":"","visible":true,"editable":true},"list":{"label":"subject","searchable":true,"sortable":true}},"properties":{"edit":{"label":"properties","description":"","placeholder":"","visible":true,"editable":true},"list":{"label":"properties","searchable":false,"sortable":false}},"conditions":{"edit":{"label":"conditions","description":"","placeholder":"","visible":true,"editable":true},"list":{"label":"conditions","searchable":false,"sortable":false}},"role":{"edit":{"label":"role","description":"","placeholder":"","visible":true,"editable":true,"mainField":"name"},"list":{"label":"role","searchable":true,"sortable":true}},"createdAt":{"edit":{"label":"createdAt","description":"","placeholder":"","visible":false,"editable":true},"list":{"label":"createdAt","searchable":true,"sortable":true}},"updatedAt":{"edit":{"label":"updatedAt","description":"","placeholder":"","visible":false,"editable":true},"list":{"label":"updatedAt","searchable":true,"sortable":true}},"createdBy":{"edit":{"label":"createdBy","description":"","placeholder":"","visible":false,"editable":true,"mainField":"firstname"},"list":{"label":"createdBy","searchable":true,"sortable":true}},"updatedBy":{"edit":{"label":"updatedBy","description":"","placeholder":"","visible":false,"editable":true,"mainField":"firstname"},"list":{"label":"updatedBy","searchable":true,"sortable":true}}},"layouts":{"list":["id","action","subject","role"],"edit":[[{"name":"action","size":6}],[{"name":"actionParameters","size":12}],[{"name":"subject","size":6}],[{"name":"properties","size":12}],[{"name":"conditions","size":12}],[{"name":"role","size":6}]]},"uid":"admin::permission"}	object	\N	\N
3	plugin_content_manager_configuration_content_types::admin::role	{"settings":{"bulkable":true,"filterable":true,"searchable":true,"pageSize":10,"mainField":"name","defaultSortBy":"name","defaultSortOrder":"ASC"},"metadatas":{"id":{"edit":{},"list":{"label":"id","searchable":true,"sortable":true}},"name":{"edit":{"label":"name","description":"","placeholder":"","visible":true,"editable":true},"list":{"label":"name","searchable":true,"sortable":true}},"code":{"edit":{"label":"code","description":"","placeholder":"","visible":true,"editable":true},"list":{"label":"code","searchable":true,"sortable":true}},"description":{"edit":{"label":"description","description":"","placeholder":"","visible":true,"editable":true},"list":{"label":"description","searchable":true,"sortable":true}},"users":{"edit":{"label":"users","description":"","placeholder":"","visible":true,"editable":true,"mainField":"firstname"},"list":{"label":"users","searchable":false,"sortable":false}},"permissions":{"edit":{"label":"permissions","description":"","placeholder":"","visible":true,"editable":true,"mainField":"action"},"list":{"label":"permissions","searchable":false,"sortable":false}},"createdAt":{"edit":{"label":"createdAt","description":"","placeholder":"","visible":false,"editable":true},"list":{"label":"createdAt","searchable":true,"sortable":true}},"updatedAt":{"edit":{"label":"updatedAt","description":"","placeholder":"","visible":false,"editable":true},"list":{"label":"updatedAt","searchable":true,"sortable":true}},"createdBy":{"edit":{"label":"createdBy","description":"","placeholder":"","visible":false,"editable":true,"mainField":"firstname"},"list":{"label":"createdBy","searchable":true,"sortable":true}},"updatedBy":{"edit":{"label":"updatedBy","description":"","placeholder":"","visible":false,"editable":true,"mainField":"firstname"},"list":{"label":"updatedBy","searchable":true,"sortable":true}}},"layouts":{"list":["id","name","code","description"],"edit":[[{"name":"name","size":6},{"name":"code","size":6}],[{"name":"description","size":6},{"name":"users","size":6}],[{"name":"permissions","size":6}]]},"uid":"admin::role"}	object	\N	\N
4	plugin_content_manager_configuration_content_types::admin::api-token	{"settings":{"bulkable":true,"filterable":true,"searchable":true,"pageSize":10,"mainField":"name","defaultSortBy":"name","defaultSortOrder":"ASC"},"metadatas":{"id":{"edit":{},"list":{"label":"id","searchable":true,"sortable":true}},"name":{"edit":{"label":"name","description":"","placeholder":"","visible":true,"editable":true},"list":{"label":"name","searchable":true,"sortable":true}},"description":{"edit":{"label":"description","description":"","placeholder":"","visible":true,"editable":true},"list":{"label":"description","searchable":true,"sortable":true}},"type":{"edit":{"label":"type","description":"","placeholder":"","visible":true,"editable":true},"list":{"label":"type","searchable":true,"sortable":true}},"accessKey":{"edit":{"label":"accessKey","description":"","placeholder":"","visible":true,"editable":true},"list":{"label":"accessKey","searchable":true,"sortable":true}},"lastUsedAt":{"edit":{"label":"lastUsedAt","description":"","placeholder":"","visible":true,"editable":true},"list":{"label":"lastUsedAt","searchable":true,"sortable":true}},"permissions":{"edit":{"label":"permissions","description":"","placeholder":"","visible":true,"editable":true,"mainField":"action"},"list":{"label":"permissions","searchable":false,"sortable":false}},"expiresAt":{"edit":{"label":"expiresAt","description":"","placeholder":"","visible":true,"editable":true},"list":{"label":"expiresAt","searchable":true,"sortable":true}},"lifespan":{"edit":{"label":"lifespan","description":"","placeholder":"","visible":true,"editable":true},"list":{"label":"lifespan","searchable":true,"sortable":true}},"createdAt":{"edit":{"label":"createdAt","description":"","placeholder":"","visible":false,"editable":true},"list":{"label":"createdAt","searchable":true,"sortable":true}},"updatedAt":{"edit":{"label":"updatedAt","description":"","placeholder":"","visible":false,"editable":true},"list":{"label":"updatedAt","searchable":true,"sortable":true}},"createdBy":{"edit":{"label":"createdBy","description":"","placeholder":"","visible":false,"editable":true,"mainField":"firstname"},"list":{"label":"createdBy","searchable":true,"sortable":true}},"updatedBy":{"edit":{"label":"updatedBy","description":"","placeholder":"","visible":false,"editable":true,"mainField":"firstname"},"list":{"label":"updatedBy","searchable":true,"sortable":true}}},"layouts":{"list":["id","name","description","type"],"edit":[[{"name":"name","size":6},{"name":"description","size":6}],[{"name":"type","size":6},{"name":"accessKey","size":6}],[{"name":"lastUsedAt","size":6},{"name":"permissions","size":6}],[{"name":"expiresAt","size":6},{"name":"lifespan","size":4}]]},"uid":"admin::api-token"}	object	\N	\N
5	plugin_content_manager_configuration_content_types::admin::api-token-permission	{"settings":{"bulkable":true,"filterable":true,"searchable":true,"pageSize":10,"mainField":"action","defaultSortBy":"action","defaultSortOrder":"ASC"},"metadatas":{"id":{"edit":{},"list":{"label":"id","searchable":true,"sortable":true}},"action":{"edit":{"label":"action","description":"","placeholder":"","visible":true,"editable":true},"list":{"label":"action","searchable":true,"sortable":true}},"token":{"edit":{"label":"token","description":"","placeholder":"","visible":true,"editable":true,"mainField":"name"},"list":{"label":"token","searchable":true,"sortable":true}},"createdAt":{"edit":{"label":"createdAt","description":"","placeholder":"","visible":false,"editable":true},"list":{"label":"createdAt","searchable":true,"sortable":true}},"updatedAt":{"edit":{"label":"updatedAt","description":"","placeholder":"","visible":false,"editable":true},"list":{"label":"updatedAt","searchable":true,"sortable":true}},"createdBy":{"edit":{"label":"createdBy","description":"","placeholder":"","visible":false,"editable":true,"mainField":"firstname"},"list":{"label":"createdBy","searchable":true,"sortable":true}},"updatedBy":{"edit":{"label":"updatedBy","description":"","placeholder":"","visible":false,"editable":true,"mainField":"firstname"},"list":{"label":"updatedBy","searchable":true,"sortable":true}}},"layouts":{"list":["id","action","token","createdAt"],"edit":[[{"name":"action","size":6},{"name":"token","size":6}]]},"uid":"admin::api-token-permission"}	object	\N	\N
6	plugin_content_manager_configuration_content_types::admin::transfer-token	{"settings":{"bulkable":true,"filterable":true,"searchable":true,"pageSize":10,"mainField":"name","defaultSortBy":"name","defaultSortOrder":"ASC"},"metadatas":{"id":{"edit":{},"list":{"label":"id","searchable":true,"sortable":true}},"name":{"edit":{"label":"name","description":"","placeholder":"","visible":true,"editable":true},"list":{"label":"name","searchable":true,"sortable":true}},"description":{"edit":{"label":"description","description":"","placeholder":"","visible":true,"editable":true},"list":{"label":"description","searchable":true,"sortable":true}},"accessKey":{"edit":{"label":"accessKey","description":"","placeholder":"","visible":true,"editable":true},"list":{"label":"accessKey","searchable":true,"sortable":true}},"lastUsedAt":{"edit":{"label":"lastUsedAt","description":"","placeholder":"","visible":true,"editable":true},"list":{"label":"lastUsedAt","searchable":true,"sortable":true}},"permissions":{"edit":{"label":"permissions","description":"","placeholder":"","visible":true,"editable":true,"mainField":"action"},"list":{"label":"permissions","searchable":false,"sortable":false}},"expiresAt":{"edit":{"label":"expiresAt","description":"","placeholder":"","visible":true,"editable":true},"list":{"label":"expiresAt","searchable":true,"sortable":true}},"lifespan":{"edit":{"label":"lifespan","description":"","placeholder":"","visible":true,"editable":true},"list":{"label":"lifespan","searchable":true,"sortable":true}},"createdAt":{"edit":{"label":"createdAt","description":"","placeholder":"","visible":false,"editable":true},"list":{"label":"createdAt","searchable":true,"sortable":true}},"updatedAt":{"edit":{"label":"updatedAt","description":"","placeholder":"","visible":false,"editable":true},"list":{"label":"updatedAt","searchable":true,"sortable":true}},"createdBy":{"edit":{"label":"createdBy","description":"","placeholder":"","visible":false,"editable":true,"mainField":"firstname"},"list":{"label":"createdBy","searchable":true,"sortable":true}},"updatedBy":{"edit":{"label":"updatedBy","description":"","placeholder":"","visible":false,"editable":true,"mainField":"firstname"},"list":{"label":"updatedBy","searchable":true,"sortable":true}}},"layouts":{"list":["id","name","description","accessKey"],"edit":[[{"name":"name","size":6},{"name":"description","size":6}],[{"name":"accessKey","size":6},{"name":"lastUsedAt","size":6}],[{"name":"permissions","size":6},{"name":"expiresAt","size":6}],[{"name":"lifespan","size":4}]]},"uid":"admin::transfer-token"}	object	\N	\N
7	plugin_content_manager_configuration_content_types::admin::transfer-token-permission	{"settings":{"bulkable":true,"filterable":true,"searchable":true,"pageSize":10,"mainField":"action","defaultSortBy":"action","defaultSortOrder":"ASC"},"metadatas":{"id":{"edit":{},"list":{"label":"id","searchable":true,"sortable":true}},"action":{"edit":{"label":"action","description":"","placeholder":"","visible":true,"editable":true},"list":{"label":"action","searchable":true,"sortable":true}},"token":{"edit":{"label":"token","description":"","placeholder":"","visible":true,"editable":true,"mainField":"name"},"list":{"label":"token","searchable":true,"sortable":true}},"createdAt":{"edit":{"label":"createdAt","description":"","placeholder":"","visible":false,"editable":true},"list":{"label":"createdAt","searchable":true,"sortable":true}},"updatedAt":{"edit":{"label":"updatedAt","description":"","placeholder":"","visible":false,"editable":true},"list":{"label":"updatedAt","searchable":true,"sortable":true}},"createdBy":{"edit":{"label":"createdBy","description":"","placeholder":"","visible":false,"editable":true,"mainField":"firstname"},"list":{"label":"createdBy","searchable":true,"sortable":true}},"updatedBy":{"edit":{"label":"updatedBy","description":"","placeholder":"","visible":false,"editable":true,"mainField":"firstname"},"list":{"label":"updatedBy","searchable":true,"sortable":true}}},"layouts":{"list":["id","action","token","createdAt"],"edit":[[{"name":"action","size":6},{"name":"token","size":6}]]},"uid":"admin::transfer-token-permission"}	object	\N	\N
8	plugin_content_manager_configuration_content_types::plugin::upload.file	{"settings":{"bulkable":true,"filterable":true,"searchable":true,"pageSize":10,"mainField":"name","defaultSortBy":"name","defaultSortOrder":"ASC"},"metadatas":{"id":{"edit":{},"list":{"label":"id","searchable":true,"sortable":true}},"name":{"edit":{"label":"name","description":"","placeholder":"","visible":true,"editable":true},"list":{"label":"name","searchable":true,"sortable":true}},"alternativeText":{"edit":{"label":"alternativeText","description":"","placeholder":"","visible":true,"editable":true},"list":{"label":"alternativeText","searchable":true,"sortable":true}},"caption":{"edit":{"label":"caption","description":"","placeholder":"","visible":true,"editable":true},"list":{"label":"caption","searchable":true,"sortable":true}},"width":{"edit":{"label":"width","description":"","placeholder":"","visible":true,"editable":true},"list":{"label":"width","searchable":true,"sortable":true}},"height":{"edit":{"label":"height","description":"","placeholder":"","visible":true,"editable":true},"list":{"label":"height","searchable":true,"sortable":true}},"formats":{"edit":{"label":"formats","description":"","placeholder":"","visible":true,"editable":true},"list":{"label":"formats","searchable":false,"sortable":false}},"hash":{"edit":{"label":"hash","description":"","placeholder":"","visible":true,"editable":true},"list":{"label":"hash","searchable":true,"sortable":true}},"ext":{"edit":{"label":"ext","description":"","placeholder":"","visible":true,"editable":true},"list":{"label":"ext","searchable":true,"sortable":true}},"mime":{"edit":{"label":"mime","description":"","placeholder":"","visible":true,"editable":true},"list":{"label":"mime","searchable":true,"sortable":true}},"size":{"edit":{"label":"size","description":"","placeholder":"","visible":true,"editable":true},"list":{"label":"size","searchable":true,"sortable":true}},"url":{"edit":{"label":"url","description":"","placeholder":"","visible":true,"editable":true},"list":{"label":"url","searchable":true,"sortable":true}},"previewUrl":{"edit":{"label":"previewUrl","description":"","placeholder":"","visible":true,"editable":true},"list":{"label":"previewUrl","searchable":true,"sortable":true}},"provider":{"edit":{"label":"provider","description":"","placeholder":"","visible":true,"editable":true},"list":{"label":"provider","searchable":true,"sortable":true}},"provider_metadata":{"edit":{"label":"provider_metadata","description":"","placeholder":"","visible":true,"editable":true},"list":{"label":"provider_metadata","searchable":false,"sortable":false}},"folder":{"edit":{"label":"folder","description":"","placeholder":"","visible":true,"editable":true,"mainField":"name"},"list":{"label":"folder","searchable":true,"sortable":true}},"folderPath":{"edit":{"label":"folderPath","description":"","placeholder":"","visible":true,"editable":true},"list":{"label":"folderPath","searchable":true,"sortable":true}},"createdAt":{"edit":{"label":"createdAt","description":"","placeholder":"","visible":false,"editable":true},"list":{"label":"createdAt","searchable":true,"sortable":true}},"updatedAt":{"edit":{"label":"updatedAt","description":"","placeholder":"","visible":false,"editable":true},"list":{"label":"updatedAt","searchable":true,"sortable":true}},"createdBy":{"edit":{"label":"createdBy","description":"","placeholder":"","visible":false,"editable":true,"mainField":"firstname"},"list":{"label":"createdBy","searchable":true,"sortable":true}},"updatedBy":{"edit":{"label":"updatedBy","description":"","placeholder":"","visible":false,"editable":true,"mainField":"firstname"},"list":{"label":"updatedBy","searchable":true,"sortable":true}}},"layouts":{"list":["id","name","alternativeText","caption"],"edit":[[{"name":"name","size":6},{"name":"alternativeText","size":6}],[{"name":"caption","size":6},{"name":"width","size":4}],[{"name":"height","size":4}],[{"name":"formats","size":12}],[{"name":"hash","size":6},{"name":"ext","size":6}],[{"name":"mime","size":6},{"name":"size","size":4}],[{"name":"url","size":6},{"name":"previewUrl","size":6}],[{"name":"provider","size":6}],[{"name":"provider_metadata","size":12}],[{"name":"folder","size":6},{"name":"folderPath","size":6}]]},"uid":"plugin::upload.file"}	object	\N	\N
9	plugin_content_manager_configuration_content_types::plugin::upload.folder	{"settings":{"bulkable":true,"filterable":true,"searchable":true,"pageSize":10,"mainField":"name","defaultSortBy":"name","defaultSortOrder":"ASC"},"metadatas":{"id":{"edit":{},"list":{"label":"id","searchable":true,"sortable":true}},"name":{"edit":{"label":"name","description":"","placeholder":"","visible":true,"editable":true},"list":{"label":"name","searchable":true,"sortable":true}},"pathId":{"edit":{"label":"pathId","description":"","placeholder":"","visible":true,"editable":true},"list":{"label":"pathId","searchable":true,"sortable":true}},"parent":{"edit":{"label":"parent","description":"","placeholder":"","visible":true,"editable":true,"mainField":"name"},"list":{"label":"parent","searchable":true,"sortable":true}},"children":{"edit":{"label":"children","description":"","placeholder":"","visible":true,"editable":true,"mainField":"name"},"list":{"label":"children","searchable":false,"sortable":false}},"files":{"edit":{"label":"files","description":"","placeholder":"","visible":true,"editable":true,"mainField":"name"},"list":{"label":"files","searchable":false,"sortable":false}},"path":{"edit":{"label":"path","description":"","placeholder":"","visible":true,"editable":true},"list":{"label":"path","searchable":true,"sortable":true}},"createdAt":{"edit":{"label":"createdAt","description":"","placeholder":"","visible":false,"editable":true},"list":{"label":"createdAt","searchable":true,"sortable":true}},"updatedAt":{"edit":{"label":"updatedAt","description":"","placeholder":"","visible":false,"editable":true},"list":{"label":"updatedAt","searchable":true,"sortable":true}},"createdBy":{"edit":{"label":"createdBy","description":"","placeholder":"","visible":false,"editable":true,"mainField":"firstname"},"list":{"label":"createdBy","searchable":true,"sortable":true}},"updatedBy":{"edit":{"label":"updatedBy","description":"","placeholder":"","visible":false,"editable":true,"mainField":"firstname"},"list":{"label":"updatedBy","searchable":true,"sortable":true}}},"layouts":{"list":["id","name","pathId","parent"],"edit":[[{"name":"name","size":6},{"name":"pathId","size":4}],[{"name":"parent","size":6},{"name":"children","size":6}],[{"name":"files","size":6},{"name":"path","size":6}]]},"uid":"plugin::upload.folder"}	object	\N	\N
1	strapi_content_types_schema	{"admin::permission":{"collectionName":"admin_permissions","info":{"name":"Permission","description":"","singularName":"permission","pluralName":"permissions","displayName":"Permission"},"options":{},"pluginOptions":{"content-manager":{"visible":false},"content-type-builder":{"visible":false}},"attributes":{"action":{"type":"string","minLength":1,"configurable":false,"required":true},"actionParameters":{"type":"json","configurable":false,"required":false,"default":{}},"subject":{"type":"string","minLength":1,"configurable":false,"required":false},"properties":{"type":"json","configurable":false,"required":false,"default":{}},"conditions":{"type":"json","configurable":false,"required":false,"default":[]},"role":{"configurable":false,"type":"relation","relation":"manyToOne","inversedBy":"permissions","target":"admin::role"},"createdAt":{"type":"datetime"},"updatedAt":{"type":"datetime"},"createdBy":{"type":"relation","relation":"oneToOne","target":"admin::user","configurable":false,"writable":false,"visible":false,"useJoinTable":false,"private":true},"updatedBy":{"type":"relation","relation":"oneToOne","target":"admin::user","configurable":false,"writable":false,"visible":false,"useJoinTable":false,"private":true}},"kind":"collectionType","__schema__":{"collectionName":"admin_permissions","info":{"name":"Permission","description":"","singularName":"permission","pluralName":"permissions","displayName":"Permission"},"options":{},"pluginOptions":{"content-manager":{"visible":false},"content-type-builder":{"visible":false}},"attributes":{"action":{"type":"string","minLength":1,"configurable":false,"required":true},"actionParameters":{"type":"json","configurable":false,"required":false,"default":{}},"subject":{"type":"string","minLength":1,"configurable":false,"required":false},"properties":{"type":"json","configurable":false,"required":false,"default":{}},"conditions":{"type":"json","configurable":false,"required":false,"default":[]},"role":{"configurable":false,"type":"relation","relation":"manyToOne","inversedBy":"permissions","target":"admin::role"}},"kind":"collectionType"},"modelType":"contentType","modelName":"permission","connection":"default","uid":"admin::permission","plugin":"admin","globalId":"AdminPermission"},"admin::user":{"collectionName":"admin_users","info":{"name":"User","description":"","singularName":"user","pluralName":"users","displayName":"User"},"pluginOptions":{"content-manager":{"visible":false},"content-type-builder":{"visible":false}},"attributes":{"firstname":{"type":"string","unique":false,"minLength":1,"configurable":false,"required":false},"lastname":{"type":"string","unique":false,"minLength":1,"configurable":false,"required":false},"username":{"type":"string","unique":false,"configurable":false,"required":false},"email":{"type":"email","minLength":6,"configurable":false,"required":true,"unique":true,"private":true},"password":{"type":"password","minLength":6,"configurable":false,"required":false,"private":true,"searchable":false},"resetPasswordToken":{"type":"string","configurable":false,"private":true,"searchable":false},"registrationToken":{"type":"string","configurable":false,"private":true,"searchable":false},"isActive":{"type":"boolean","default":false,"configurable":false,"private":true},"roles":{"configurable":false,"private":true,"type":"relation","relation":"manyToMany","inversedBy":"users","target":"admin::role","collectionName":"strapi_users_roles"},"blocked":{"type":"boolean","default":false,"configurable":false,"private":true},"preferedLanguage":{"type":"string","configurable":false,"required":false,"searchable":false},"createdAt":{"type":"datetime"},"updatedAt":{"type":"datetime"},"createdBy":{"type":"relation","relation":"oneToOne","target":"admin::user","configurable":false,"writable":false,"visible":false,"useJoinTable":false,"private":true},"updatedBy":{"type":"relation","relation":"oneToOne","target":"admin::user","configurable":false,"writable":false,"visible":false,"useJoinTable":false,"private":true}},"config":{"attributes":{"resetPasswordToken":{"hidden":true},"registrationToken":{"hidden":true}}},"kind":"collectionType","__schema__":{"collectionName":"admin_users","info":{"name":"User","description":"","singularName":"user","pluralName":"users","displayName":"User"},"pluginOptions":{"content-manager":{"visible":false},"content-type-builder":{"visible":false}},"attributes":{"firstname":{"type":"string","unique":false,"minLength":1,"configurable":false,"required":false},"lastname":{"type":"string","unique":false,"minLength":1,"configurable":false,"required":false},"username":{"type":"string","unique":false,"configurable":false,"required":false},"email":{"type":"email","minLength":6,"configurable":false,"required":true,"unique":true,"private":true},"password":{"type":"password","minLength":6,"configurable":false,"required":false,"private":true,"searchable":false},"resetPasswordToken":{"type":"string","configurable":false,"private":true,"searchable":false},"registrationToken":{"type":"string","configurable":false,"private":true,"searchable":false},"isActive":{"type":"boolean","default":false,"configurable":false,"private":true},"roles":{"configurable":false,"private":true,"type":"relation","relation":"manyToMany","inversedBy":"users","target":"admin::role","collectionName":"strapi_users_roles"},"blocked":{"type":"boolean","default":false,"configurable":false,"private":true},"preferedLanguage":{"type":"string","configurable":false,"required":false,"searchable":false}},"kind":"collectionType"},"modelType":"contentType","modelName":"user","connection":"default","uid":"admin::user","plugin":"admin","globalId":"AdminUser"},"admin::role":{"collectionName":"admin_roles","info":{"name":"Role","description":"","singularName":"role","pluralName":"roles","displayName":"Role"},"options":{},"pluginOptions":{"content-manager":{"visible":false},"content-type-builder":{"visible":false}},"attributes":{"name":{"type":"string","minLength":1,"unique":true,"configurable":false,"required":true},"code":{"type":"string","minLength":1,"unique":true,"configurable":false,"required":true},"description":{"type":"string","configurable":false},"users":{"configurable":false,"type":"relation","relation":"manyToMany","mappedBy":"roles","target":"admin::user"},"permissions":{"configurable":false,"type":"relation","relation":"oneToMany","mappedBy":"role","target":"admin::permission"},"createdAt":{"type":"datetime"},"updatedAt":{"type":"datetime"},"createdBy":{"type":"relation","relation":"oneToOne","target":"admin::user","configurable":false,"writable":false,"visible":false,"useJoinTable":false,"private":true},"updatedBy":{"type":"relation","relation":"oneToOne","target":"admin::user","configurable":false,"writable":false,"visible":false,"useJoinTable":false,"private":true}},"kind":"collectionType","__schema__":{"collectionName":"admin_roles","info":{"name":"Role","description":"","singularName":"role","pluralName":"roles","displayName":"Role"},"options":{},"pluginOptions":{"content-manager":{"visible":false},"content-type-builder":{"visible":false}},"attributes":{"name":{"type":"string","minLength":1,"unique":true,"configurable":false,"required":true},"code":{"type":"string","minLength":1,"unique":true,"configurable":false,"required":true},"description":{"type":"string","configurable":false},"users":{"configurable":false,"type":"relation","relation":"manyToMany","mappedBy":"roles","target":"admin::user"},"permissions":{"configurable":false,"type":"relation","relation":"oneToMany","mappedBy":"role","target":"admin::permission"}},"kind":"collectionType"},"modelType":"contentType","modelName":"role","connection":"default","uid":"admin::role","plugin":"admin","globalId":"AdminRole"},"admin::api-token":{"collectionName":"strapi_api_tokens","info":{"name":"Api Token","singularName":"api-token","pluralName":"api-tokens","displayName":"Api Token","description":""},"options":{},"pluginOptions":{"content-manager":{"visible":false},"content-type-builder":{"visible":false}},"attributes":{"name":{"type":"string","minLength":1,"configurable":false,"required":true,"unique":true},"description":{"type":"string","minLength":1,"configurable":false,"required":false,"default":""},"type":{"type":"enumeration","enum":["read-only","full-access","custom"],"configurable":false,"required":true,"default":"read-only"},"accessKey":{"type":"string","minLength":1,"configurable":false,"required":true,"searchable":false},"lastUsedAt":{"type":"datetime","configurable":false,"required":false},"permissions":{"type":"relation","target":"admin::api-token-permission","relation":"oneToMany","mappedBy":"token","configurable":false,"required":false},"expiresAt":{"type":"datetime","configurable":false,"required":false},"lifespan":{"type":"biginteger","configurable":false,"required":false},"createdAt":{"type":"datetime"},"updatedAt":{"type":"datetime"},"createdBy":{"type":"relation","relation":"oneToOne","target":"admin::user","configurable":false,"writable":false,"visible":false,"useJoinTable":false,"private":true},"updatedBy":{"type":"relation","relation":"oneToOne","target":"admin::user","configurable":false,"writable":false,"visible":false,"useJoinTable":false,"private":true}},"kind":"collectionType","__schema__":{"collectionName":"strapi_api_tokens","info":{"name":"Api Token","singularName":"api-token","pluralName":"api-tokens","displayName":"Api Token","description":""},"options":{},"pluginOptions":{"content-manager":{"visible":false},"content-type-builder":{"visible":false}},"attributes":{"name":{"type":"string","minLength":1,"configurable":false,"required":true,"unique":true},"description":{"type":"string","minLength":1,"configurable":false,"required":false,"default":""},"type":{"type":"enumeration","enum":["read-only","full-access","custom"],"configurable":false,"required":true,"default":"read-only"},"accessKey":{"type":"string","minLength":1,"configurable":false,"required":true,"searchable":false},"lastUsedAt":{"type":"datetime","configurable":false,"required":false},"permissions":{"type":"relation","target":"admin::api-token-permission","relation":"oneToMany","mappedBy":"token","configurable":false,"required":false},"expiresAt":{"type":"datetime","configurable":false,"required":false},"lifespan":{"type":"biginteger","configurable":false,"required":false}},"kind":"collectionType"},"modelType":"contentType","modelName":"api-token","connection":"default","uid":"admin::api-token","plugin":"admin","globalId":"AdminApiToken"},"admin::api-token-permission":{"collectionName":"strapi_api_token_permissions","info":{"name":"API Token Permission","description":"","singularName":"api-token-permission","pluralName":"api-token-permissions","displayName":"API Token Permission"},"options":{},"pluginOptions":{"content-manager":{"visible":false},"content-type-builder":{"visible":false}},"attributes":{"action":{"type":"string","minLength":1,"configurable":false,"required":true},"token":{"configurable":false,"type":"relation","relation":"manyToOne","inversedBy":"permissions","target":"admin::api-token"},"createdAt":{"type":"datetime"},"updatedAt":{"type":"datetime"},"createdBy":{"type":"relation","relation":"oneToOne","target":"admin::user","configurable":false,"writable":false,"visible":false,"useJoinTable":false,"private":true},"updatedBy":{"type":"relation","relation":"oneToOne","target":"admin::user","configurable":false,"writable":false,"visible":false,"useJoinTable":false,"private":true}},"kind":"collectionType","__schema__":{"collectionName":"strapi_api_token_permissions","info":{"name":"API Token Permission","description":"","singularName":"api-token-permission","pluralName":"api-token-permissions","displayName":"API Token Permission"},"options":{},"pluginOptions":{"content-manager":{"visible":false},"content-type-builder":{"visible":false}},"attributes":{"action":{"type":"string","minLength":1,"configurable":false,"required":true},"token":{"configurable":false,"type":"relation","relation":"manyToOne","inversedBy":"permissions","target":"admin::api-token"}},"kind":"collectionType"},"modelType":"contentType","modelName":"api-token-permission","connection":"default","uid":"admin::api-token-permission","plugin":"admin","globalId":"AdminApiTokenPermission"},"admin::transfer-token":{"collectionName":"strapi_transfer_tokens","info":{"name":"Transfer Token","singularName":"transfer-token","pluralName":"transfer-tokens","displayName":"Transfer Token","description":""},"options":{},"pluginOptions":{"content-manager":{"visible":false},"content-type-builder":{"visible":false}},"attributes":{"name":{"type":"string","minLength":1,"configurable":false,"required":true,"unique":true},"description":{"type":"string","minLength":1,"configurable":false,"required":false,"default":""},"accessKey":{"type":"string","minLength":1,"configurable":false,"required":true},"lastUsedAt":{"type":"datetime","configurable":false,"required":false},"permissions":{"type":"relation","target":"admin::transfer-token-permission","relation":"oneToMany","mappedBy":"token","configurable":false,"required":false},"expiresAt":{"type":"datetime","configurable":false,"required":false},"lifespan":{"type":"biginteger","configurable":false,"required":false},"createdAt":{"type":"datetime"},"updatedAt":{"type":"datetime"},"createdBy":{"type":"relation","relation":"oneToOne","target":"admin::user","configurable":false,"writable":false,"visible":false,"useJoinTable":false,"private":true},"updatedBy":{"type":"relation","relation":"oneToOne","target":"admin::user","configurable":false,"writable":false,"visible":false,"useJoinTable":false,"private":true}},"kind":"collectionType","__schema__":{"collectionName":"strapi_transfer_tokens","info":{"name":"Transfer Token","singularName":"transfer-token","pluralName":"transfer-tokens","displayName":"Transfer Token","description":""},"options":{},"pluginOptions":{"content-manager":{"visible":false},"content-type-builder":{"visible":false}},"attributes":{"name":{"type":"string","minLength":1,"configurable":false,"required":true,"unique":true},"description":{"type":"string","minLength":1,"configurable":false,"required":false,"default":""},"accessKey":{"type":"string","minLength":1,"configurable":false,"required":true},"lastUsedAt":{"type":"datetime","configurable":false,"required":false},"permissions":{"type":"relation","target":"admin::transfer-token-permission","relation":"oneToMany","mappedBy":"token","configurable":false,"required":false},"expiresAt":{"type":"datetime","configurable":false,"required":false},"lifespan":{"type":"biginteger","configurable":false,"required":false}},"kind":"collectionType"},"modelType":"contentType","modelName":"transfer-token","connection":"default","uid":"admin::transfer-token","plugin":"admin","globalId":"AdminTransferToken"},"admin::transfer-token-permission":{"collectionName":"strapi_transfer_token_permissions","info":{"name":"Transfer Token Permission","description":"","singularName":"transfer-token-permission","pluralName":"transfer-token-permissions","displayName":"Transfer Token Permission"},"options":{},"pluginOptions":{"content-manager":{"visible":false},"content-type-builder":{"visible":false}},"attributes":{"action":{"type":"string","minLength":1,"configurable":false,"required":true},"token":{"configurable":false,"type":"relation","relation":"manyToOne","inversedBy":"permissions","target":"admin::transfer-token"},"createdAt":{"type":"datetime"},"updatedAt":{"type":"datetime"},"createdBy":{"type":"relation","relation":"oneToOne","target":"admin::user","configurable":false,"writable":false,"visible":false,"useJoinTable":false,"private":true},"updatedBy":{"type":"relation","relation":"oneToOne","target":"admin::user","configurable":false,"writable":false,"visible":false,"useJoinTable":false,"private":true}},"kind":"collectionType","__schema__":{"collectionName":"strapi_transfer_token_permissions","info":{"name":"Transfer Token Permission","description":"","singularName":"transfer-token-permission","pluralName":"transfer-token-permissions","displayName":"Transfer Token Permission"},"options":{},"pluginOptions":{"content-manager":{"visible":false},"content-type-builder":{"visible":false}},"attributes":{"action":{"type":"string","minLength":1,"configurable":false,"required":true},"token":{"configurable":false,"type":"relation","relation":"manyToOne","inversedBy":"permissions","target":"admin::transfer-token"}},"kind":"collectionType"},"modelType":"contentType","modelName":"transfer-token-permission","connection":"default","uid":"admin::transfer-token-permission","plugin":"admin","globalId":"AdminTransferTokenPermission"},"plugin::upload.file":{"collectionName":"files","info":{"singularName":"file","pluralName":"files","displayName":"File","description":""},"options":{},"pluginOptions":{"content-manager":{"visible":false},"content-type-builder":{"visible":false}},"attributes":{"name":{"type":"string","configurable":false,"required":true},"alternativeText":{"type":"string","configurable":false},"caption":{"type":"string","configurable":false},"width":{"type":"integer","configurable":false},"height":{"type":"integer","configurable":false},"formats":{"type":"json","configurable":false},"hash":{"type":"string","configurable":false,"required":true},"ext":{"type":"string","configurable":false},"mime":{"type":"string","configurable":false,"required":true},"size":{"type":"decimal","configurable":false,"required":true},"url":{"type":"string","configurable":false,"required":true},"previewUrl":{"type":"string","configurable":false},"provider":{"type":"string","configurable":false,"required":true},"provider_metadata":{"type":"json","configurable":false},"related":{"type":"relation","relation":"morphToMany","configurable":false},"folder":{"type":"relation","relation":"manyToOne","target":"plugin::upload.folder","inversedBy":"files","private":true},"folderPath":{"type":"string","min":1,"required":true,"private":true,"searchable":false},"createdAt":{"type":"datetime"},"updatedAt":{"type":"datetime"},"createdBy":{"type":"relation","relation":"oneToOne","target":"admin::user","configurable":false,"writable":false,"visible":false,"useJoinTable":false,"private":true},"updatedBy":{"type":"relation","relation":"oneToOne","target":"admin::user","configurable":false,"writable":false,"visible":false,"useJoinTable":false,"private":true}},"indexes":[{"name":"upload_files_folder_path_index","columns":["folder_path"],"type":null},{"name":"upload_files_created_at_index","columns":["created_at"],"type":null},{"name":"upload_files_updated_at_index","columns":["updated_at"],"type":null},{"name":"upload_files_name_index","columns":["name"],"type":null},{"name":"upload_files_size_index","columns":["size"],"type":null},{"name":"upload_files_ext_index","columns":["ext"],"type":null}],"kind":"collectionType","__schema__":{"collectionName":"files","info":{"singularName":"file","pluralName":"files","displayName":"File","description":""},"options":{},"pluginOptions":{"content-manager":{"visible":false},"content-type-builder":{"visible":false}},"attributes":{"name":{"type":"string","configurable":false,"required":true},"alternativeText":{"type":"string","configurable":false},"caption":{"type":"string","configurable":false},"width":{"type":"integer","configurable":false},"height":{"type":"integer","configurable":false},"formats":{"type":"json","configurable":false},"hash":{"type":"string","configurable":false,"required":true},"ext":{"type":"string","configurable":false},"mime":{"type":"string","configurable":false,"required":true},"size":{"type":"decimal","configurable":false,"required":true},"url":{"type":"string","configurable":false,"required":true},"previewUrl":{"type":"string","configurable":false},"provider":{"type":"string","configurable":false,"required":true},"provider_metadata":{"type":"json","configurable":false},"related":{"type":"relation","relation":"morphToMany","configurable":false},"folder":{"type":"relation","relation":"manyToOne","target":"plugin::upload.folder","inversedBy":"files","private":true},"folderPath":{"type":"string","min":1,"required":true,"private":true,"searchable":false}},"kind":"collectionType"},"modelType":"contentType","modelName":"file","connection":"default","uid":"plugin::upload.file","plugin":"upload","globalId":"UploadFile"},"plugin::upload.folder":{"collectionName":"upload_folders","info":{"singularName":"folder","pluralName":"folders","displayName":"Folder"},"options":{},"pluginOptions":{"content-manager":{"visible":false},"content-type-builder":{"visible":false}},"attributes":{"name":{"type":"string","min":1,"required":true},"pathId":{"type":"integer","unique":true,"required":true},"parent":{"type":"relation","relation":"manyToOne","target":"plugin::upload.folder","inversedBy":"children"},"children":{"type":"relation","relation":"oneToMany","target":"plugin::upload.folder","mappedBy":"parent"},"files":{"type":"relation","relation":"oneToMany","target":"plugin::upload.file","mappedBy":"folder"},"path":{"type":"string","min":1,"required":true},"createdAt":{"type":"datetime"},"updatedAt":{"type":"datetime"},"createdBy":{"type":"relation","relation":"oneToOne","target":"admin::user","configurable":false,"writable":false,"visible":false,"useJoinTable":false,"private":true},"updatedBy":{"type":"relation","relation":"oneToOne","target":"admin::user","configurable":false,"writable":false,"visible":false,"useJoinTable":false,"private":true}},"indexes":[{"name":"upload_folders_path_id_index","columns":["path_id"],"type":"unique"},{"name":"upload_folders_path_index","columns":["path"],"type":"unique"}],"kind":"collectionType","__schema__":{"collectionName":"upload_folders","info":{"singularName":"folder","pluralName":"folders","displayName":"Folder"},"options":{},"pluginOptions":{"content-manager":{"visible":false},"content-type-builder":{"visible":false}},"attributes":{"name":{"type":"string","min":1,"required":true},"pathId":{"type":"integer","unique":true,"required":true},"parent":{"type":"relation","relation":"manyToOne","target":"plugin::upload.folder","inversedBy":"children"},"children":{"type":"relation","relation":"oneToMany","target":"plugin::upload.folder","mappedBy":"parent"},"files":{"type":"relation","relation":"oneToMany","target":"plugin::upload.file","mappedBy":"folder"},"path":{"type":"string","min":1,"required":true}},"kind":"collectionType"},"modelType":"contentType","modelName":"folder","connection":"default","uid":"plugin::upload.folder","plugin":"upload","globalId":"UploadFolder"},"plugin::content-releases.release":{"collectionName":"strapi_releases","info":{"singularName":"release","pluralName":"releases","displayName":"Release"},"options":{"draftAndPublish":false},"pluginOptions":{"content-manager":{"visible":false},"content-type-builder":{"visible":false}},"attributes":{"name":{"type":"string","required":true},"releasedAt":{"type":"datetime"},"scheduledAt":{"type":"datetime"},"timezone":{"type":"string"},"status":{"type":"enumeration","enum":["ready","blocked","failed","done","empty"],"required":true},"actions":{"type":"relation","relation":"oneToMany","target":"plugin::content-releases.release-action","mappedBy":"release"},"createdAt":{"type":"datetime"},"updatedAt":{"type":"datetime"},"createdBy":{"type":"relation","relation":"oneToOne","target":"admin::user","configurable":false,"writable":false,"visible":false,"useJoinTable":false,"private":true},"updatedBy":{"type":"relation","relation":"oneToOne","target":"admin::user","configurable":false,"writable":false,"visible":false,"useJoinTable":false,"private":true}},"kind":"collectionType","__schema__":{"collectionName":"strapi_releases","info":{"singularName":"release","pluralName":"releases","displayName":"Release"},"options":{"draftAndPublish":false},"pluginOptions":{"content-manager":{"visible":false},"content-type-builder":{"visible":false}},"attributes":{"name":{"type":"string","required":true},"releasedAt":{"type":"datetime"},"scheduledAt":{"type":"datetime"},"timezone":{"type":"string"},"status":{"type":"enumeration","enum":["ready","blocked","failed","done","empty"],"required":true},"actions":{"type":"relation","relation":"oneToMany","target":"plugin::content-releases.release-action","mappedBy":"release"}},"kind":"collectionType"},"modelType":"contentType","modelName":"release","connection":"default","uid":"plugin::content-releases.release","plugin":"content-releases","globalId":"ContentReleasesRelease"},"plugin::content-releases.release-action":{"collectionName":"strapi_release_actions","info":{"singularName":"release-action","pluralName":"release-actions","displayName":"Release Action"},"options":{"draftAndPublish":false},"pluginOptions":{"content-manager":{"visible":false},"content-type-builder":{"visible":false}},"attributes":{"type":{"type":"enumeration","enum":["publish","unpublish"],"required":true},"entry":{"type":"relation","relation":"morphToOne","configurable":false},"contentType":{"type":"string","required":true},"locale":{"type":"string"},"release":{"type":"relation","relation":"manyToOne","target":"plugin::content-releases.release","inversedBy":"actions"},"isEntryValid":{"type":"boolean"},"createdAt":{"type":"datetime"},"updatedAt":{"type":"datetime"},"createdBy":{"type":"relation","relation":"oneToOne","target":"admin::user","configurable":false,"writable":false,"visible":false,"useJoinTable":false,"private":true},"updatedBy":{"type":"relation","relation":"oneToOne","target":"admin::user","configurable":false,"writable":false,"visible":false,"useJoinTable":false,"private":true}},"kind":"collectionType","__schema__":{"collectionName":"strapi_release_actions","info":{"singularName":"release-action","pluralName":"release-actions","displayName":"Release Action"},"options":{"draftAndPublish":false},"pluginOptions":{"content-manager":{"visible":false},"content-type-builder":{"visible":false}},"attributes":{"type":{"type":"enumeration","enum":["publish","unpublish"],"required":true},"entry":{"type":"relation","relation":"morphToOne","configurable":false},"contentType":{"type":"string","required":true},"locale":{"type":"string"},"release":{"type":"relation","relation":"manyToOne","target":"plugin::content-releases.release","inversedBy":"actions"},"isEntryValid":{"type":"boolean"}},"kind":"collectionType"},"modelType":"contentType","modelName":"release-action","connection":"default","uid":"plugin::content-releases.release-action","plugin":"content-releases","globalId":"ContentReleasesReleaseAction"},"plugin::i18n.locale":{"info":{"singularName":"locale","pluralName":"locales","collectionName":"locales","displayName":"Locale","description":""},"options":{"draftAndPublish":false},"pluginOptions":{"content-manager":{"visible":false},"content-type-builder":{"visible":false}},"attributes":{"name":{"type":"string","min":1,"max":50,"configurable":false},"code":{"type":"string","unique":true,"configurable":false},"createdAt":{"type":"datetime"},"updatedAt":{"type":"datetime"},"createdBy":{"type":"relation","relation":"oneToOne","target":"admin::user","configurable":false,"writable":false,"visible":false,"useJoinTable":false,"private":true},"updatedBy":{"type":"relation","relation":"oneToOne","target":"admin::user","configurable":false,"writable":false,"visible":false,"useJoinTable":false,"private":true}},"kind":"collectionType","__schema__":{"info":{"singularName":"locale","pluralName":"locales","collectionName":"locales","displayName":"Locale","description":""},"options":{"draftAndPublish":false},"pluginOptions":{"content-manager":{"visible":false},"content-type-builder":{"visible":false}},"attributes":{"name":{"type":"string","min":1,"max":50,"configurable":false},"code":{"type":"string","unique":true,"configurable":false}},"kind":"collectionType"},"modelType":"contentType","modelName":"locale","connection":"default","uid":"plugin::i18n.locale","plugin":"i18n","collectionName":"i18n_locale","globalId":"I18NLocale"},"plugin::users-permissions.permission":{"collectionName":"up_permissions","info":{"name":"permission","description":"","singularName":"permission","pluralName":"permissions","displayName":"Permission"},"pluginOptions":{"content-manager":{"visible":false},"content-type-builder":{"visible":false}},"attributes":{"action":{"type":"string","required":true,"configurable":false},"role":{"type":"relation","relation":"manyToOne","target":"plugin::users-permissions.role","inversedBy":"permissions","configurable":false},"createdAt":{"type":"datetime"},"updatedAt":{"type":"datetime"},"createdBy":{"type":"relation","relation":"oneToOne","target":"admin::user","configurable":false,"writable":false,"visible":false,"useJoinTable":false,"private":true},"updatedBy":{"type":"relation","relation":"oneToOne","target":"admin::user","configurable":false,"writable":false,"visible":false,"useJoinTable":false,"private":true}},"kind":"collectionType","__schema__":{"collectionName":"up_permissions","info":{"name":"permission","description":"","singularName":"permission","pluralName":"permissions","displayName":"Permission"},"pluginOptions":{"content-manager":{"visible":false},"content-type-builder":{"visible":false}},"attributes":{"action":{"type":"string","required":true,"configurable":false},"role":{"type":"relation","relation":"manyToOne","target":"plugin::users-permissions.role","inversedBy":"permissions","configurable":false}},"kind":"collectionType"},"modelType":"contentType","modelName":"permission","connection":"default","uid":"plugin::users-permissions.permission","plugin":"users-permissions","globalId":"UsersPermissionsPermission"},"plugin::users-permissions.role":{"collectionName":"up_roles","info":{"name":"role","description":"","singularName":"role","pluralName":"roles","displayName":"Role"},"pluginOptions":{"content-manager":{"visible":false},"content-type-builder":{"visible":false}},"attributes":{"name":{"type":"string","minLength":3,"required":true,"configurable":false},"description":{"type":"string","configurable":false},"type":{"type":"string","unique":true,"configurable":false},"permissions":{"type":"relation","relation":"oneToMany","target":"plugin::users-permissions.permission","mappedBy":"role","configurable":false},"users":{"type":"relation","relation":"oneToMany","target":"plugin::users-permissions.user","mappedBy":"role","configurable":false},"createdAt":{"type":"datetime"},"updatedAt":{"type":"datetime"},"createdBy":{"type":"relation","relation":"oneToOne","target":"admin::user","configurable":false,"writable":false,"visible":false,"useJoinTable":false,"private":true},"updatedBy":{"type":"relation","relation":"oneToOne","target":"admin::user","configurable":false,"writable":false,"visible":false,"useJoinTable":false,"private":true}},"kind":"collectionType","__schema__":{"collectionName":"up_roles","info":{"name":"role","description":"","singularName":"role","pluralName":"roles","displayName":"Role"},"pluginOptions":{"content-manager":{"visible":false},"content-type-builder":{"visible":false}},"attributes":{"name":{"type":"string","minLength":3,"required":true,"configurable":false},"description":{"type":"string","configurable":false},"type":{"type":"string","unique":true,"configurable":false},"permissions":{"type":"relation","relation":"oneToMany","target":"plugin::users-permissions.permission","mappedBy":"role","configurable":false},"users":{"type":"relation","relation":"oneToMany","target":"plugin::users-permissions.user","mappedBy":"role","configurable":false}},"kind":"collectionType"},"modelType":"contentType","modelName":"role","connection":"default","uid":"plugin::users-permissions.role","plugin":"users-permissions","globalId":"UsersPermissionsRole"},"plugin::users-permissions.user":{"collectionName":"up_users","info":{"name":"user","description":"","singularName":"user","pluralName":"users","displayName":"User"},"options":{"draftAndPublish":false,"timestamps":true},"attributes":{"username":{"type":"string","minLength":3,"unique":true,"configurable":false,"required":true},"email":{"type":"email","minLength":6,"configurable":false,"required":true},"provider":{"type":"string","configurable":false},"password":{"type":"password","minLength":6,"configurable":false,"private":true,"searchable":false},"resetPasswordToken":{"type":"string","configurable":false,"private":true,"searchable":false},"confirmationToken":{"type":"string","configurable":false,"private":true,"searchable":false},"confirmed":{"type":"boolean","default":false,"configurable":false},"blocked":{"type":"boolean","default":false,"configurable":false},"role":{"type":"relation","relation":"manyToOne","target":"plugin::users-permissions.role","inversedBy":"users","configurable":false},"createdAt":{"type":"datetime"},"updatedAt":{"type":"datetime"},"createdBy":{"type":"relation","relation":"oneToOne","target":"admin::user","configurable":false,"writable":false,"visible":false,"useJoinTable":false,"private":true},"updatedBy":{"type":"relation","relation":"oneToOne","target":"admin::user","configurable":false,"writable":false,"visible":false,"useJoinTable":false,"private":true}},"config":{"attributes":{"resetPasswordToken":{"hidden":true},"confirmationToken":{"hidden":true},"provider":{"hidden":true}}},"kind":"collectionType","__schema__":{"collectionName":"up_users","info":{"name":"user","description":"","singularName":"user","pluralName":"users","displayName":"User"},"options":{"draftAndPublish":false,"timestamps":true},"attributes":{"username":{"type":"string","minLength":3,"unique":true,"configurable":false,"required":true},"email":{"type":"email","minLength":6,"configurable":false,"required":true},"provider":{"type":"string","configurable":false},"password":{"type":"password","minLength":6,"configurable":false,"private":true,"searchable":false},"resetPasswordToken":{"type":"string","configurable":false,"private":true,"searchable":false},"confirmationToken":{"type":"string","configurable":false,"private":true,"searchable":false},"confirmed":{"type":"boolean","default":false,"configurable":false},"blocked":{"type":"boolean","default":false,"configurable":false},"role":{"type":"relation","relation":"manyToOne","target":"plugin::users-permissions.role","inversedBy":"users","configurable":false}},"kind":"collectionType"},"modelType":"contentType","modelName":"user","connection":"default","uid":"plugin::users-permissions.user","plugin":"users-permissions","globalId":"UsersPermissionsUser"},"plugin::slugify.slug":{"kind":"collectionType","collectionName":"slugs","info":{"singularName":"slug","pluralName":"slugs","displayName":"slug"},"options":{"draftAndPublish":false,"comment":""},"pluginOptions":{"content-manager":{"visible":false},"content-type-builder":{"visible":false}},"attributes":{"slug":{"type":"text"},"count":{"type":"integer"},"createdAt":{"type":"datetime"},"updatedAt":{"type":"datetime"},"createdBy":{"type":"relation","relation":"oneToOne","target":"admin::user","configurable":false,"writable":false,"visible":false,"useJoinTable":false,"private":true},"updatedBy":{"type":"relation","relation":"oneToOne","target":"admin::user","configurable":false,"writable":false,"visible":false,"useJoinTable":false,"private":true}},"__schema__":{"collectionName":"slugs","info":{"singularName":"slug","pluralName":"slugs","displayName":"slug"},"options":{"draftAndPublish":false,"comment":""},"pluginOptions":{"content-manager":{"visible":false},"content-type-builder":{"visible":false}},"attributes":{"slug":{"type":"text"},"count":{"type":"integer"}},"kind":"collectionType"},"modelType":"contentType","modelName":"slug","connection":"default","uid":"plugin::slugify.slug","plugin":"slugify","globalId":"SlugifySlug"},"api::category.category":{"kind":"collectionType","collectionName":"categories","info":{"singularName":"category","pluralName":"categories","displayName":"category","description":""},"options":{"draftAndPublish":false},"pluginOptions":{},"attributes":{"name":{"type":"string","required":true},"events":{"type":"relation","relation":"oneToMany","target":"api::event.event","mappedBy":"category"},"slug":{"type":"uid","targetField":"name","required":true},"news":{"type":"relation","relation":"oneToMany","target":"api::new.new","mappedBy":"category"},"createdAt":{"type":"datetime"},"updatedAt":{"type":"datetime"},"createdBy":{"type":"relation","relation":"oneToOne","target":"admin::user","configurable":false,"writable":false,"visible":false,"useJoinTable":false,"private":true},"updatedBy":{"type":"relation","relation":"oneToOne","target":"admin::user","configurable":false,"writable":false,"visible":false,"useJoinTable":false,"private":true}},"__schema__":{"collectionName":"categories","info":{"singularName":"category","pluralName":"categories","displayName":"category","description":""},"options":{"draftAndPublish":false},"pluginOptions":{},"attributes":{"name":{"type":"string","required":true},"events":{"type":"relation","relation":"oneToMany","target":"api::event.event","mappedBy":"category"},"slug":{"type":"uid","targetField":"name","required":true},"news":{"type":"relation","relation":"oneToMany","target":"api::new.new","mappedBy":"category"}},"kind":"collectionType"},"modelType":"contentType","modelName":"category","connection":"default","uid":"api::category.category","apiName":"category","globalId":"Category","actions":{},"lifecycles":{}},"api::event.event":{"kind":"collectionType","collectionName":"events","info":{"singularName":"event","pluralName":"events","displayName":"Event","description":""},"options":{"draftAndPublish":false},"pluginOptions":{},"attributes":{"title":{"type":"string","required":true},"content":{"type":"richtext","required":true},"date":{"type":"date","required":true},"cover":{"type":"media","multiple":false,"required":true,"allowedTypes":["images"]},"category":{"type":"relation","relation":"manyToOne","target":"api::category.category","inversedBy":"events"},"slug":{"type":"uid","targetField":"title","required":true},"album":{"type":"string","required":true},"createdAt":{"type":"datetime"},"updatedAt":{"type":"datetime"},"createdBy":{"type":"relation","relation":"oneToOne","target":"admin::user","configurable":false,"writable":false,"visible":false,"useJoinTable":false,"private":true},"updatedBy":{"type":"relation","relation":"oneToOne","target":"admin::user","configurable":false,"writable":false,"visible":false,"useJoinTable":false,"private":true}},"__schema__":{"collectionName":"events","info":{"singularName":"event","pluralName":"events","displayName":"Event","description":""},"options":{"draftAndPublish":false},"pluginOptions":{},"attributes":{"title":{"type":"string","required":true},"content":{"type":"richtext","required":true},"date":{"type":"date","required":true},"cover":{"type":"media","multiple":false,"required":true,"allowedTypes":["images"]},"category":{"type":"relation","relation":"manyToOne","target":"api::category.category","inversedBy":"events"},"slug":{"type":"uid","targetField":"title","required":true},"album":{"type":"string","required":true}},"kind":"collectionType"},"modelType":"contentType","modelName":"event","connection":"default","uid":"api::event.event","apiName":"event","globalId":"Event","actions":{},"lifecycles":{}},"api::group.group":{"kind":"collectionType","collectionName":"groups","info":{"singularName":"group","pluralName":"groups","displayName":"Group"},"options":{"draftAndPublish":false},"pluginOptions":{},"attributes":{"title":{"type":"string","required":true},"description":{"type":"richtext","required":true},"cover":{"allowedTypes":["images"],"type":"media","multiple":false},"slug":{"type":"uid","targetField":"title","required":true},"createdAt":{"type":"datetime"},"updatedAt":{"type":"datetime"},"createdBy":{"type":"relation","relation":"oneToOne","target":"admin::user","configurable":false,"writable":false,"visible":false,"useJoinTable":false,"private":true},"updatedBy":{"type":"relation","relation":"oneToOne","target":"admin::user","configurable":false,"writable":false,"visible":false,"useJoinTable":false,"private":true}},"__schema__":{"collectionName":"groups","info":{"singularName":"group","pluralName":"groups","displayName":"Group"},"options":{"draftAndPublish":false},"pluginOptions":{},"attributes":{"title":{"type":"string","required":true},"description":{"type":"richtext","required":true},"cover":{"allowedTypes":["images"],"type":"media","multiple":false},"slug":{"type":"uid","targetField":"title","required":true}},"kind":"collectionType"},"modelType":"contentType","modelName":"group","connection":"default","uid":"api::group.group","apiName":"group","globalId":"Group","actions":{},"lifecycles":{}},"api::new.new":{"kind":"collectionType","collectionName":"news","info":{"singularName":"new","pluralName":"news","displayName":"New","description":""},"options":{"draftAndPublish":false},"pluginOptions":{},"attributes":{"title":{"type":"string","required":true},"content":{"type":"richtext","required":true},"date":{"type":"date","required":true},"cover":{"type":"media","multiple":false,"required":true,"allowedTypes":["images"]},"category":{"type":"relation","relation":"manyToOne","target":"api::category.category","inversedBy":"news"},"slug":{"type":"uid","required":true,"targetField":"title"},"createdAt":{"type":"datetime"},"updatedAt":{"type":"datetime"},"createdBy":{"type":"relation","relation":"oneToOne","target":"admin::user","configurable":false,"writable":false,"visible":false,"useJoinTable":false,"private":true},"updatedBy":{"type":"relation","relation":"oneToOne","target":"admin::user","configurable":false,"writable":false,"visible":false,"useJoinTable":false,"private":true}},"__schema__":{"collectionName":"news","info":{"singularName":"new","pluralName":"news","displayName":"New","description":""},"options":{"draftAndPublish":false},"pluginOptions":{},"attributes":{"title":{"type":"string","required":true},"content":{"type":"richtext","required":true},"date":{"type":"date","required":true},"cover":{"type":"media","multiple":false,"required":true,"allowedTypes":["images"]},"category":{"type":"relation","relation":"manyToOne","target":"api::category.category","inversedBy":"news"},"slug":{"type":"uid","required":true,"targetField":"title"}},"kind":"collectionType"},"modelType":"contentType","modelName":"new","connection":"default","uid":"api::new.new","apiName":"new","globalId":"New","actions":{},"lifecycles":{}}}	object	\N	\N
10	plugin_content_manager_configuration_content_types::admin::user	{"settings":{"bulkable":true,"filterable":true,"searchable":true,"pageSize":10,"mainField":"firstname","defaultSortBy":"firstname","defaultSortOrder":"ASC"},"metadatas":{"id":{"edit":{},"list":{"label":"id","searchable":true,"sortable":true}},"firstname":{"edit":{"label":"firstname","description":"","placeholder":"","visible":true,"editable":true},"list":{"label":"firstname","searchable":true,"sortable":true}},"lastname":{"edit":{"label":"lastname","description":"","placeholder":"","visible":true,"editable":true},"list":{"label":"lastname","searchable":true,"sortable":true}},"username":{"edit":{"label":"username","description":"","placeholder":"","visible":true,"editable":true},"list":{"label":"username","searchable":true,"sortable":true}},"email":{"edit":{"label":"email","description":"","placeholder":"","visible":true,"editable":true},"list":{"label":"email","searchable":true,"sortable":true}},"password":{"edit":{"label":"password","description":"","placeholder":"","visible":true,"editable":true},"list":{"label":"password","searchable":true,"sortable":true}},"resetPasswordToken":{"edit":{"label":"resetPasswordToken","description":"","placeholder":"","visible":false,"editable":true},"list":{"label":"resetPasswordToken","searchable":true,"sortable":true}},"registrationToken":{"edit":{"label":"registrationToken","description":"","placeholder":"","visible":false,"editable":true},"list":{"label":"registrationToken","searchable":true,"sortable":true}},"isActive":{"edit":{"label":"isActive","description":"","placeholder":"","visible":true,"editable":true},"list":{"label":"isActive","searchable":true,"sortable":true}},"roles":{"edit":{"label":"roles","description":"","placeholder":"","visible":true,"editable":true,"mainField":"name"},"list":{"label":"roles","searchable":false,"sortable":false}},"blocked":{"edit":{"label":"blocked","description":"","placeholder":"","visible":true,"editable":true},"list":{"label":"blocked","searchable":true,"sortable":true}},"preferedLanguage":{"edit":{"label":"preferedLanguage","description":"","placeholder":"","visible":true,"editable":true},"list":{"label":"preferedLanguage","searchable":true,"sortable":true}},"createdAt":{"edit":{"label":"createdAt","description":"","placeholder":"","visible":false,"editable":true},"list":{"label":"createdAt","searchable":true,"sortable":true}},"updatedAt":{"edit":{"label":"updatedAt","description":"","placeholder":"","visible":false,"editable":true},"list":{"label":"updatedAt","searchable":true,"sortable":true}},"createdBy":{"edit":{"label":"createdBy","description":"","placeholder":"","visible":false,"editable":true,"mainField":"firstname"},"list":{"label":"createdBy","searchable":true,"sortable":true}},"updatedBy":{"edit":{"label":"updatedBy","description":"","placeholder":"","visible":false,"editable":true,"mainField":"firstname"},"list":{"label":"updatedBy","searchable":true,"sortable":true}}},"layouts":{"list":["id","firstname","lastname","username"],"edit":[[{"name":"firstname","size":6},{"name":"lastname","size":6}],[{"name":"username","size":6},{"name":"email","size":6}],[{"name":"password","size":6},{"name":"isActive","size":4}],[{"name":"roles","size":6},{"name":"blocked","size":4}],[{"name":"preferedLanguage","size":6}]]},"uid":"admin::user"}	object	\N	\N
13	plugin_content_manager_configuration_content_types::plugin::users-permissions.permission	{"settings":{"bulkable":true,"filterable":true,"searchable":true,"pageSize":10,"mainField":"action","defaultSortBy":"action","defaultSortOrder":"ASC"},"metadatas":{"id":{"edit":{},"list":{"label":"id","searchable":true,"sortable":true}},"action":{"edit":{"label":"action","description":"","placeholder":"","visible":true,"editable":true},"list":{"label":"action","searchable":true,"sortable":true}},"role":{"edit":{"label":"role","description":"","placeholder":"","visible":true,"editable":true,"mainField":"name"},"list":{"label":"role","searchable":true,"sortable":true}},"createdAt":{"edit":{"label":"createdAt","description":"","placeholder":"","visible":false,"editable":true},"list":{"label":"createdAt","searchable":true,"sortable":true}},"updatedAt":{"edit":{"label":"updatedAt","description":"","placeholder":"","visible":false,"editable":true},"list":{"label":"updatedAt","searchable":true,"sortable":true}},"createdBy":{"edit":{"label":"createdBy","description":"","placeholder":"","visible":false,"editable":true,"mainField":"firstname"},"list":{"label":"createdBy","searchable":true,"sortable":true}},"updatedBy":{"edit":{"label":"updatedBy","description":"","placeholder":"","visible":false,"editable":true,"mainField":"firstname"},"list":{"label":"updatedBy","searchable":true,"sortable":true}}},"layouts":{"list":["id","action","role","createdAt"],"edit":[[{"name":"action","size":6},{"name":"role","size":6}]]},"uid":"plugin::users-permissions.permission"}	object	\N	\N
23	plugin_i18n_default_locale	"pt-BR"	string	\N	\N
14	plugin_content_manager_configuration_content_types::plugin::users-permissions.role	{"settings":{"bulkable":true,"filterable":true,"searchable":true,"pageSize":10,"mainField":"name","defaultSortBy":"name","defaultSortOrder":"ASC"},"metadatas":{"id":{"edit":{},"list":{"label":"id","searchable":true,"sortable":true}},"name":{"edit":{"label":"name","description":"","placeholder":"","visible":true,"editable":true},"list":{"label":"name","searchable":true,"sortable":true}},"description":{"edit":{"label":"description","description":"","placeholder":"","visible":true,"editable":true},"list":{"label":"description","searchable":true,"sortable":true}},"type":{"edit":{"label":"type","description":"","placeholder":"","visible":true,"editable":true},"list":{"label":"type","searchable":true,"sortable":true}},"permissions":{"edit":{"label":"permissions","description":"","placeholder":"","visible":true,"editable":true,"mainField":"action"},"list":{"label":"permissions","searchable":false,"sortable":false}},"users":{"edit":{"label":"users","description":"","placeholder":"","visible":true,"editable":true,"mainField":"username"},"list":{"label":"users","searchable":false,"sortable":false}},"createdAt":{"edit":{"label":"createdAt","description":"","placeholder":"","visible":false,"editable":true},"list":{"label":"createdAt","searchable":true,"sortable":true}},"updatedAt":{"edit":{"label":"updatedAt","description":"","placeholder":"","visible":false,"editable":true},"list":{"label":"updatedAt","searchable":true,"sortable":true}},"createdBy":{"edit":{"label":"createdBy","description":"","placeholder":"","visible":false,"editable":true,"mainField":"firstname"},"list":{"label":"createdBy","searchable":true,"sortable":true}},"updatedBy":{"edit":{"label":"updatedBy","description":"","placeholder":"","visible":false,"editable":true,"mainField":"firstname"},"list":{"label":"updatedBy","searchable":true,"sortable":true}}},"layouts":{"list":["id","name","description","type"],"edit":[[{"name":"name","size":6},{"name":"description","size":6}],[{"name":"type","size":6},{"name":"permissions","size":6}],[{"name":"users","size":6}]]},"uid":"plugin::users-permissions.role"}	object	\N	\N
15	plugin_content_manager_configuration_content_types::plugin::users-permissions.user	{"settings":{"bulkable":true,"filterable":true,"searchable":true,"pageSize":10,"mainField":"username","defaultSortBy":"username","defaultSortOrder":"ASC"},"metadatas":{"id":{"edit":{},"list":{"label":"id","searchable":true,"sortable":true}},"username":{"edit":{"label":"username","description":"","placeholder":"","visible":true,"editable":true},"list":{"label":"username","searchable":true,"sortable":true}},"email":{"edit":{"label":"email","description":"","placeholder":"","visible":true,"editable":true},"list":{"label":"email","searchable":true,"sortable":true}},"provider":{"edit":{"label":"provider","description":"","placeholder":"","visible":false,"editable":true},"list":{"label":"provider","searchable":true,"sortable":true}},"password":{"edit":{"label":"password","description":"","placeholder":"","visible":true,"editable":true},"list":{"label":"password","searchable":true,"sortable":true}},"resetPasswordToken":{"edit":{"label":"resetPasswordToken","description":"","placeholder":"","visible":false,"editable":true},"list":{"label":"resetPasswordToken","searchable":true,"sortable":true}},"confirmationToken":{"edit":{"label":"confirmationToken","description":"","placeholder":"","visible":false,"editable":true},"list":{"label":"confirmationToken","searchable":true,"sortable":true}},"confirmed":{"edit":{"label":"confirmed","description":"","placeholder":"","visible":true,"editable":true},"list":{"label":"confirmed","searchable":true,"sortable":true}},"blocked":{"edit":{"label":"blocked","description":"","placeholder":"","visible":true,"editable":true},"list":{"label":"blocked","searchable":true,"sortable":true}},"role":{"edit":{"label":"role","description":"","placeholder":"","visible":true,"editable":true,"mainField":"name"},"list":{"label":"role","searchable":true,"sortable":true}},"createdAt":{"edit":{"label":"createdAt","description":"","placeholder":"","visible":false,"editable":true},"list":{"label":"createdAt","searchable":true,"sortable":true}},"updatedAt":{"edit":{"label":"updatedAt","description":"","placeholder":"","visible":false,"editable":true},"list":{"label":"updatedAt","searchable":true,"sortable":true}},"createdBy":{"edit":{"label":"createdBy","description":"","placeholder":"","visible":false,"editable":true,"mainField":"firstname"},"list":{"label":"createdBy","searchable":true,"sortable":true}},"updatedBy":{"edit":{"label":"updatedBy","description":"","placeholder":"","visible":false,"editable":true,"mainField":"firstname"},"list":{"label":"updatedBy","searchable":true,"sortable":true}}},"layouts":{"list":["id","username","email","confirmed"],"edit":[[{"name":"username","size":6},{"name":"email","size":6}],[{"name":"password","size":6},{"name":"confirmed","size":4}],[{"name":"blocked","size":4},{"name":"role","size":6}]]},"uid":"plugin::users-permissions.user"}	object	\N	\N
11	plugin_content_manager_configuration_content_types::plugin::content-releases.release	{"settings":{"bulkable":true,"filterable":true,"searchable":true,"pageSize":10,"mainField":"name","defaultSortBy":"name","defaultSortOrder":"ASC"},"metadatas":{"id":{"edit":{},"list":{"label":"id","searchable":true,"sortable":true}},"name":{"edit":{"label":"name","description":"","placeholder":"","visible":true,"editable":true},"list":{"label":"name","searchable":true,"sortable":true}},"releasedAt":{"edit":{"label":"releasedAt","description":"","placeholder":"","visible":true,"editable":true},"list":{"label":"releasedAt","searchable":true,"sortable":true}},"scheduledAt":{"edit":{"label":"scheduledAt","description":"","placeholder":"","visible":true,"editable":true},"list":{"label":"scheduledAt","searchable":true,"sortable":true}},"timezone":{"edit":{"label":"timezone","description":"","placeholder":"","visible":true,"editable":true},"list":{"label":"timezone","searchable":true,"sortable":true}},"status":{"edit":{"label":"status","description":"","placeholder":"","visible":true,"editable":true},"list":{"label":"status","searchable":true,"sortable":true}},"actions":{"edit":{"label":"actions","description":"","placeholder":"","visible":true,"editable":true,"mainField":"contentType"},"list":{"label":"actions","searchable":false,"sortable":false}},"createdAt":{"edit":{"label":"createdAt","description":"","placeholder":"","visible":false,"editable":true},"list":{"label":"createdAt","searchable":true,"sortable":true}},"updatedAt":{"edit":{"label":"updatedAt","description":"","placeholder":"","visible":false,"editable":true},"list":{"label":"updatedAt","searchable":true,"sortable":true}},"createdBy":{"edit":{"label":"createdBy","description":"","placeholder":"","visible":false,"editable":true,"mainField":"firstname"},"list":{"label":"createdBy","searchable":true,"sortable":true}},"updatedBy":{"edit":{"label":"updatedBy","description":"","placeholder":"","visible":false,"editable":true,"mainField":"firstname"},"list":{"label":"updatedBy","searchable":true,"sortable":true}}},"layouts":{"list":["id","name","releasedAt","scheduledAt"],"edit":[[{"name":"name","size":6},{"name":"releasedAt","size":6}],[{"name":"scheduledAt","size":6},{"name":"timezone","size":6}],[{"name":"actions","size":6},{"name":"status","size":6}]]},"uid":"plugin::content-releases.release"}	object	\N	\N
12	plugin_content_manager_configuration_content_types::plugin::content-releases.release-action	{"settings":{"bulkable":true,"filterable":true,"searchable":true,"pageSize":10,"mainField":"contentType","defaultSortBy":"contentType","defaultSortOrder":"ASC"},"metadatas":{"id":{"edit":{},"list":{"label":"id","searchable":true,"sortable":true}},"type":{"edit":{"label":"type","description":"","placeholder":"","visible":true,"editable":true},"list":{"label":"type","searchable":true,"sortable":true}},"contentType":{"edit":{"label":"contentType","description":"","placeholder":"","visible":true,"editable":true},"list":{"label":"contentType","searchable":true,"sortable":true}},"locale":{"edit":{"label":"locale","description":"","placeholder":"","visible":true,"editable":true},"list":{"label":"locale","searchable":true,"sortable":true}},"release":{"edit":{"label":"release","description":"","placeholder":"","visible":true,"editable":true,"mainField":"name"},"list":{"label":"release","searchable":true,"sortable":true}},"isEntryValid":{"edit":{"label":"isEntryValid","description":"","placeholder":"","visible":true,"editable":true},"list":{"label":"isEntryValid","searchable":true,"sortable":true}},"createdAt":{"edit":{"label":"createdAt","description":"","placeholder":"","visible":false,"editable":true},"list":{"label":"createdAt","searchable":true,"sortable":true}},"updatedAt":{"edit":{"label":"updatedAt","description":"","placeholder":"","visible":false,"editable":true},"list":{"label":"updatedAt","searchable":true,"sortable":true}},"createdBy":{"edit":{"label":"createdBy","description":"","placeholder":"","visible":false,"editable":true,"mainField":"firstname"},"list":{"label":"createdBy","searchable":true,"sortable":true}},"updatedBy":{"edit":{"label":"updatedBy","description":"","placeholder":"","visible":false,"editable":true,"mainField":"firstname"},"list":{"label":"updatedBy","searchable":true,"sortable":true}}},"layouts":{"list":["id","type","contentType","locale"],"edit":[[{"name":"type","size":6},{"name":"contentType","size":6}],[{"name":"locale","size":6},{"name":"release","size":6}],[{"name":"isEntryValid","size":4}]]},"uid":"plugin::content-releases.release-action"}	object	\N	\N
16	plugin_content_manager_configuration_content_types::plugin::i18n.locale	{"settings":{"bulkable":true,"filterable":true,"searchable":true,"pageSize":10,"mainField":"name","defaultSortBy":"name","defaultSortOrder":"ASC"},"metadatas":{"id":{"edit":{},"list":{"label":"id","searchable":true,"sortable":true}},"name":{"edit":{"label":"name","description":"","placeholder":"","visible":true,"editable":true},"list":{"label":"name","searchable":true,"sortable":true}},"code":{"edit":{"label":"code","description":"","placeholder":"","visible":true,"editable":true},"list":{"label":"code","searchable":true,"sortable":true}},"createdAt":{"edit":{"label":"createdAt","description":"","placeholder":"","visible":false,"editable":true},"list":{"label":"createdAt","searchable":true,"sortable":true}},"updatedAt":{"edit":{"label":"updatedAt","description":"","placeholder":"","visible":false,"editable":true},"list":{"label":"updatedAt","searchable":true,"sortable":true}},"createdBy":{"edit":{"label":"createdBy","description":"","placeholder":"","visible":false,"editable":true,"mainField":"firstname"},"list":{"label":"createdBy","searchable":true,"sortable":true}},"updatedBy":{"edit":{"label":"updatedBy","description":"","placeholder":"","visible":false,"editable":true,"mainField":"firstname"},"list":{"label":"updatedBy","searchable":true,"sortable":true}}},"layouts":{"list":["id","name","code","createdAt"],"edit":[[{"name":"name","size":6},{"name":"code","size":6}]]},"uid":"plugin::i18n.locale"}	object	\N	\N
17	plugin_upload_settings	{"sizeOptimization":true,"responsiveDimensions":true,"autoOrientation":false}	object	\N	\N
18	plugin_upload_view_configuration	{"pageSize":10,"sort":"createdAt:DESC"}	object	\N	\N
24	core_admin_auth	{"providers":{"autoRegister":false,"defaultRole":null,"ssoLockedRoles":null}}	object	\N	\N
21	plugin_users-permissions_email	{"reset_password":{"display":"Email.template.reset_password","icon":"sync","options":{"from":{"name":"Administration Panel","email":"no-reply@strapi.io"},"response_email":"","object":"Reset password","message":"<p>We heard that you lost your password. Sorry about that!</p>\\n\\n<p>But dont worry! You can use the following link to reset your password:</p>\\n<p><%= URL %>?code=<%= TOKEN %></p>\\n\\n<p>Thanks.</p>"}},"email_confirmation":{"display":"Email.template.email_confirmation","icon":"check-square","options":{"from":{"name":"Administration Panel","email":"no-reply@strapi.io"},"response_email":"","object":"Account confirmation","message":"<p>Thank you for registering!</p>\\n\\n<p>You have to confirm your email address. Please click on the link below.</p>\\n\\n<p><%= URL %>?confirmation=<%= CODE %></p>\\n\\n<p>Thanks.</p>"}}}	object	\N	\N
22	plugin_users-permissions_advanced	{"unique_email":true,"allow_register":true,"email_confirmation":false,"email_reset_password":null,"email_confirmation_redirection":null,"default_role":"authenticated"}	object	\N	\N
19	plugin_upload_metrics	{"weeklySchedule":"8 58 9 * * 2","lastWeeklyUpdate":1718114288051}	object	\N	\N
32	plugin_content_manager_configuration_content_types::api::event.event	{"settings":{"bulkable":true,"filterable":true,"searchable":true,"pageSize":10,"mainField":"id","defaultSortBy":"date","defaultSortOrder":"DESC"},"metadatas":{"id":{"edit":{},"list":{"label":"id","searchable":true,"sortable":true}},"title":{"edit":{"label":"Titulo","description":"","placeholder":"","visible":true,"editable":true},"list":{"label":"Titulo","searchable":true,"sortable":true}},"content":{"edit":{"label":"Conteudo","description":"","placeholder":"","visible":true,"editable":true},"list":{"label":"content","searchable":false,"sortable":false}},"date":{"edit":{"label":"Data","description":"","placeholder":"","visible":true,"editable":true},"list":{"label":"Data","searchable":true,"sortable":true}},"cover":{"edit":{"label":"Capa","description":"","placeholder":"","visible":true,"editable":true},"list":{"label":"Capa","searchable":false,"sortable":false}},"category":{"edit":{"label":"Categoria","description":"","placeholder":"","visible":true,"editable":true,"mainField":"name"},"list":{"label":"category","searchable":true,"sortable":true}},"slug":{"edit":{"label":"Slug","description":"","placeholder":"","visible":true,"editable":true},"list":{"label":"slug","searchable":true,"sortable":true}},"album":{"edit":{"label":"Album ID","description":"","placeholder":"","visible":true,"editable":true},"list":{"label":"album","searchable":true,"sortable":true}},"createdAt":{"edit":{"label":"createdAt","description":"","placeholder":"","visible":false,"editable":true},"list":{"label":"createdAt","searchable":true,"sortable":true}},"updatedAt":{"edit":{"label":"updatedAt","description":"","placeholder":"","visible":false,"editable":true},"list":{"label":"updatedAt","searchable":true,"sortable":true}},"createdBy":{"edit":{"label":"createdBy","description":"","placeholder":"","visible":false,"editable":true,"mainField":"firstname"},"list":{"label":"createdBy","searchable":true,"sortable":true}},"updatedBy":{"edit":{"label":"updatedBy","description":"","placeholder":"","visible":false,"editable":true,"mainField":"firstname"},"list":{"label":"updatedBy","searchable":true,"sortable":true}}},"layouts":{"edit":[[{"name":"cover","size":12}],[{"name":"title","size":6},{"name":"slug","size":6}],[{"name":"date","size":4},{"name":"category","size":4},{"name":"album","size":4}],[{"name":"content","size":12}]],"list":["id","cover","title","date"]},"uid":"api::event.event"}	object	\N	\N
30	plugin_content_manager_configuration_content_types::api::category.category	{"settings":{"bulkable":true,"filterable":true,"searchable":true,"pageSize":10,"mainField":"name","defaultSortBy":"name","defaultSortOrder":"ASC"},"metadatas":{"id":{"edit":{},"list":{"label":"ID","searchable":true,"sortable":true}},"name":{"edit":{"label":"name","description":"","placeholder":"","visible":true,"editable":true},"list":{"label":"Nome","searchable":true,"sortable":true}},"events":{"edit":{"label":"events","description":"","placeholder":"","visible":true,"editable":true,"mainField":"title"},"list":{"label":"events","searchable":false,"sortable":false}},"slug":{"edit":{"label":"slug","description":"","placeholder":"","visible":true,"editable":true},"list":{"label":"Slug","searchable":true,"sortable":true}},"news":{"edit":{"label":"news","description":"","placeholder":"","visible":true,"editable":true,"mainField":"title"},"list":{"label":"news","searchable":false,"sortable":false}},"createdAt":{"edit":{"label":"createdAt","description":"","placeholder":"","visible":false,"editable":true},"list":{"label":"createdAt","searchable":true,"sortable":true}},"updatedAt":{"edit":{"label":"updatedAt","description":"","placeholder":"","visible":false,"editable":true},"list":{"label":"updatedAt","searchable":true,"sortable":true}},"createdBy":{"edit":{"label":"createdBy","description":"","placeholder":"","visible":false,"editable":true,"mainField":"firstname"},"list":{"label":"createdBy","searchable":true,"sortable":true}},"updatedBy":{"edit":{"label":"updatedBy","description":"","placeholder":"","visible":false,"editable":true,"mainField":"firstname"},"list":{"label":"updatedBy","searchable":true,"sortable":true}}},"layouts":{"edit":[[{"name":"name","size":6}],[{"name":"events","size":6},{"name":"slug","size":6}],[{"name":"news","size":6}]],"list":["id","name","slug"]},"uid":"api::category.category"}	object	\N	\N
25	core_admin_project-settings	{"authLogo":{"name":"logo-sao-bento.svg","hash":"logo_sao_bento_26ea69cfe5","url":"/uploads/logo_sao_bento_26ea69cfe5.svg","width":492,"height":492,"ext":".svg","size":35.02,"provider":"local"},"menuLogo":{"name":"logo-sao-bento.svg","hash":"logo_sao_bento_184a0f7eca","url":"/uploads/logo_sao_bento_184a0f7eca.svg","width":492,"height":492,"ext":".svg","size":35.02,"provider":"local"}}	object	\N	\N
34	plugin_content_manager_configuration_content_types::plugin::slugify.slug	{"settings":{"bulkable":true,"filterable":true,"searchable":true,"pageSize":10,"mainField":"id","defaultSortBy":"id","defaultSortOrder":"ASC"},"metadatas":{"id":{"edit":{},"list":{"label":"id","searchable":true,"sortable":true}},"slug":{"edit":{"label":"slug","description":"","placeholder":"","visible":true,"editable":true},"list":{"label":"slug","searchable":true,"sortable":true}},"count":{"edit":{"label":"count","description":"","placeholder":"","visible":true,"editable":true},"list":{"label":"count","searchable":true,"sortable":true}},"createdAt":{"edit":{"label":"createdAt","description":"","placeholder":"","visible":false,"editable":true},"list":{"label":"createdAt","searchable":true,"sortable":true}},"updatedAt":{"edit":{"label":"updatedAt","description":"","placeholder":"","visible":false,"editable":true},"list":{"label":"updatedAt","searchable":true,"sortable":true}},"createdBy":{"edit":{"label":"createdBy","description":"","placeholder":"","visible":false,"editable":true,"mainField":"firstname"},"list":{"label":"createdBy","searchable":true,"sortable":true}},"updatedBy":{"edit":{"label":"updatedBy","description":"","placeholder":"","visible":false,"editable":true,"mainField":"firstname"},"list":{"label":"updatedBy","searchable":true,"sortable":true}}},"layouts":{"list":["id","slug","count","createdAt"],"edit":[[{"name":"slug","size":6},{"name":"count","size":4}]]},"uid":"plugin::slugify.slug"}	object	\N	\N
20	plugin_users-permissions_grant	{"email":{"enabled":true,"icon":"envelope"},"discord":{"enabled":false,"icon":"discord","key":"","secret":"","callback":"api/auth/discord/callback","scope":["identify","email"]},"facebook":{"enabled":false,"icon":"facebook-square","key":"","secret":"","callback":"api/auth/facebook/callback","scope":["email"]},"google":{"enabled":false,"icon":"google","key":"","secret":"","callback":"api/auth/google/callback","scope":["email"]},"github":{"enabled":false,"icon":"github","key":"","secret":"","callback":"api/auth/github/callback","scope":["user","user:email"]},"microsoft":{"enabled":false,"icon":"windows","key":"","secret":"","callback":"api/auth/microsoft/callback","scope":["user.read"]},"twitter":{"enabled":false,"icon":"twitter","key":"","secret":"","callback":"api/auth/twitter/callback"},"instagram":{"enabled":false,"icon":"instagram","key":"","secret":"","callback":"api/auth/instagram/callback","scope":["user_profile"]},"vk":{"enabled":false,"icon":"vk","key":"","secret":"","callback":"api/auth/vk/callback","scope":["email"]},"twitch":{"enabled":false,"icon":"twitch","key":"","secret":"","callback":"api/auth/twitch/callback","scope":["user:read:email"]},"linkedin":{"enabled":false,"icon":"linkedin","key":"","secret":"","callback":"api/auth/linkedin/callback","scope":["r_liteprofile","r_emailaddress"]},"cognito":{"enabled":false,"icon":"aws","key":"","secret":"","subdomain":"my.subdomain.com","callback":"api/auth/cognito/callback","scope":["email","openid","profile"]},"reddit":{"enabled":false,"icon":"reddit","key":"","secret":"","state":true,"callback":"api/auth/reddit/callback","scope":["identity"]},"auth0":{"enabled":false,"icon":"","key":"","secret":"","subdomain":"my-tenant.eu","callback":"api/auth/auth0/callback","scope":["openid","email","profile"]},"cas":{"enabled":false,"icon":"book","key":"","secret":"","callback":"api/auth/cas/callback","scope":["openid email"],"subdomain":"my.subdomain.com/cas"},"patreon":{"enabled":false,"icon":"","key":"","secret":"","callback":"api/auth/patreon/callback","scope":["identity","identity[email]"]},"keycloak":{"enabled":false,"icon":"","key":"","secret":"","subdomain":"myKeycloakProvider.com/realms/myrealm","callback":"api/auth/keycloak/callback","scope":["openid","email","profile"]}}	object	\N	\N
35	plugin_content_manager_configuration_content_types::api::new.new	{"settings":{"bulkable":true,"filterable":true,"searchable":true,"pageSize":10,"mainField":"title","defaultSortBy":"date","defaultSortOrder":"DESC"},"metadatas":{"id":{"edit":{},"list":{"label":"ID","searchable":true,"sortable":true}},"title":{"edit":{"label":"Titulo","description":"","placeholder":"","visible":true,"editable":true},"list":{"label":"Titulo","searchable":true,"sortable":true}},"content":{"edit":{"label":"Conteudo","description":"","placeholder":"","visible":true,"editable":true},"list":{"label":"content","searchable":false,"sortable":false}},"date":{"edit":{"label":"Data","description":"","placeholder":"","visible":true,"editable":true},"list":{"label":"Data","searchable":true,"sortable":true}},"cover":{"edit":{"label":"Capa","description":"","placeholder":"","visible":true,"editable":true},"list":{"label":"Capa","searchable":false,"sortable":false}},"category":{"edit":{"label":"category","description":"","placeholder":"","visible":true,"editable":true,"mainField":"name"},"list":{"label":"category","searchable":true,"sortable":true}},"slug":{"edit":{"label":"Slug","description":"","placeholder":"","visible":true,"editable":true},"list":{"label":"slug","searchable":true,"sortable":true}},"createdAt":{"edit":{"label":"createdAt","description":"","placeholder":"","visible":false,"editable":true},"list":{"label":"createdAt","searchable":true,"sortable":true}},"updatedAt":{"edit":{"label":"updatedAt","description":"","placeholder":"","visible":false,"editable":true},"list":{"label":"updatedAt","searchable":true,"sortable":true}},"createdBy":{"edit":{"label":"createdBy","description":"","placeholder":"","visible":false,"editable":true,"mainField":"firstname"},"list":{"label":"createdBy","searchable":true,"sortable":true}},"updatedBy":{"edit":{"label":"updatedBy","description":"","placeholder":"","visible":false,"editable":true,"mainField":"firstname"},"list":{"label":"updatedBy","searchable":true,"sortable":true}}},"layouts":{"edit":[[{"name":"cover","size":12}],[{"name":"title","size":6},{"name":"slug","size":6}],[{"name":"date","size":6},{"name":"category","size":6}],[{"name":"content","size":12}]],"list":["id","cover","title","date"]},"uid":"api::new.new"}	object	\N	\N
36	plugin_content_manager_configuration_content_types::api::group.group	{"settings":{"bulkable":true,"filterable":true,"searchable":true,"pageSize":10,"mainField":"title","defaultSortBy":"title","defaultSortOrder":"ASC"},"metadatas":{"id":{"edit":{},"list":{"label":"ID","searchable":true,"sortable":true}},"title":{"edit":{"label":"Titulo","description":"","placeholder":"","visible":true,"editable":true},"list":{"label":"Titulo","searchable":true,"sortable":true}},"description":{"edit":{"label":"Descricao","description":"","placeholder":"","visible":true,"editable":true},"list":{"label":"description","searchable":false,"sortable":false}},"cover":{"edit":{"label":"Capa","description":"","placeholder":"","visible":true,"editable":true},"list":{"label":"Capa","searchable":false,"sortable":false}},"slug":{"edit":{"label":"Slug","description":"","placeholder":"","visible":true,"editable":true},"list":{"label":"Slug","searchable":true,"sortable":true}},"createdAt":{"edit":{"label":"createdAt","description":"","placeholder":"","visible":false,"editable":true},"list":{"label":"createdAt","searchable":true,"sortable":true}},"updatedAt":{"edit":{"label":"updatedAt","description":"","placeholder":"","visible":false,"editable":true},"list":{"label":"updatedAt","searchable":true,"sortable":true}},"createdBy":{"edit":{"label":"createdBy","description":"","placeholder":"","visible":false,"editable":true,"mainField":"firstname"},"list":{"label":"createdBy","searchable":true,"sortable":true}},"updatedBy":{"edit":{"label":"updatedBy","description":"","placeholder":"","visible":false,"editable":true,"mainField":"firstname"},"list":{"label":"updatedBy","searchable":true,"sortable":true}}},"layouts":{"edit":[[{"name":"cover","size":12}],[{"name":"title","size":6},{"name":"slug","size":6}],[{"name":"description","size":12}]],"list":["id","cover","title","slug"]},"uid":"api::group.group"}	object	\N	\N
\.


--
-- TOC entry 3475 (class 0 OID 17351)
-- Dependencies: 236
-- Data for Name: strapi_database_schema; Type: TABLE DATA; Schema: public; Owner: postgres
--

COPY public.strapi_database_schema (id, schema, "time", hash) FROM stdin;
29	{"tables":[{"name":"strapi_core_store_settings","indexes":[],"foreignKeys":[],"columns":[{"name":"id","type":"increments","args":[{"primary":true,"primaryKey":true}],"defaultTo":null,"notNullable":true,"unsigned":false},{"name":"key","type":"string","args":[],"defaultTo":null,"notNullable":false,"unsigned":false},{"name":"value","type":"text","args":["longtext"],"defaultTo":null,"notNullable":false,"unsigned":false},{"name":"type","type":"string","args":[],"defaultTo":null,"notNullable":false,"unsigned":false},{"name":"environment","type":"string","args":[],"defaultTo":null,"notNullable":false,"unsigned":false},{"name":"tag","type":"string","args":[],"defaultTo":null,"notNullable":false,"unsigned":false}]},{"name":"strapi_webhooks","indexes":[],"foreignKeys":[],"columns":[{"name":"id","type":"increments","args":[{"primary":true,"primaryKey":true}],"defaultTo":null,"notNullable":true,"unsigned":false},{"name":"name","type":"string","args":[],"defaultTo":null,"notNullable":false,"unsigned":false},{"name":"url","type":"text","args":["longtext"],"defaultTo":null,"notNullable":false,"unsigned":false},{"name":"headers","type":"jsonb","args":[],"defaultTo":null,"notNullable":false,"unsigned":false},{"name":"events","type":"jsonb","args":[],"defaultTo":null,"notNullable":false,"unsigned":false},{"name":"enabled","type":"boolean","args":[],"defaultTo":null,"notNullable":false,"unsigned":false}]},{"name":"admin_permissions","indexes":[{"name":"admin_permissions_created_by_id_fk","columns":["created_by_id"]},{"name":"admin_permissions_updated_by_id_fk","columns":["updated_by_id"]}],"foreignKeys":[{"name":"admin_permissions_created_by_id_fk","columns":["created_by_id"],"referencedTable":"admin_users","referencedColumns":["id"],"onDelete":"SET NULL"},{"name":"admin_permissions_updated_by_id_fk","columns":["updated_by_id"],"referencedTable":"admin_users","referencedColumns":["id"],"onDelete":"SET NULL"}],"columns":[{"name":"id","type":"increments","args":[{"primary":true,"primaryKey":true}],"defaultTo":null,"notNullable":true,"unsigned":false},{"name":"action","type":"string","args":[],"defaultTo":null,"notNullable":false,"unsigned":false},{"name":"action_parameters","type":"jsonb","args":[],"defaultTo":null,"notNullable":false,"unsigned":false},{"name":"subject","type":"string","args":[],"defaultTo":null,"notNullable":false,"unsigned":false},{"name":"properties","type":"jsonb","args":[],"defaultTo":null,"notNullable":false,"unsigned":false},{"name":"conditions","type":"jsonb","args":[],"defaultTo":null,"notNullable":false,"unsigned":false},{"name":"created_at","type":"datetime","args":[{"useTz":false,"precision":6}],"defaultTo":null,"notNullable":false,"unsigned":false},{"name":"updated_at","type":"datetime","args":[{"useTz":false,"precision":6}],"defaultTo":null,"notNullable":false,"unsigned":false},{"name":"created_by_id","type":"integer","args":[],"defaultTo":null,"notNullable":false,"unsigned":true},{"name":"updated_by_id","type":"integer","args":[],"defaultTo":null,"notNullable":false,"unsigned":true}]},{"name":"admin_users","indexes":[{"name":"admin_users_created_by_id_fk","columns":["created_by_id"]},{"name":"admin_users_updated_by_id_fk","columns":["updated_by_id"]}],"foreignKeys":[{"name":"admin_users_created_by_id_fk","columns":["created_by_id"],"referencedTable":"admin_users","referencedColumns":["id"],"onDelete":"SET NULL"},{"name":"admin_users_updated_by_id_fk","columns":["updated_by_id"],"referencedTable":"admin_users","referencedColumns":["id"],"onDelete":"SET NULL"}],"columns":[{"name":"id","type":"increments","args":[{"primary":true,"primaryKey":true}],"defaultTo":null,"notNullable":true,"unsigned":false},{"name":"firstname","type":"string","args":[],"defaultTo":null,"notNullable":false,"unsigned":false},{"name":"lastname","type":"string","args":[],"defaultTo":null,"notNullable":false,"unsigned":false},{"name":"username","type":"string","args":[],"defaultTo":null,"notNullable":false,"unsigned":false},{"name":"email","type":"string","args":[],"defaultTo":null,"notNullable":false,"unsigned":false},{"name":"password","type":"string","args":[],"defaultTo":null,"notNullable":false,"unsigned":false},{"name":"reset_password_token","type":"string","args":[],"defaultTo":null,"notNullable":false,"unsigned":false},{"name":"registration_token","type":"string","args":[],"defaultTo":null,"notNullable":false,"unsigned":false},{"name":"is_active","type":"boolean","args":[],"defaultTo":null,"notNullable":false,"unsigned":false},{"name":"blocked","type":"boolean","args":[],"defaultTo":null,"notNullable":false,"unsigned":false},{"name":"prefered_language","type":"string","args":[],"defaultTo":null,"notNullable":false,"unsigned":false},{"name":"created_at","type":"datetime","args":[{"useTz":false,"precision":6}],"defaultTo":null,"notNullable":false,"unsigned":false},{"name":"updated_at","type":"datetime","args":[{"useTz":false,"precision":6}],"defaultTo":null,"notNullable":false,"unsigned":false},{"name":"created_by_id","type":"integer","args":[],"defaultTo":null,"notNullable":false,"unsigned":true},{"name":"updated_by_id","type":"integer","args":[],"defaultTo":null,"notNullable":false,"unsigned":true}]},{"name":"admin_roles","indexes":[{"name":"admin_roles_created_by_id_fk","columns":["created_by_id"]},{"name":"admin_roles_updated_by_id_fk","columns":["updated_by_id"]}],"foreignKeys":[{"name":"admin_roles_created_by_id_fk","columns":["created_by_id"],"referencedTable":"admin_users","referencedColumns":["id"],"onDelete":"SET NULL"},{"name":"admin_roles_updated_by_id_fk","columns":["updated_by_id"],"referencedTable":"admin_users","referencedColumns":["id"],"onDelete":"SET NULL"}],"columns":[{"name":"id","type":"increments","args":[{"primary":true,"primaryKey":true}],"defaultTo":null,"notNullable":true,"unsigned":false},{"name":"name","type":"string","args":[],"defaultTo":null,"notNullable":false,"unsigned":false},{"name":"code","type":"string","args":[],"defaultTo":null,"notNullable":false,"unsigned":false},{"name":"description","type":"string","args":[],"defaultTo":null,"notNullable":false,"unsigned":false},{"name":"created_at","type":"datetime","args":[{"useTz":false,"precision":6}],"defaultTo":null,"notNullable":false,"unsigned":false},{"name":"updated_at","type":"datetime","args":[{"useTz":false,"precision":6}],"defaultTo":null,"notNullable":false,"unsigned":false},{"name":"created_by_id","type":"integer","args":[],"defaultTo":null,"notNullable":false,"unsigned":true},{"name":"updated_by_id","type":"integer","args":[],"defaultTo":null,"notNullable":false,"unsigned":true}]},{"name":"strapi_api_tokens","indexes":[{"name":"strapi_api_tokens_created_by_id_fk","columns":["created_by_id"]},{"name":"strapi_api_tokens_updated_by_id_fk","columns":["updated_by_id"]}],"foreignKeys":[{"name":"strapi_api_tokens_created_by_id_fk","columns":["created_by_id"],"referencedTable":"admin_users","referencedColumns":["id"],"onDelete":"SET NULL"},{"name":"strapi_api_tokens_updated_by_id_fk","columns":["updated_by_id"],"referencedTable":"admin_users","referencedColumns":["id"],"onDelete":"SET NULL"}],"columns":[{"name":"id","type":"increments","args":[{"primary":true,"primaryKey":true}],"defaultTo":null,"notNullable":true,"unsigned":false},{"name":"name","type":"string","args":[],"defaultTo":null,"notNullable":false,"unsigned":false},{"name":"description","type":"string","args":[],"defaultTo":null,"notNullable":false,"unsigned":false},{"name":"type","type":"string","args":[],"defaultTo":null,"notNullable":false,"unsigned":false},{"name":"access_key","type":"string","args":[],"defaultTo":null,"notNullable":false,"unsigned":false},{"name":"last_used_at","type":"datetime","args":[{"useTz":false,"precision":6}],"defaultTo":null,"notNullable":false,"unsigned":false},{"name":"expires_at","type":"datetime","args":[{"useTz":false,"precision":6}],"defaultTo":null,"notNullable":false,"unsigned":false},{"name":"lifespan","type":"bigInteger","args":[],"defaultTo":null,"notNullable":false,"unsigned":false},{"name":"created_at","type":"datetime","args":[{"useTz":false,"precision":6}],"defaultTo":null,"notNullable":false,"unsigned":false},{"name":"updated_at","type":"datetime","args":[{"useTz":false,"precision":6}],"defaultTo":null,"notNullable":false,"unsigned":false},{"name":"created_by_id","type":"integer","args":[],"defaultTo":null,"notNullable":false,"unsigned":true},{"name":"updated_by_id","type":"integer","args":[],"defaultTo":null,"notNullable":false,"unsigned":true}]},{"name":"strapi_api_token_permissions","indexes":[{"name":"strapi_api_token_permissions_created_by_id_fk","columns":["created_by_id"]},{"name":"strapi_api_token_permissions_updated_by_id_fk","columns":["updated_by_id"]}],"foreignKeys":[{"name":"strapi_api_token_permissions_created_by_id_fk","columns":["created_by_id"],"referencedTable":"admin_users","referencedColumns":["id"],"onDelete":"SET NULL"},{"name":"strapi_api_token_permissions_updated_by_id_fk","columns":["updated_by_id"],"referencedTable":"admin_users","referencedColumns":["id"],"onDelete":"SET NULL"}],"columns":[{"name":"id","type":"increments","args":[{"primary":true,"primaryKey":true}],"defaultTo":null,"notNullable":true,"unsigned":false},{"name":"action","type":"string","args":[],"defaultTo":null,"notNullable":false,"unsigned":false},{"name":"created_at","type":"datetime","args":[{"useTz":false,"precision":6}],"defaultTo":null,"notNullable":false,"unsigned":false},{"name":"updated_at","type":"datetime","args":[{"useTz":false,"precision":6}],"defaultTo":null,"notNullable":false,"unsigned":false},{"name":"created_by_id","type":"integer","args":[],"defaultTo":null,"notNullable":false,"unsigned":true},{"name":"updated_by_id","type":"integer","args":[],"defaultTo":null,"notNullable":false,"unsigned":true}]},{"name":"strapi_transfer_tokens","indexes":[{"name":"strapi_transfer_tokens_created_by_id_fk","columns":["created_by_id"]},{"name":"strapi_transfer_tokens_updated_by_id_fk","columns":["updated_by_id"]}],"foreignKeys":[{"name":"strapi_transfer_tokens_created_by_id_fk","columns":["created_by_id"],"referencedTable":"admin_users","referencedColumns":["id"],"onDelete":"SET NULL"},{"name":"strapi_transfer_tokens_updated_by_id_fk","columns":["updated_by_id"],"referencedTable":"admin_users","referencedColumns":["id"],"onDelete":"SET NULL"}],"columns":[{"name":"id","type":"increments","args":[{"primary":true,"primaryKey":true}],"defaultTo":null,"notNullable":true,"unsigned":false},{"name":"name","type":"string","args":[],"defaultTo":null,"notNullable":false,"unsigned":false},{"name":"description","type":"string","args":[],"defaultTo":null,"notNullable":false,"unsigned":false},{"name":"access_key","type":"string","args":[],"defaultTo":null,"notNullable":false,"unsigned":false},{"name":"last_used_at","type":"datetime","args":[{"useTz":false,"precision":6}],"defaultTo":null,"notNullable":false,"unsigned":false},{"name":"expires_at","type":"datetime","args":[{"useTz":false,"precision":6}],"defaultTo":null,"notNullable":false,"unsigned":false},{"name":"lifespan","type":"bigInteger","args":[],"defaultTo":null,"notNullable":false,"unsigned":false},{"name":"created_at","type":"datetime","args":[{"useTz":false,"precision":6}],"defaultTo":null,"notNullable":false,"unsigned":false},{"name":"updated_at","type":"datetime","args":[{"useTz":false,"precision":6}],"defaultTo":null,"notNullable":false,"unsigned":false},{"name":"created_by_id","type":"integer","args":[],"defaultTo":null,"notNullable":false,"unsigned":true},{"name":"updated_by_id","type":"integer","args":[],"defaultTo":null,"notNullable":false,"unsigned":true}]},{"name":"strapi_transfer_token_permissions","indexes":[{"name":"strapi_transfer_token_permissions_created_by_id_fk","columns":["created_by_id"]},{"name":"strapi_transfer_token_permissions_updated_by_id_fk","columns":["updated_by_id"]}],"foreignKeys":[{"name":"strapi_transfer_token_permissions_created_by_id_fk","columns":["created_by_id"],"referencedTable":"admin_users","referencedColumns":["id"],"onDelete":"SET NULL"},{"name":"strapi_transfer_token_permissions_updated_by_id_fk","columns":["updated_by_id"],"referencedTable":"admin_users","referencedColumns":["id"],"onDelete":"SET NULL"}],"columns":[{"name":"id","type":"increments","args":[{"primary":true,"primaryKey":true}],"defaultTo":null,"notNullable":true,"unsigned":false},{"name":"action","type":"string","args":[],"defaultTo":null,"notNullable":false,"unsigned":false},{"name":"created_at","type":"datetime","args":[{"useTz":false,"precision":6}],"defaultTo":null,"notNullable":false,"unsigned":false},{"name":"updated_at","type":"datetime","args":[{"useTz":false,"precision":6}],"defaultTo":null,"notNullable":false,"unsigned":false},{"name":"created_by_id","type":"integer","args":[],"defaultTo":null,"notNullable":false,"unsigned":true},{"name":"updated_by_id","type":"integer","args":[],"defaultTo":null,"notNullable":false,"unsigned":true}]},{"name":"files","indexes":[{"name":"upload_files_folder_path_index","columns":["folder_path"],"type":null},{"name":"upload_files_created_at_index","columns":["created_at"],"type":null},{"name":"upload_files_updated_at_index","columns":["updated_at"],"type":null},{"name":"upload_files_name_index","columns":["name"],"type":null},{"name":"upload_files_size_index","columns":["size"],"type":null},{"name":"upload_files_ext_index","columns":["ext"],"type":null},{"name":"files_created_by_id_fk","columns":["created_by_id"]},{"name":"files_updated_by_id_fk","columns":["updated_by_id"]}],"foreignKeys":[{"name":"files_created_by_id_fk","columns":["created_by_id"],"referencedTable":"admin_users","referencedColumns":["id"],"onDelete":"SET NULL"},{"name":"files_updated_by_id_fk","columns":["updated_by_id"],"referencedTable":"admin_users","referencedColumns":["id"],"onDelete":"SET NULL"}],"columns":[{"name":"id","type":"increments","args":[{"primary":true,"primaryKey":true}],"defaultTo":null,"notNullable":true,"unsigned":false},{"name":"name","type":"string","args":[],"defaultTo":null,"notNullable":false,"unsigned":false},{"name":"alternative_text","type":"string","args":[],"defaultTo":null,"notNullable":false,"unsigned":false},{"name":"caption","type":"string","args":[],"defaultTo":null,"notNullable":false,"unsigned":false},{"name":"width","type":"integer","args":[],"defaultTo":null,"notNullable":false,"unsigned":false},{"name":"height","type":"integer","args":[],"defaultTo":null,"notNullable":false,"unsigned":false},{"name":"formats","type":"jsonb","args":[],"defaultTo":null,"notNullable":false,"unsigned":false},{"name":"hash","type":"string","args":[],"defaultTo":null,"notNullable":false,"unsigned":false},{"name":"ext","type":"string","args":[],"defaultTo":null,"notNullable":false,"unsigned":false},{"name":"mime","type":"string","args":[],"defaultTo":null,"notNullable":false,"unsigned":false},{"name":"size","type":"decimal","args":[10,2],"defaultTo":null,"notNullable":false,"unsigned":false},{"name":"url","type":"string","args":[],"defaultTo":null,"notNullable":false,"unsigned":false},{"name":"preview_url","type":"string","args":[],"defaultTo":null,"notNullable":false,"unsigned":false},{"name":"provider","type":"string","args":[],"defaultTo":null,"notNullable":false,"unsigned":false},{"name":"provider_metadata","type":"jsonb","args":[],"defaultTo":null,"notNullable":false,"unsigned":false},{"name":"folder_path","type":"string","args":[],"defaultTo":null,"notNullable":false,"unsigned":false},{"name":"created_at","type":"datetime","args":[{"useTz":false,"precision":6}],"defaultTo":null,"notNullable":false,"unsigned":false},{"name":"updated_at","type":"datetime","args":[{"useTz":false,"precision":6}],"defaultTo":null,"notNullable":false,"unsigned":false},{"name":"created_by_id","type":"integer","args":[],"defaultTo":null,"notNullable":false,"unsigned":true},{"name":"updated_by_id","type":"integer","args":[],"defaultTo":null,"notNullable":false,"unsigned":true}]},{"name":"upload_folders","indexes":[{"name":"upload_folders_path_id_index","columns":["path_id"],"type":"unique"},{"name":"upload_folders_path_index","columns":["path"],"type":"unique"},{"name":"upload_folders_created_by_id_fk","columns":["created_by_id"]},{"name":"upload_folders_updated_by_id_fk","columns":["updated_by_id"]}],"foreignKeys":[{"name":"upload_folders_created_by_id_fk","columns":["created_by_id"],"referencedTable":"admin_users","referencedColumns":["id"],"onDelete":"SET NULL"},{"name":"upload_folders_updated_by_id_fk","columns":["updated_by_id"],"referencedTable":"admin_users","referencedColumns":["id"],"onDelete":"SET NULL"}],"columns":[{"name":"id","type":"increments","args":[{"primary":true,"primaryKey":true}],"defaultTo":null,"notNullable":true,"unsigned":false},{"name":"name","type":"string","args":[],"defaultTo":null,"notNullable":false,"unsigned":false},{"name":"path_id","type":"integer","args":[],"defaultTo":null,"notNullable":false,"unsigned":false},{"name":"path","type":"string","args":[],"defaultTo":null,"notNullable":false,"unsigned":false},{"name":"created_at","type":"datetime","args":[{"useTz":false,"precision":6}],"defaultTo":null,"notNullable":false,"unsigned":false},{"name":"updated_at","type":"datetime","args":[{"useTz":false,"precision":6}],"defaultTo":null,"notNullable":false,"unsigned":false},{"name":"created_by_id","type":"integer","args":[],"defaultTo":null,"notNullable":false,"unsigned":true},{"name":"updated_by_id","type":"integer","args":[],"defaultTo":null,"notNullable":false,"unsigned":true}]},{"name":"strapi_releases","indexes":[{"name":"strapi_releases_created_by_id_fk","columns":["created_by_id"]},{"name":"strapi_releases_updated_by_id_fk","columns":["updated_by_id"]}],"foreignKeys":[{"name":"strapi_releases_created_by_id_fk","columns":["created_by_id"],"referencedTable":"admin_users","referencedColumns":["id"],"onDelete":"SET NULL"},{"name":"strapi_releases_updated_by_id_fk","columns":["updated_by_id"],"referencedTable":"admin_users","referencedColumns":["id"],"onDelete":"SET NULL"}],"columns":[{"name":"id","type":"increments","args":[{"primary":true,"primaryKey":true}],"defaultTo":null,"notNullable":true,"unsigned":false},{"name":"name","type":"string","args":[],"defaultTo":null,"notNullable":false,"unsigned":false},{"name":"released_at","type":"datetime","args":[{"useTz":false,"precision":6}],"defaultTo":null,"notNullable":false,"unsigned":false},{"name":"scheduled_at","type":"datetime","args":[{"useTz":false,"precision":6}],"defaultTo":null,"notNullable":false,"unsigned":false},{"name":"timezone","type":"string","args":[],"defaultTo":null,"notNullable":false,"unsigned":false},{"name":"status","type":"string","args":[],"defaultTo":null,"notNullable":false,"unsigned":false},{"name":"created_at","type":"datetime","args":[{"useTz":false,"precision":6}],"defaultTo":null,"notNullable":false,"unsigned":false},{"name":"updated_at","type":"datetime","args":[{"useTz":false,"precision":6}],"defaultTo":null,"notNullable":false,"unsigned":false},{"name":"created_by_id","type":"integer","args":[],"defaultTo":null,"notNullable":false,"unsigned":true},{"name":"updated_by_id","type":"integer","args":[],"defaultTo":null,"notNullable":false,"unsigned":true}]},{"name":"strapi_release_actions","indexes":[{"name":"strapi_release_actions_created_by_id_fk","columns":["created_by_id"]},{"name":"strapi_release_actions_updated_by_id_fk","columns":["updated_by_id"]}],"foreignKeys":[{"name":"strapi_release_actions_created_by_id_fk","columns":["created_by_id"],"referencedTable":"admin_users","referencedColumns":["id"],"onDelete":"SET NULL"},{"name":"strapi_release_actions_updated_by_id_fk","columns":["updated_by_id"],"referencedTable":"admin_users","referencedColumns":["id"],"onDelete":"SET NULL"}],"columns":[{"name":"id","type":"increments","args":[{"primary":true,"primaryKey":true}],"defaultTo":null,"notNullable":true,"unsigned":false},{"name":"type","type":"string","args":[],"defaultTo":null,"notNullable":false,"unsigned":false},{"name":"target_id","type":"integer","args":[],"defaultTo":null,"notNullable":false,"unsigned":true},{"name":"target_type","type":"string","args":[],"defaultTo":null,"notNullable":false,"unsigned":false},{"name":"content_type","type":"string","args":[],"defaultTo":null,"notNullable":false,"unsigned":false},{"name":"locale","type":"string","args":[],"defaultTo":null,"notNullable":false,"unsigned":false},{"name":"is_entry_valid","type":"boolean","args":[],"defaultTo":null,"notNullable":false,"unsigned":false},{"name":"created_at","type":"datetime","args":[{"useTz":false,"precision":6}],"defaultTo":null,"notNullable":false,"unsigned":false},{"name":"updated_at","type":"datetime","args":[{"useTz":false,"precision":6}],"defaultTo":null,"notNullable":false,"unsigned":false},{"name":"created_by_id","type":"integer","args":[],"defaultTo":null,"notNullable":false,"unsigned":true},{"name":"updated_by_id","type":"integer","args":[],"defaultTo":null,"notNullable":false,"unsigned":true}]},{"name":"i18n_locale","indexes":[{"name":"i18n_locale_created_by_id_fk","columns":["created_by_id"]},{"name":"i18n_locale_updated_by_id_fk","columns":["updated_by_id"]}],"foreignKeys":[{"name":"i18n_locale_created_by_id_fk","columns":["created_by_id"],"referencedTable":"admin_users","referencedColumns":["id"],"onDelete":"SET NULL"},{"name":"i18n_locale_updated_by_id_fk","columns":["updated_by_id"],"referencedTable":"admin_users","referencedColumns":["id"],"onDelete":"SET NULL"}],"columns":[{"name":"id","type":"increments","args":[{"primary":true,"primaryKey":true}],"defaultTo":null,"notNullable":true,"unsigned":false},{"name":"name","type":"string","args":[],"defaultTo":null,"notNullable":false,"unsigned":false},{"name":"code","type":"string","args":[],"defaultTo":null,"notNullable":false,"unsigned":false},{"name":"created_at","type":"datetime","args":[{"useTz":false,"precision":6}],"defaultTo":null,"notNullable":false,"unsigned":false},{"name":"updated_at","type":"datetime","args":[{"useTz":false,"precision":6}],"defaultTo":null,"notNullable":false,"unsigned":false},{"name":"created_by_id","type":"integer","args":[],"defaultTo":null,"notNullable":false,"unsigned":true},{"name":"updated_by_id","type":"integer","args":[],"defaultTo":null,"notNullable":false,"unsigned":true}]},{"name":"up_permissions","indexes":[{"name":"up_permissions_created_by_id_fk","columns":["created_by_id"]},{"name":"up_permissions_updated_by_id_fk","columns":["updated_by_id"]}],"foreignKeys":[{"name":"up_permissions_created_by_id_fk","columns":["created_by_id"],"referencedTable":"admin_users","referencedColumns":["id"],"onDelete":"SET NULL"},{"name":"up_permissions_updated_by_id_fk","columns":["updated_by_id"],"referencedTable":"admin_users","referencedColumns":["id"],"onDelete":"SET NULL"}],"columns":[{"name":"id","type":"increments","args":[{"primary":true,"primaryKey":true}],"defaultTo":null,"notNullable":true,"unsigned":false},{"name":"action","type":"string","args":[],"defaultTo":null,"notNullable":false,"unsigned":false},{"name":"created_at","type":"datetime","args":[{"useTz":false,"precision":6}],"defaultTo":null,"notNullable":false,"unsigned":false},{"name":"updated_at","type":"datetime","args":[{"useTz":false,"precision":6}],"defaultTo":null,"notNullable":false,"unsigned":false},{"name":"created_by_id","type":"integer","args":[],"defaultTo":null,"notNullable":false,"unsigned":true},{"name":"updated_by_id","type":"integer","args":[],"defaultTo":null,"notNullable":false,"unsigned":true}]},{"name":"up_roles","indexes":[{"name":"up_roles_created_by_id_fk","columns":["created_by_id"]},{"name":"up_roles_updated_by_id_fk","columns":["updated_by_id"]}],"foreignKeys":[{"name":"up_roles_created_by_id_fk","columns":["created_by_id"],"referencedTable":"admin_users","referencedColumns":["id"],"onDelete":"SET NULL"},{"name":"up_roles_updated_by_id_fk","columns":["updated_by_id"],"referencedTable":"admin_users","referencedColumns":["id"],"onDelete":"SET NULL"}],"columns":[{"name":"id","type":"increments","args":[{"primary":true,"primaryKey":true}],"defaultTo":null,"notNullable":true,"unsigned":false},{"name":"name","type":"string","args":[],"defaultTo":null,"notNullable":false,"unsigned":false},{"name":"description","type":"string","args":[],"defaultTo":null,"notNullable":false,"unsigned":false},{"name":"type","type":"string","args":[],"defaultTo":null,"notNullable":false,"unsigned":false},{"name":"created_at","type":"datetime","args":[{"useTz":false,"precision":6}],"defaultTo":null,"notNullable":false,"unsigned":false},{"name":"updated_at","type":"datetime","args":[{"useTz":false,"precision":6}],"defaultTo":null,"notNullable":false,"unsigned":false},{"name":"created_by_id","type":"integer","args":[],"defaultTo":null,"notNullable":false,"unsigned":true},{"name":"updated_by_id","type":"integer","args":[],"defaultTo":null,"notNullable":false,"unsigned":true}]},{"name":"up_users","indexes":[{"name":"up_users_created_by_id_fk","columns":["created_by_id"]},{"name":"up_users_updated_by_id_fk","columns":["updated_by_id"]}],"foreignKeys":[{"name":"up_users_created_by_id_fk","columns":["created_by_id"],"referencedTable":"admin_users","referencedColumns":["id"],"onDelete":"SET NULL"},{"name":"up_users_updated_by_id_fk","columns":["updated_by_id"],"referencedTable":"admin_users","referencedColumns":["id"],"onDelete":"SET NULL"}],"columns":[{"name":"id","type":"increments","args":[{"primary":true,"primaryKey":true}],"defaultTo":null,"notNullable":true,"unsigned":false},{"name":"username","type":"string","args":[],"defaultTo":null,"notNullable":false,"unsigned":false},{"name":"email","type":"string","args":[],"defaultTo":null,"notNullable":false,"unsigned":false},{"name":"provider","type":"string","args":[],"defaultTo":null,"notNullable":false,"unsigned":false},{"name":"password","type":"string","args":[],"defaultTo":null,"notNullable":false,"unsigned":false},{"name":"reset_password_token","type":"string","args":[],"defaultTo":null,"notNullable":false,"unsigned":false},{"name":"confirmation_token","type":"string","args":[],"defaultTo":null,"notNullable":false,"unsigned":false},{"name":"confirmed","type":"boolean","args":[],"defaultTo":null,"notNullable":false,"unsigned":false},{"name":"blocked","type":"boolean","args":[],"defaultTo":null,"notNullable":false,"unsigned":false},{"name":"created_at","type":"datetime","args":[{"useTz":false,"precision":6}],"defaultTo":null,"notNullable":false,"unsigned":false},{"name":"updated_at","type":"datetime","args":[{"useTz":false,"precision":6}],"defaultTo":null,"notNullable":false,"unsigned":false},{"name":"created_by_id","type":"integer","args":[],"defaultTo":null,"notNullable":false,"unsigned":true},{"name":"updated_by_id","type":"integer","args":[],"defaultTo":null,"notNullable":false,"unsigned":true}]},{"name":"slugs","indexes":[{"name":"slugs_created_by_id_fk","columns":["created_by_id"]},{"name":"slugs_updated_by_id_fk","columns":["updated_by_id"]}],"foreignKeys":[{"name":"slugs_created_by_id_fk","columns":["created_by_id"],"referencedTable":"admin_users","referencedColumns":["id"],"onDelete":"SET NULL"},{"name":"slugs_updated_by_id_fk","columns":["updated_by_id"],"referencedTable":"admin_users","referencedColumns":["id"],"onDelete":"SET NULL"}],"columns":[{"name":"id","type":"increments","args":[{"primary":true,"primaryKey":true}],"defaultTo":null,"notNullable":true,"unsigned":false},{"name":"slug","type":"text","args":["longtext"],"defaultTo":null,"notNullable":false,"unsigned":false},{"name":"count","type":"integer","args":[],"defaultTo":null,"notNullable":false,"unsigned":false},{"name":"created_at","type":"datetime","args":[{"useTz":false,"precision":6}],"defaultTo":null,"notNullable":false,"unsigned":false},{"name":"updated_at","type":"datetime","args":[{"useTz":false,"precision":6}],"defaultTo":null,"notNullable":false,"unsigned":false},{"name":"created_by_id","type":"integer","args":[],"defaultTo":null,"notNullable":false,"unsigned":true},{"name":"updated_by_id","type":"integer","args":[],"defaultTo":null,"notNullable":false,"unsigned":true}]},{"name":"categories","indexes":[{"type":"unique","name":"categories_slug_unique","columns":["slug"]},{"name":"categories_created_by_id_fk","columns":["created_by_id"]},{"name":"categories_updated_by_id_fk","columns":["updated_by_id"]}],"foreignKeys":[{"name":"categories_created_by_id_fk","columns":["created_by_id"],"referencedTable":"admin_users","referencedColumns":["id"],"onDelete":"SET NULL"},{"name":"categories_updated_by_id_fk","columns":["updated_by_id"],"referencedTable":"admin_users","referencedColumns":["id"],"onDelete":"SET NULL"}],"columns":[{"name":"id","type":"increments","args":[{"primary":true,"primaryKey":true}],"defaultTo":null,"notNullable":true,"unsigned":false},{"name":"name","type":"string","args":[],"defaultTo":null,"notNullable":false,"unsigned":false},{"name":"slug","type":"string","args":[],"defaultTo":null,"notNullable":false,"unsigned":false,"unique":true},{"name":"created_at","type":"datetime","args":[{"useTz":false,"precision":6}],"defaultTo":null,"notNullable":false,"unsigned":false},{"name":"updated_at","type":"datetime","args":[{"useTz":false,"precision":6}],"defaultTo":null,"notNullable":false,"unsigned":false},{"name":"created_by_id","type":"integer","args":[],"defaultTo":null,"notNullable":false,"unsigned":true},{"name":"updated_by_id","type":"integer","args":[],"defaultTo":null,"notNullable":false,"unsigned":true}]},{"name":"events","indexes":[{"type":"unique","name":"events_slug_unique","columns":["slug"]},{"name":"events_created_by_id_fk","columns":["created_by_id"]},{"name":"events_updated_by_id_fk","columns":["updated_by_id"]}],"foreignKeys":[{"name":"events_created_by_id_fk","columns":["created_by_id"],"referencedTable":"admin_users","referencedColumns":["id"],"onDelete":"SET NULL"},{"name":"events_updated_by_id_fk","columns":["updated_by_id"],"referencedTable":"admin_users","referencedColumns":["id"],"onDelete":"SET NULL"}],"columns":[{"name":"id","type":"increments","args":[{"primary":true,"primaryKey":true}],"defaultTo":null,"notNullable":true,"unsigned":false},{"name":"title","type":"string","args":[],"defaultTo":null,"notNullable":false,"unsigned":false},{"name":"content","type":"text","args":["longtext"],"defaultTo":null,"notNullable":false,"unsigned":false},{"name":"date","type":"date","args":[],"defaultTo":null,"notNullable":false,"unsigned":false},{"name":"slug","type":"string","args":[],"defaultTo":null,"notNullable":false,"unsigned":false,"unique":true},{"name":"album","type":"string","args":[],"defaultTo":null,"notNullable":false,"unsigned":false},{"name":"created_at","type":"datetime","args":[{"useTz":false,"precision":6}],"defaultTo":null,"notNullable":false,"unsigned":false},{"name":"updated_at","type":"datetime","args":[{"useTz":false,"precision":6}],"defaultTo":null,"notNullable":false,"unsigned":false},{"name":"created_by_id","type":"integer","args":[],"defaultTo":null,"notNullable":false,"unsigned":true},{"name":"updated_by_id","type":"integer","args":[],"defaultTo":null,"notNullable":false,"unsigned":true}]},{"name":"groups","indexes":[{"type":"unique","name":"groups_slug_unique","columns":["slug"]},{"name":"groups_created_by_id_fk","columns":["created_by_id"]},{"name":"groups_updated_by_id_fk","columns":["updated_by_id"]}],"foreignKeys":[{"name":"groups_created_by_id_fk","columns":["created_by_id"],"referencedTable":"admin_users","referencedColumns":["id"],"onDelete":"SET NULL"},{"name":"groups_updated_by_id_fk","columns":["updated_by_id"],"referencedTable":"admin_users","referencedColumns":["id"],"onDelete":"SET NULL"}],"columns":[{"name":"id","type":"increments","args":[{"primary":true,"primaryKey":true}],"defaultTo":null,"notNullable":true,"unsigned":false},{"name":"title","type":"string","args":[],"defaultTo":null,"notNullable":false,"unsigned":false},{"name":"description","type":"text","args":["longtext"],"defaultTo":null,"notNullable":false,"unsigned":false},{"name":"slug","type":"string","args":[],"defaultTo":null,"notNullable":false,"unsigned":false,"unique":true},{"name":"created_at","type":"datetime","args":[{"useTz":false,"precision":6}],"defaultTo":null,"notNullable":false,"unsigned":false},{"name":"updated_at","type":"datetime","args":[{"useTz":false,"precision":6}],"defaultTo":null,"notNullable":false,"unsigned":false},{"name":"created_by_id","type":"integer","args":[],"defaultTo":null,"notNullable":false,"unsigned":true},{"name":"updated_by_id","type":"integer","args":[],"defaultTo":null,"notNullable":false,"unsigned":true}]},{"name":"news","indexes":[{"type":"unique","name":"news_slug_unique","columns":["slug"]},{"name":"news_created_by_id_fk","columns":["created_by_id"]},{"name":"news_updated_by_id_fk","columns":["updated_by_id"]}],"foreignKeys":[{"name":"news_created_by_id_fk","columns":["created_by_id"],"referencedTable":"admin_users","referencedColumns":["id"],"onDelete":"SET NULL"},{"name":"news_updated_by_id_fk","columns":["updated_by_id"],"referencedTable":"admin_users","referencedColumns":["id"],"onDelete":"SET NULL"}],"columns":[{"name":"id","type":"increments","args":[{"primary":true,"primaryKey":true}],"defaultTo":null,"notNullable":true,"unsigned":false},{"name":"title","type":"string","args":[],"defaultTo":null,"notNullable":false,"unsigned":false},{"name":"content","type":"text","args":["longtext"],"defaultTo":null,"notNullable":false,"unsigned":false},{"name":"date","type":"date","args":[],"defaultTo":null,"notNullable":false,"unsigned":false},{"name":"slug","type":"string","args":[],"defaultTo":null,"notNullable":false,"unsigned":false,"unique":true},{"name":"created_at","type":"datetime","args":[{"useTz":false,"precision":6}],"defaultTo":null,"notNullable":false,"unsigned":false},{"name":"updated_at","type":"datetime","args":[{"useTz":false,"precision":6}],"defaultTo":null,"notNullable":false,"unsigned":false},{"name":"created_by_id","type":"integer","args":[],"defaultTo":null,"notNullable":false,"unsigned":true},{"name":"updated_by_id","type":"integer","args":[],"defaultTo":null,"notNullable":false,"unsigned":true}]},{"name":"admin_permissions_role_links","indexes":[{"name":"admin_permissions_role_links_fk","columns":["permission_id"]},{"name":"admin_permissions_role_links_inv_fk","columns":["role_id"]},{"name":"admin_permissions_role_links_unique","columns":["permission_id","role_id"],"type":"unique"},{"name":"admin_permissions_role_links_order_inv_fk","columns":["permission_order"]}],"foreignKeys":[{"name":"admin_permissions_role_links_fk","columns":["permission_id"],"referencedColumns":["id"],"referencedTable":"admin_permissions","onDelete":"CASCADE"},{"name":"admin_permissions_role_links_inv_fk","columns":["role_id"],"referencedColumns":["id"],"referencedTable":"admin_roles","onDelete":"CASCADE"}],"columns":[{"name":"id","type":"increments","args":[{"primary":true,"primaryKey":true}],"defaultTo":null,"notNullable":true,"unsigned":false},{"name":"permission_id","type":"integer","args":[],"defaultTo":null,"notNullable":false,"unsigned":true},{"name":"role_id","type":"integer","args":[],"defaultTo":null,"notNullable":false,"unsigned":true},{"name":"permission_order","type":"double","args":[],"defaultTo":null,"notNullable":false,"unsigned":true}]},{"name":"admin_users_roles_links","indexes":[{"name":"admin_users_roles_links_fk","columns":["user_id"]},{"name":"admin_users_roles_links_inv_fk","columns":["role_id"]},{"name":"admin_users_roles_links_unique","columns":["user_id","role_id"],"type":"unique"},{"name":"admin_users_roles_links_order_fk","columns":["role_order"]},{"name":"admin_users_roles_links_order_inv_fk","columns":["user_order"]}],"foreignKeys":[{"name":"admin_users_roles_links_fk","columns":["user_id"],"referencedColumns":["id"],"referencedTable":"admin_users","onDelete":"CASCADE"},{"name":"admin_users_roles_links_inv_fk","columns":["role_id"],"referencedColumns":["id"],"referencedTable":"admin_roles","onDelete":"CASCADE"}],"columns":[{"name":"id","type":"increments","args":[{"primary":true,"primaryKey":true}],"defaultTo":null,"notNullable":true,"unsigned":false},{"name":"user_id","type":"integer","args":[],"defaultTo":null,"notNullable":false,"unsigned":true},{"name":"role_id","type":"integer","args":[],"defaultTo":null,"notNullable":false,"unsigned":true},{"name":"role_order","type":"double","args":[],"defaultTo":null,"notNullable":false,"unsigned":true},{"name":"user_order","type":"double","args":[],"defaultTo":null,"notNullable":false,"unsigned":true}]},{"name":"strapi_api_token_permissions_token_links","indexes":[{"name":"strapi_api_token_permissions_token_links_fk","columns":["api_token_permission_id"]},{"name":"strapi_api_token_permissions_token_links_inv_fk","columns":["api_token_id"]},{"name":"strapi_api_token_permissions_token_links_unique","columns":["api_token_permission_id","api_token_id"],"type":"unique"},{"name":"strapi_api_token_permissions_token_links_order_inv_fk","columns":["api_token_permission_order"]}],"foreignKeys":[{"name":"strapi_api_token_permissions_token_links_fk","columns":["api_token_permission_id"],"referencedColumns":["id"],"referencedTable":"strapi_api_token_permissions","onDelete":"CASCADE"},{"name":"strapi_api_token_permissions_token_links_inv_fk","columns":["api_token_id"],"referencedColumns":["id"],"referencedTable":"strapi_api_tokens","onDelete":"CASCADE"}],"columns":[{"name":"id","type":"increments","args":[{"primary":true,"primaryKey":true}],"defaultTo":null,"notNullable":true,"unsigned":false},{"name":"api_token_permission_id","type":"integer","args":[],"defaultTo":null,"notNullable":false,"unsigned":true},{"name":"api_token_id","type":"integer","args":[],"defaultTo":null,"notNullable":false,"unsigned":true},{"name":"api_token_permission_order","type":"double","args":[],"defaultTo":null,"notNullable":false,"unsigned":true}]},{"name":"strapi_transfer_token_permissions_token_links","indexes":[{"name":"strapi_transfer_token_permissions_token_links_fk","columns":["transfer_token_permission_id"]},{"name":"strapi_transfer_token_permissions_token_links_inv_fk","columns":["transfer_token_id"]},{"name":"strapi_transfer_token_permissions_token_links_unique","columns":["transfer_token_permission_id","transfer_token_id"],"type":"unique"},{"name":"strapi_transfer_token_permissions_token_links_order_inv_fk","columns":["transfer_token_permission_order"]}],"foreignKeys":[{"name":"strapi_transfer_token_permissions_token_links_fk","columns":["transfer_token_permission_id"],"referencedColumns":["id"],"referencedTable":"strapi_transfer_token_permissions","onDelete":"CASCADE"},{"name":"strapi_transfer_token_permissions_token_links_inv_fk","columns":["transfer_token_id"],"referencedColumns":["id"],"referencedTable":"strapi_transfer_tokens","onDelete":"CASCADE"}],"columns":[{"name":"id","type":"increments","args":[{"primary":true,"primaryKey":true}],"defaultTo":null,"notNullable":true,"unsigned":false},{"name":"transfer_token_permission_id","type":"integer","args":[],"defaultTo":null,"notNullable":false,"unsigned":true},{"name":"transfer_token_id","type":"integer","args":[],"defaultTo":null,"notNullable":false,"unsigned":true},{"name":"transfer_token_permission_order","type":"double","args":[],"defaultTo":null,"notNullable":false,"unsigned":true}]},{"name":"files_related_morphs","indexes":[{"name":"files_related_morphs_fk","columns":["file_id"]},{"name":"files_related_morphs_order_index","columns":["order"]},{"name":"files_related_morphs_id_column_index","columns":["related_id"]}],"foreignKeys":[{"name":"files_related_morphs_fk","columns":["file_id"],"referencedColumns":["id"],"referencedTable":"files","onDelete":"CASCADE"}],"columns":[{"name":"id","type":"increments","args":[{"primary":true,"primaryKey":true}],"defaultTo":null,"notNullable":true,"unsigned":false},{"name":"file_id","type":"integer","args":[],"defaultTo":null,"notNullable":false,"unsigned":true},{"name":"related_id","type":"integer","args":[],"defaultTo":null,"notNullable":false,"unsigned":true},{"name":"related_type","type":"string","args":[],"defaultTo":null,"notNullable":false,"unsigned":false},{"name":"field","type":"string","args":[],"defaultTo":null,"notNullable":false,"unsigned":false},{"name":"order","type":"double","args":[],"defaultTo":null,"notNullable":false,"unsigned":true}]},{"name":"files_folder_links","indexes":[{"name":"files_folder_links_fk","columns":["file_id"]},{"name":"files_folder_links_inv_fk","columns":["folder_id"]},{"name":"files_folder_links_unique","columns":["file_id","folder_id"],"type":"unique"},{"name":"files_folder_links_order_inv_fk","columns":["file_order"]}],"foreignKeys":[{"name":"files_folder_links_fk","columns":["file_id"],"referencedColumns":["id"],"referencedTable":"files","onDelete":"CASCADE"},{"name":"files_folder_links_inv_fk","columns":["folder_id"],"referencedColumns":["id"],"referencedTable":"upload_folders","onDelete":"CASCADE"}],"columns":[{"name":"id","type":"increments","args":[{"primary":true,"primaryKey":true}],"defaultTo":null,"notNullable":true,"unsigned":false},{"name":"file_id","type":"integer","args":[],"defaultTo":null,"notNullable":false,"unsigned":true},{"name":"folder_id","type":"integer","args":[],"defaultTo":null,"notNullable":false,"unsigned":true},{"name":"file_order","type":"double","args":[],"defaultTo":null,"notNullable":false,"unsigned":true}]},{"name":"upload_folders_parent_links","indexes":[{"name":"upload_folders_parent_links_fk","columns":["folder_id"]},{"name":"upload_folders_parent_links_inv_fk","columns":["inv_folder_id"]},{"name":"upload_folders_parent_links_unique","columns":["folder_id","inv_folder_id"],"type":"unique"},{"name":"upload_folders_parent_links_order_inv_fk","columns":["folder_order"]}],"foreignKeys":[{"name":"upload_folders_parent_links_fk","columns":["folder_id"],"referencedColumns":["id"],"referencedTable":"upload_folders","onDelete":"CASCADE"},{"name":"upload_folders_parent_links_inv_fk","columns":["inv_folder_id"],"referencedColumns":["id"],"referencedTable":"upload_folders","onDelete":"CASCADE"}],"columns":[{"name":"id","type":"increments","args":[{"primary":true,"primaryKey":true}],"defaultTo":null,"notNullable":true,"unsigned":false},{"name":"folder_id","type":"integer","args":[],"defaultTo":null,"notNullable":false,"unsigned":true},{"name":"inv_folder_id","type":"integer","args":[],"defaultTo":null,"notNullable":false,"unsigned":true},{"name":"folder_order","type":"double","args":[],"defaultTo":null,"notNullable":false,"unsigned":true}]},{"name":"strapi_release_actions_release_links","indexes":[{"name":"strapi_release_actions_release_links_fk","columns":["release_action_id"]},{"name":"strapi_release_actions_release_links_inv_fk","columns":["release_id"]},{"name":"strapi_release_actions_release_links_unique","columns":["release_action_id","release_id"],"type":"unique"},{"name":"strapi_release_actions_release_links_order_inv_fk","columns":["release_action_order"]}],"foreignKeys":[{"name":"strapi_release_actions_release_links_fk","columns":["release_action_id"],"referencedColumns":["id"],"referencedTable":"strapi_release_actions","onDelete":"CASCADE"},{"name":"strapi_release_actions_release_links_inv_fk","columns":["release_id"],"referencedColumns":["id"],"referencedTable":"strapi_releases","onDelete":"CASCADE"}],"columns":[{"name":"id","type":"increments","args":[{"primary":true,"primaryKey":true}],"defaultTo":null,"notNullable":true,"unsigned":false},{"name":"release_action_id","type":"integer","args":[],"defaultTo":null,"notNullable":false,"unsigned":true},{"name":"release_id","type":"integer","args":[],"defaultTo":null,"notNullable":false,"unsigned":true},{"name":"release_action_order","type":"double","args":[],"defaultTo":null,"notNullable":false,"unsigned":true}]},{"name":"up_permissions_role_links","indexes":[{"name":"up_permissions_role_links_fk","columns":["permission_id"]},{"name":"up_permissions_role_links_inv_fk","columns":["role_id"]},{"name":"up_permissions_role_links_unique","columns":["permission_id","role_id"],"type":"unique"},{"name":"up_permissions_role_links_order_inv_fk","columns":["permission_order"]}],"foreignKeys":[{"name":"up_permissions_role_links_fk","columns":["permission_id"],"referencedColumns":["id"],"referencedTable":"up_permissions","onDelete":"CASCADE"},{"name":"up_permissions_role_links_inv_fk","columns":["role_id"],"referencedColumns":["id"],"referencedTable":"up_roles","onDelete":"CASCADE"}],"columns":[{"name":"id","type":"increments","args":[{"primary":true,"primaryKey":true}],"defaultTo":null,"notNullable":true,"unsigned":false},{"name":"permission_id","type":"integer","args":[],"defaultTo":null,"notNullable":false,"unsigned":true},{"name":"role_id","type":"integer","args":[],"defaultTo":null,"notNullable":false,"unsigned":true},{"name":"permission_order","type":"double","args":[],"defaultTo":null,"notNullable":false,"unsigned":true}]},{"name":"up_users_role_links","indexes":[{"name":"up_users_role_links_fk","columns":["user_id"]},{"name":"up_users_role_links_inv_fk","columns":["role_id"]},{"name":"up_users_role_links_unique","columns":["user_id","role_id"],"type":"unique"},{"name":"up_users_role_links_order_inv_fk","columns":["user_order"]}],"foreignKeys":[{"name":"up_users_role_links_fk","columns":["user_id"],"referencedColumns":["id"],"referencedTable":"up_users","onDelete":"CASCADE"},{"name":"up_users_role_links_inv_fk","columns":["role_id"],"referencedColumns":["id"],"referencedTable":"up_roles","onDelete":"CASCADE"}],"columns":[{"name":"id","type":"increments","args":[{"primary":true,"primaryKey":true}],"defaultTo":null,"notNullable":true,"unsigned":false},{"name":"user_id","type":"integer","args":[],"defaultTo":null,"notNullable":false,"unsigned":true},{"name":"role_id","type":"integer","args":[],"defaultTo":null,"notNullable":false,"unsigned":true},{"name":"user_order","type":"double","args":[],"defaultTo":null,"notNullable":false,"unsigned":true}]},{"name":"events_category_links","indexes":[{"name":"events_category_links_fk","columns":["event_id"]},{"name":"events_category_links_inv_fk","columns":["category_id"]},{"name":"events_category_links_unique","columns":["event_id","category_id"],"type":"unique"},{"name":"events_category_links_order_inv_fk","columns":["event_order"]}],"foreignKeys":[{"name":"events_category_links_fk","columns":["event_id"],"referencedColumns":["id"],"referencedTable":"events","onDelete":"CASCADE"},{"name":"events_category_links_inv_fk","columns":["category_id"],"referencedColumns":["id"],"referencedTable":"categories","onDelete":"CASCADE"}],"columns":[{"name":"id","type":"increments","args":[{"primary":true,"primaryKey":true}],"defaultTo":null,"notNullable":true,"unsigned":false},{"name":"event_id","type":"integer","args":[],"defaultTo":null,"notNullable":false,"unsigned":true},{"name":"category_id","type":"integer","args":[],"defaultTo":null,"notNullable":false,"unsigned":true},{"name":"event_order","type":"double","args":[],"defaultTo":null,"notNullable":false,"unsigned":true}]},{"name":"news_category_links","indexes":[{"name":"news_category_links_fk","columns":["new_id"]},{"name":"news_category_links_inv_fk","columns":["category_id"]},{"name":"news_category_links_unique","columns":["new_id","category_id"],"type":"unique"},{"name":"news_category_links_order_inv_fk","columns":["new_order"]}],"foreignKeys":[{"name":"news_category_links_fk","columns":["new_id"],"referencedColumns":["id"],"referencedTable":"news","onDelete":"CASCADE"},{"name":"news_category_links_inv_fk","columns":["category_id"],"referencedColumns":["id"],"referencedTable":"categories","onDelete":"CASCADE"}],"columns":[{"name":"id","type":"increments","args":[{"primary":true,"primaryKey":true}],"defaultTo":null,"notNullable":true,"unsigned":false},{"name":"new_id","type":"integer","args":[],"defaultTo":null,"notNullable":false,"unsigned":true},{"name":"category_id","type":"integer","args":[],"defaultTo":null,"notNullable":false,"unsigned":true},{"name":"new_order","type":"double","args":[],"defaultTo":null,"notNullable":false,"unsigned":true}]}]}	2024-05-02 11:07:29.15	56798fe9a5270e2ee575dbb3de49c5ac
\.


--
-- TOC entry 3477 (class 0 OID 17359)
-- Dependencies: 238
-- Data for Name: strapi_migrations; Type: TABLE DATA; Schema: public; Owner: postgres
--

COPY public.strapi_migrations (id, name, "time") FROM stdin;
\.


--
-- TOC entry 3479 (class 0 OID 17364)
-- Dependencies: 240
-- Data for Name: strapi_release_actions; Type: TABLE DATA; Schema: public; Owner: postgres
--

COPY public.strapi_release_actions (id, type, target_id, target_type, content_type, locale, created_at, updated_at, created_by_id, updated_by_id, is_entry_valid) FROM stdin;
\.


--
-- TOC entry 3481 (class 0 OID 17372)
-- Dependencies: 242
-- Data for Name: strapi_release_actions_release_links; Type: TABLE DATA; Schema: public; Owner: postgres
--

COPY public.strapi_release_actions_release_links (id, release_action_id, release_id, release_action_order) FROM stdin;
\.


--
-- TOC entry 3483 (class 0 OID 17377)
-- Dependencies: 244
-- Data for Name: strapi_releases; Type: TABLE DATA; Schema: public; Owner: postgres
--

COPY public.strapi_releases (id, name, released_at, scheduled_at, timezone, created_at, updated_at, created_by_id, updated_by_id, status) FROM stdin;
\.


--
-- TOC entry 3485 (class 0 OID 17385)
-- Dependencies: 246
-- Data for Name: strapi_transfer_token_permissions; Type: TABLE DATA; Schema: public; Owner: postgres
--

COPY public.strapi_transfer_token_permissions (id, action, created_at, updated_at, created_by_id, updated_by_id) FROM stdin;
\.


--
-- TOC entry 3487 (class 0 OID 17390)
-- Dependencies: 248
-- Data for Name: strapi_transfer_token_permissions_token_links; Type: TABLE DATA; Schema: public; Owner: postgres
--

COPY public.strapi_transfer_token_permissions_token_links (id, transfer_token_permission_id, transfer_token_id, transfer_token_permission_order) FROM stdin;
\.


--
-- TOC entry 3489 (class 0 OID 17395)
-- Dependencies: 250
-- Data for Name: strapi_transfer_tokens; Type: TABLE DATA; Schema: public; Owner: postgres
--

COPY public.strapi_transfer_tokens (id, name, description, access_key, last_used_at, expires_at, lifespan, created_at, updated_at, created_by_id, updated_by_id) FROM stdin;
\.


--
-- TOC entry 3491 (class 0 OID 17403)
-- Dependencies: 252
-- Data for Name: strapi_webhooks; Type: TABLE DATA; Schema: public; Owner: postgres
--

COPY public.strapi_webhooks (id, name, url, headers, events, enabled) FROM stdin;
\.


--
-- TOC entry 3493 (class 0 OID 17411)
-- Dependencies: 254
-- Data for Name: up_permissions; Type: TABLE DATA; Schema: public; Owner: postgres
--

COPY public.up_permissions (id, action, created_at, updated_at, created_by_id, updated_by_id) FROM stdin;
1	plugin::users-permissions.user.me	2024-03-04 13:05:04.387	2024-03-04 13:05:04.387	\N	\N
2	plugin::users-permissions.auth.changePassword	2024-03-04 13:05:04.387	2024-03-04 13:05:04.387	\N	\N
3	plugin::users-permissions.auth.callback	2024-03-04 13:05:04.413	2024-03-04 13:05:04.413	\N	\N
4	plugin::users-permissions.auth.connect	2024-03-04 13:05:04.413	2024-03-04 13:05:04.413	\N	\N
5	plugin::users-permissions.auth.forgotPassword	2024-03-04 13:05:04.413	2024-03-04 13:05:04.413	\N	\N
9	plugin::users-permissions.auth.sendEmailConfirmation	2024-03-04 13:05:04.413	2024-03-04 13:05:04.413	\N	\N
8	plugin::users-permissions.auth.emailConfirmation	2024-03-04 13:05:04.413	2024-03-04 13:05:04.413	\N	\N
7	plugin::users-permissions.auth.register	2024-03-04 13:05:04.413	2024-03-04 13:05:04.413	\N	\N
6	plugin::users-permissions.auth.resetPassword	2024-03-04 13:05:04.413	2024-03-04 13:05:04.413	\N	\N
16	api::category.category.find	2024-03-06 21:04:26.734	2024-03-06 21:04:26.734	\N	\N
17	api::category.category.findOne	2024-03-06 21:04:26.734	2024-03-06 21:04:26.734	\N	\N
19	plugin::upload.content-api.find	2024-03-09 09:32:31.899	2024-03-09 09:32:31.899	\N	\N
18	plugin::upload.content-api.findOne	2024-03-09 09:32:31.899	2024-03-09 09:32:31.899	\N	\N
22	api::event.event.find	2024-03-09 13:42:18.54	2024-03-09 13:42:18.54	\N	\N
23	api::event.event.findOne	2024-03-09 13:42:18.54	2024-03-09 13:42:18.54	\N	\N
27	api::new.new.findOne	2024-04-26 10:55:44.254	2024-04-26 10:55:44.254	\N	\N
26	api::new.new.find	2024-04-26 10:55:44.254	2024-04-26 10:55:44.254	\N	\N
28	api::group.group.find	2024-04-26 11:11:06.404	2024-04-26 11:11:06.404	\N	\N
29	api::group.group.findOne	2024-04-26 11:11:06.404	2024-04-26 11:11:06.404	\N	\N
\.


--
-- TOC entry 3495 (class 0 OID 17416)
-- Dependencies: 256
-- Data for Name: up_permissions_role_links; Type: TABLE DATA; Schema: public; Owner: postgres
--

COPY public.up_permissions_role_links (id, permission_id, role_id, permission_order) FROM stdin;
1	2	1	1
2	1	1	1
3	3	2	1
4	4	2	1
5	5	2	2
6	9	2	2
7	8	2	2
8	7	2	2
9	6	2	2
16	16	2	4
17	17	2	5
18	19	2	6
19	18	2	6
22	22	2	7
23	23	2	8
26	26	2	10
27	27	2	10
28	28	2	11
29	29	2	11
\.


--
-- TOC entry 3497 (class 0 OID 17421)
-- Dependencies: 258
-- Data for Name: up_roles; Type: TABLE DATA; Schema: public; Owner: postgres
--

COPY public.up_roles (id, name, description, type, created_at, updated_at, created_by_id, updated_by_id) FROM stdin;
1	Authenticated	Default role given to authenticated user.	authenticated	2024-03-04 13:05:04.37	2024-03-04 13:05:04.37	\N	\N
2	Public	Default role given to unauthenticated user.	public	2024-03-04 13:05:04.376	2024-04-26 11:11:06.393	\N	\N
\.


--
-- TOC entry 3499 (class 0 OID 17429)
-- Dependencies: 260
-- Data for Name: up_users; Type: TABLE DATA; Schema: public; Owner: postgres
--

COPY public.up_users (id, username, email, provider, password, reset_password_token, confirmation_token, confirmed, blocked, created_at, updated_at, created_by_id, updated_by_id) FROM stdin;
\.


--
-- TOC entry 3501 (class 0 OID 17437)
-- Dependencies: 262
-- Data for Name: up_users_role_links; Type: TABLE DATA; Schema: public; Owner: postgres
--

COPY public.up_users_role_links (id, user_id, role_id, user_order) FROM stdin;
\.


--
-- TOC entry 3503 (class 0 OID 17442)
-- Dependencies: 264
-- Data for Name: upload_folders; Type: TABLE DATA; Schema: public; Owner: postgres
--

COPY public.upload_folders (id, name, path_id, path, created_at, updated_at, created_by_id, updated_by_id) FROM stdin;
\.


--
-- TOC entry 3505 (class 0 OID 17450)
-- Dependencies: 266
-- Data for Name: upload_folders_parent_links; Type: TABLE DATA; Schema: public; Owner: postgres
--

COPY public.upload_folders_parent_links (id, folder_id, inv_folder_id, folder_order) FROM stdin;
\.


--
-- TOC entry 3555 (class 0 OID 0)
-- Dependencies: 203
-- Name: admin_permissions_id_seq; Type: SEQUENCE SET; Schema: public; Owner: postgres
--

SELECT pg_catalog.setval('public.admin_permissions_id_seq', 161, true);


--
-- TOC entry 3556 (class 0 OID 0)
-- Dependencies: 205
-- Name: admin_permissions_role_links_id_seq; Type: SEQUENCE SET; Schema: public; Owner: postgres
--

SELECT pg_catalog.setval('public.admin_permissions_role_links_id_seq', 161, true);


--
-- TOC entry 3557 (class 0 OID 0)
-- Dependencies: 207
-- Name: admin_roles_id_seq; Type: SEQUENCE SET; Schema: public; Owner: postgres
--

SELECT pg_catalog.setval('public.admin_roles_id_seq', 3, true);


--
-- TOC entry 3558 (class 0 OID 0)
-- Dependencies: 209
-- Name: admin_users_id_seq; Type: SEQUENCE SET; Schema: public; Owner: postgres
--

SELECT pg_catalog.setval('public.admin_users_id_seq', 2, true);


--
-- TOC entry 3559 (class 0 OID 0)
-- Dependencies: 211
-- Name: admin_users_roles_links_id_seq; Type: SEQUENCE SET; Schema: public; Owner: postgres
--

SELECT pg_catalog.setval('public.admin_users_roles_links_id_seq', 5, true);


--
-- TOC entry 3560 (class 0 OID 0)
-- Dependencies: 213
-- Name: categories_id_seq; Type: SEQUENCE SET; Schema: public; Owner: postgres
--

SELECT pg_catalog.setval('public.categories_id_seq', 34, true);


--
-- TOC entry 3561 (class 0 OID 0)
-- Dependencies: 216
-- Name: events_category_links_id_seq; Type: SEQUENCE SET; Schema: public; Owner: postgres
--

SELECT pg_catalog.setval('public.events_category_links_id_seq', 37, true);


--
-- TOC entry 3562 (class 0 OID 0)
-- Dependencies: 217
-- Name: events_id_seq; Type: SEQUENCE SET; Schema: public; Owner: postgres
--

SELECT pg_catalog.setval('public.events_id_seq', 36, true);


--
-- TOC entry 3563 (class 0 OID 0)
-- Dependencies: 220
-- Name: files_folder_links_id_seq; Type: SEQUENCE SET; Schema: public; Owner: postgres
--

SELECT pg_catalog.setval('public.files_folder_links_id_seq', 1, false);


--
-- TOC entry 3564 (class 0 OID 0)
-- Dependencies: 221
-- Name: files_id_seq; Type: SEQUENCE SET; Schema: public; Owner: postgres
--

SELECT pg_catalog.setval('public.files_id_seq', 94, true);


--
-- TOC entry 3565 (class 0 OID 0)
-- Dependencies: 223
-- Name: files_related_morphs_id_seq; Type: SEQUENCE SET; Schema: public; Owner: postgres
--

SELECT pg_catalog.setval('public.files_related_morphs_id_seq', 138, true);


--
-- TOC entry 3566 (class 0 OID 0)
-- Dependencies: 272
-- Name: groups_id_seq; Type: SEQUENCE SET; Schema: public; Owner: postgres
--

SELECT pg_catalog.setval('public.groups_id_seq', 7, true);


--
-- TOC entry 3567 (class 0 OID 0)
-- Dependencies: 225
-- Name: i18n_locale_id_seq; Type: SEQUENCE SET; Schema: public; Owner: postgres
--

SELECT pg_catalog.setval('public.i18n_locale_id_seq', 2, true);


--
-- TOC entry 3568 (class 0 OID 0)
-- Dependencies: 270
-- Name: news_category_links_id_seq; Type: SEQUENCE SET; Schema: public; Owner: postgres
--

SELECT pg_catalog.setval('public.news_category_links_id_seq', 52, true);


--
-- TOC entry 3569 (class 0 OID 0)
-- Dependencies: 268
-- Name: news_id_seq; Type: SEQUENCE SET; Schema: public; Owner: postgres
--

SELECT pg_catalog.setval('public.news_id_seq', 52, true);


--
-- TOC entry 3570 (class 0 OID 0)
-- Dependencies: 227
-- Name: slugs_id_seq; Type: SEQUENCE SET; Schema: public; Owner: postgres
--

SELECT pg_catalog.setval('public.slugs_id_seq', 1, false);


--
-- TOC entry 3571 (class 0 OID 0)
-- Dependencies: 229
-- Name: strapi_api_token_permissions_id_seq; Type: SEQUENCE SET; Schema: public; Owner: postgres
--

SELECT pg_catalog.setval('public.strapi_api_token_permissions_id_seq', 1, false);


--
-- TOC entry 3572 (class 0 OID 0)
-- Dependencies: 231
-- Name: strapi_api_token_permissions_token_links_id_seq; Type: SEQUENCE SET; Schema: public; Owner: postgres
--

SELECT pg_catalog.setval('public.strapi_api_token_permissions_token_links_id_seq', 1, false);


--
-- TOC entry 3573 (class 0 OID 0)
-- Dependencies: 233
-- Name: strapi_api_tokens_id_seq; Type: SEQUENCE SET; Schema: public; Owner: postgres
--

SELECT pg_catalog.setval('public.strapi_api_tokens_id_seq', 1, true);


--
-- TOC entry 3574 (class 0 OID 0)
-- Dependencies: 235
-- Name: strapi_core_store_settings_id_seq; Type: SEQUENCE SET; Schema: public; Owner: postgres
--

SELECT pg_catalog.setval('public.strapi_core_store_settings_id_seq', 36, true);


--
-- TOC entry 3575 (class 0 OID 0)
-- Dependencies: 237
-- Name: strapi_database_schema_id_seq; Type: SEQUENCE SET; Schema: public; Owner: postgres
--

SELECT pg_catalog.setval('public.strapi_database_schema_id_seq', 29, true);


--
-- TOC entry 3576 (class 0 OID 0)
-- Dependencies: 239
-- Name: strapi_migrations_id_seq; Type: SEQUENCE SET; Schema: public; Owner: postgres
--

SELECT pg_catalog.setval('public.strapi_migrations_id_seq', 1, false);


--
-- TOC entry 3577 (class 0 OID 0)
-- Dependencies: 241
-- Name: strapi_release_actions_id_seq; Type: SEQUENCE SET; Schema: public; Owner: postgres
--

SELECT pg_catalog.setval('public.strapi_release_actions_id_seq', 1, false);


--
-- TOC entry 3578 (class 0 OID 0)
-- Dependencies: 243
-- Name: strapi_release_actions_release_links_id_seq; Type: SEQUENCE SET; Schema: public; Owner: postgres
--

SELECT pg_catalog.setval('public.strapi_release_actions_release_links_id_seq', 1, false);


--
-- TOC entry 3579 (class 0 OID 0)
-- Dependencies: 245
-- Name: strapi_releases_id_seq; Type: SEQUENCE SET; Schema: public; Owner: postgres
--

SELECT pg_catalog.setval('public.strapi_releases_id_seq', 1, false);


--
-- TOC entry 3580 (class 0 OID 0)
-- Dependencies: 247
-- Name: strapi_transfer_token_permissions_id_seq; Type: SEQUENCE SET; Schema: public; Owner: postgres
--

SELECT pg_catalog.setval('public.strapi_transfer_token_permissions_id_seq', 1, false);


--
-- TOC entry 3581 (class 0 OID 0)
-- Dependencies: 249
-- Name: strapi_transfer_token_permissions_token_links_id_seq; Type: SEQUENCE SET; Schema: public; Owner: postgres
--

SELECT pg_catalog.setval('public.strapi_transfer_token_permissions_token_links_id_seq', 1, false);


--
-- TOC entry 3582 (class 0 OID 0)
-- Dependencies: 251
-- Name: strapi_transfer_tokens_id_seq; Type: SEQUENCE SET; Schema: public; Owner: postgres
--

SELECT pg_catalog.setval('public.strapi_transfer_tokens_id_seq', 1, false);


--
-- TOC entry 3583 (class 0 OID 0)
-- Dependencies: 253
-- Name: strapi_webhooks_id_seq; Type: SEQUENCE SET; Schema: public; Owner: postgres
--

SELECT pg_catalog.setval('public.strapi_webhooks_id_seq', 1, false);


--
-- TOC entry 3584 (class 0 OID 0)
-- Dependencies: 255
-- Name: up_permissions_id_seq; Type: SEQUENCE SET; Schema: public; Owner: postgres
--

SELECT pg_catalog.setval('public.up_permissions_id_seq', 29, true);


--
-- TOC entry 3585 (class 0 OID 0)
-- Dependencies: 257
-- Name: up_permissions_role_links_id_seq; Type: SEQUENCE SET; Schema: public; Owner: postgres
--

SELECT pg_catalog.setval('public.up_permissions_role_links_id_seq', 29, true);


--
-- TOC entry 3586 (class 0 OID 0)
-- Dependencies: 259
-- Name: up_roles_id_seq; Type: SEQUENCE SET; Schema: public; Owner: postgres
--

SELECT pg_catalog.setval('public.up_roles_id_seq', 2, true);


--
-- TOC entry 3587 (class 0 OID 0)
-- Dependencies: 261
-- Name: up_users_id_seq; Type: SEQUENCE SET; Schema: public; Owner: postgres
--

SELECT pg_catalog.setval('public.up_users_id_seq', 1, true);


--
-- TOC entry 3588 (class 0 OID 0)
-- Dependencies: 263
-- Name: up_users_role_links_id_seq; Type: SEQUENCE SET; Schema: public; Owner: postgres
--

SELECT pg_catalog.setval('public.up_users_role_links_id_seq', 1, true);


--
-- TOC entry 3589 (class 0 OID 0)
-- Dependencies: 265
-- Name: upload_folders_id_seq; Type: SEQUENCE SET; Schema: public; Owner: postgres
--

SELECT pg_catalog.setval('public.upload_folders_id_seq', 1, false);


--
-- TOC entry 3590 (class 0 OID 0)
-- Dependencies: 267
-- Name: upload_folders_parent_links_id_seq; Type: SEQUENCE SET; Schema: public; Owner: postgres
--

SELECT pg_catalog.setval('public.upload_folders_parent_links_id_seq', 1, false);


--
-- TOC entry 3065 (class 2606 OID 17494)
-- Name: admin_permissions admin_permissions_pkey; Type: CONSTRAINT; Schema: public; Owner: postgres
--

ALTER TABLE ONLY public.admin_permissions
    ADD CONSTRAINT admin_permissions_pkey PRIMARY KEY (id);


--
-- TOC entry 3071 (class 2606 OID 17496)
-- Name: admin_permissions_role_links admin_permissions_role_links_pkey; Type: CONSTRAINT; Schema: public; Owner: postgres
--

ALTER TABLE ONLY public.admin_permissions_role_links
    ADD CONSTRAINT admin_permissions_role_links_pkey PRIMARY KEY (id);


--
-- TOC entry 3073 (class 2606 OID 17498)
-- Name: admin_permissions_role_links admin_permissions_role_links_unique; Type: CONSTRAINT; Schema: public; Owner: postgres
--

ALTER TABLE ONLY public.admin_permissions_role_links
    ADD CONSTRAINT admin_permissions_role_links_unique UNIQUE (permission_id, role_id);


--
-- TOC entry 3076 (class 2606 OID 17500)
-- Name: admin_roles admin_roles_pkey; Type: CONSTRAINT; Schema: public; Owner: postgres
--

ALTER TABLE ONLY public.admin_roles
    ADD CONSTRAINT admin_roles_pkey PRIMARY KEY (id);


--
-- TOC entry 3080 (class 2606 OID 17502)
-- Name: admin_users admin_users_pkey; Type: CONSTRAINT; Schema: public; Owner: postgres
--

ALTER TABLE ONLY public.admin_users
    ADD CONSTRAINT admin_users_pkey PRIMARY KEY (id);


--
-- TOC entry 3087 (class 2606 OID 17504)
-- Name: admin_users_roles_links admin_users_roles_links_pkey; Type: CONSTRAINT; Schema: public; Owner: postgres
--

ALTER TABLE ONLY public.admin_users_roles_links
    ADD CONSTRAINT admin_users_roles_links_pkey PRIMARY KEY (id);


--
-- TOC entry 3089 (class 2606 OID 17506)
-- Name: admin_users_roles_links admin_users_roles_links_unique; Type: CONSTRAINT; Schema: public; Owner: postgres
--

ALTER TABLE ONLY public.admin_users_roles_links
    ADD CONSTRAINT admin_users_roles_links_unique UNIQUE (user_id, role_id);


--
-- TOC entry 3092 (class 2606 OID 17508)
-- Name: categories categories_pkey; Type: CONSTRAINT; Schema: public; Owner: postgres
--

ALTER TABLE ONLY public.categories
    ADD CONSTRAINT categories_pkey PRIMARY KEY (id);


--
-- TOC entry 3094 (class 2606 OID 17510)
-- Name: categories categories_slug_unique; Type: CONSTRAINT; Schema: public; Owner: postgres
--

ALTER TABLE ONLY public.categories
    ADD CONSTRAINT categories_slug_unique UNIQUE (slug);


--
-- TOC entry 3106 (class 2606 OID 17512)
-- Name: events_category_links events_category_links_pkey; Type: CONSTRAINT; Schema: public; Owner: postgres
--

ALTER TABLE ONLY public.events_category_links
    ADD CONSTRAINT events_category_links_pkey PRIMARY KEY (id);


--
-- TOC entry 3108 (class 2606 OID 17514)
-- Name: events_category_links events_category_links_unique; Type: CONSTRAINT; Schema: public; Owner: postgres
--

ALTER TABLE ONLY public.events_category_links
    ADD CONSTRAINT events_category_links_unique UNIQUE (event_id, category_id);


--
-- TOC entry 3098 (class 2606 OID 17516)
-- Name: events events_pkey; Type: CONSTRAINT; Schema: public; Owner: postgres
--

ALTER TABLE ONLY public.events
    ADD CONSTRAINT events_pkey PRIMARY KEY (id);


--
-- TOC entry 3100 (class 2606 OID 17518)
-- Name: events events_slug_unique; Type: CONSTRAINT; Schema: public; Owner: postgres
--

ALTER TABLE ONLY public.events
    ADD CONSTRAINT events_slug_unique UNIQUE (slug);


--
-- TOC entry 3123 (class 2606 OID 17520)
-- Name: files_folder_links files_folder_links_pkey; Type: CONSTRAINT; Schema: public; Owner: postgres
--

ALTER TABLE ONLY public.files_folder_links
    ADD CONSTRAINT files_folder_links_pkey PRIMARY KEY (id);


--
-- TOC entry 3125 (class 2606 OID 17522)
-- Name: files_folder_links files_folder_links_unique; Type: CONSTRAINT; Schema: public; Owner: postgres
--

ALTER TABLE ONLY public.files_folder_links
    ADD CONSTRAINT files_folder_links_unique UNIQUE (file_id, folder_id);


--
-- TOC entry 3111 (class 2606 OID 17524)
-- Name: files files_pkey; Type: CONSTRAINT; Schema: public; Owner: postgres
--

ALTER TABLE ONLY public.files
    ADD CONSTRAINT files_pkey PRIMARY KEY (id);


--
-- TOC entry 3130 (class 2606 OID 17526)
-- Name: files_related_morphs files_related_morphs_pkey; Type: CONSTRAINT; Schema: public; Owner: postgres
--

ALTER TABLE ONLY public.files_related_morphs
    ADD CONSTRAINT files_related_morphs_pkey PRIMARY KEY (id);


--
-- TOC entry 3248 (class 2606 OID 24640)
-- Name: groups groups_pkey; Type: CONSTRAINT; Schema: public; Owner: postgres
--

ALTER TABLE ONLY public.groups
    ADD CONSTRAINT groups_pkey PRIMARY KEY (id);


--
-- TOC entry 3250 (class 2606 OID 24642)
-- Name: groups groups_slug_unique; Type: CONSTRAINT; Schema: public; Owner: postgres
--

ALTER TABLE ONLY public.groups
    ADD CONSTRAINT groups_slug_unique UNIQUE (slug);


--
-- TOC entry 3133 (class 2606 OID 17528)
-- Name: i18n_locale i18n_locale_pkey; Type: CONSTRAINT; Schema: public; Owner: postgres
--

ALTER TABLE ONLY public.i18n_locale
    ADD CONSTRAINT i18n_locale_pkey PRIMARY KEY (id);


--
-- TOC entry 3243 (class 2606 OID 24599)
-- Name: news_category_links news_category_links_pkey; Type: CONSTRAINT; Schema: public; Owner: postgres
--

ALTER TABLE ONLY public.news_category_links
    ADD CONSTRAINT news_category_links_pkey PRIMARY KEY (id);


--
-- TOC entry 3245 (class 2606 OID 24603)
-- Name: news_category_links news_category_links_unique; Type: CONSTRAINT; Schema: public; Owner: postgres
--

ALTER TABLE ONLY public.news_category_links
    ADD CONSTRAINT news_category_links_unique UNIQUE (new_id, category_id);


--
-- TOC entry 3235 (class 2606 OID 24587)
-- Name: news news_pkey; Type: CONSTRAINT; Schema: public; Owner: postgres
--

ALTER TABLE ONLY public.news
    ADD CONSTRAINT news_pkey PRIMARY KEY (id);


--
-- TOC entry 3237 (class 2606 OID 24589)
-- Name: news news_slug_unique; Type: CONSTRAINT; Schema: public; Owner: postgres
--

ALTER TABLE ONLY public.news
    ADD CONSTRAINT news_slug_unique UNIQUE (slug);


--
-- TOC entry 3137 (class 2606 OID 17542)
-- Name: slugs slugs_pkey; Type: CONSTRAINT; Schema: public; Owner: postgres
--

ALTER TABLE ONLY public.slugs
    ADD CONSTRAINT slugs_pkey PRIMARY KEY (id);


--
-- TOC entry 3141 (class 2606 OID 17544)
-- Name: strapi_api_token_permissions strapi_api_token_permissions_pkey; Type: CONSTRAINT; Schema: public; Owner: postgres
--

ALTER TABLE ONLY public.strapi_api_token_permissions
    ADD CONSTRAINT strapi_api_token_permissions_pkey PRIMARY KEY (id);


--
-- TOC entry 3147 (class 2606 OID 17546)
-- Name: strapi_api_token_permissions_token_links strapi_api_token_permissions_token_links_pkey; Type: CONSTRAINT; Schema: public; Owner: postgres
--

ALTER TABLE ONLY public.strapi_api_token_permissions_token_links
    ADD CONSTRAINT strapi_api_token_permissions_token_links_pkey PRIMARY KEY (id);


--
-- TOC entry 3149 (class 2606 OID 17548)
-- Name: strapi_api_token_permissions_token_links strapi_api_token_permissions_token_links_unique; Type: CONSTRAINT; Schema: public; Owner: postgres
--

ALTER TABLE ONLY public.strapi_api_token_permissions_token_links
    ADD CONSTRAINT strapi_api_token_permissions_token_links_unique UNIQUE (api_token_permission_id, api_token_id);


--
-- TOC entry 3152 (class 2606 OID 17550)
-- Name: strapi_api_tokens strapi_api_tokens_pkey; Type: CONSTRAINT; Schema: public; Owner: postgres
--

ALTER TABLE ONLY public.strapi_api_tokens
    ADD CONSTRAINT strapi_api_tokens_pkey PRIMARY KEY (id);


--
-- TOC entry 3155 (class 2606 OID 17552)
-- Name: strapi_core_store_settings strapi_core_store_settings_pkey; Type: CONSTRAINT; Schema: public; Owner: postgres
--

ALTER TABLE ONLY public.strapi_core_store_settings
    ADD CONSTRAINT strapi_core_store_settings_pkey PRIMARY KEY (id);


--
-- TOC entry 3157 (class 2606 OID 17554)
-- Name: strapi_database_schema strapi_database_schema_pkey; Type: CONSTRAINT; Schema: public; Owner: postgres
--

ALTER TABLE ONLY public.strapi_database_schema
    ADD CONSTRAINT strapi_database_schema_pkey PRIMARY KEY (id);


--
-- TOC entry 3159 (class 2606 OID 17556)
-- Name: strapi_migrations strapi_migrations_pkey; Type: CONSTRAINT; Schema: public; Owner: postgres
--

ALTER TABLE ONLY public.strapi_migrations
    ADD CONSTRAINT strapi_migrations_pkey PRIMARY KEY (id);


--
-- TOC entry 3162 (class 2606 OID 17558)
-- Name: strapi_release_actions strapi_release_actions_pkey; Type: CONSTRAINT; Schema: public; Owner: postgres
--

ALTER TABLE ONLY public.strapi_release_actions
    ADD CONSTRAINT strapi_release_actions_pkey PRIMARY KEY (id);


--
-- TOC entry 3168 (class 2606 OID 17560)
-- Name: strapi_release_actions_release_links strapi_release_actions_release_links_pkey; Type: CONSTRAINT; Schema: public; Owner: postgres
--

ALTER TABLE ONLY public.strapi_release_actions_release_links
    ADD CONSTRAINT strapi_release_actions_release_links_pkey PRIMARY KEY (id);


--
-- TOC entry 3170 (class 2606 OID 17562)
-- Name: strapi_release_actions_release_links strapi_release_actions_release_links_unique; Type: CONSTRAINT; Schema: public; Owner: postgres
--

ALTER TABLE ONLY public.strapi_release_actions_release_links
    ADD CONSTRAINT strapi_release_actions_release_links_unique UNIQUE (release_action_id, release_id);


--
-- TOC entry 3173 (class 2606 OID 17564)
-- Name: strapi_releases strapi_releases_pkey; Type: CONSTRAINT; Schema: public; Owner: postgres
--

ALTER TABLE ONLY public.strapi_releases
    ADD CONSTRAINT strapi_releases_pkey PRIMARY KEY (id);


--
-- TOC entry 3177 (class 2606 OID 17566)
-- Name: strapi_transfer_token_permissions strapi_transfer_token_permissions_pkey; Type: CONSTRAINT; Schema: public; Owner: postgres
--

ALTER TABLE ONLY public.strapi_transfer_token_permissions
    ADD CONSTRAINT strapi_transfer_token_permissions_pkey PRIMARY KEY (id);


--
-- TOC entry 3183 (class 2606 OID 17568)
-- Name: strapi_transfer_token_permissions_token_links strapi_transfer_token_permissions_token_links_pkey; Type: CONSTRAINT; Schema: public; Owner: postgres
--

ALTER TABLE ONLY public.strapi_transfer_token_permissions_token_links
    ADD CONSTRAINT strapi_transfer_token_permissions_token_links_pkey PRIMARY KEY (id);


--
-- TOC entry 3185 (class 2606 OID 17570)
-- Name: strapi_transfer_token_permissions_token_links strapi_transfer_token_permissions_token_links_unique; Type: CONSTRAINT; Schema: public; Owner: postgres
--

ALTER TABLE ONLY public.strapi_transfer_token_permissions_token_links
    ADD CONSTRAINT strapi_transfer_token_permissions_token_links_unique UNIQUE (transfer_token_permission_id, transfer_token_id);


--
-- TOC entry 3188 (class 2606 OID 17572)
-- Name: strapi_transfer_tokens strapi_transfer_tokens_pkey; Type: CONSTRAINT; Schema: public; Owner: postgres
--

ALTER TABLE ONLY public.strapi_transfer_tokens
    ADD CONSTRAINT strapi_transfer_tokens_pkey PRIMARY KEY (id);


--
-- TOC entry 3191 (class 2606 OID 17574)
-- Name: strapi_webhooks strapi_webhooks_pkey; Type: CONSTRAINT; Schema: public; Owner: postgres
--

ALTER TABLE ONLY public.strapi_webhooks
    ADD CONSTRAINT strapi_webhooks_pkey PRIMARY KEY (id);


--
-- TOC entry 3194 (class 2606 OID 17576)
-- Name: up_permissions up_permissions_pkey; Type: CONSTRAINT; Schema: public; Owner: postgres
--

ALTER TABLE ONLY public.up_permissions
    ADD CONSTRAINT up_permissions_pkey PRIMARY KEY (id);


--
-- TOC entry 3200 (class 2606 OID 17578)
-- Name: up_permissions_role_links up_permissions_role_links_pkey; Type: CONSTRAINT; Schema: public; Owner: postgres
--

ALTER TABLE ONLY public.up_permissions_role_links
    ADD CONSTRAINT up_permissions_role_links_pkey PRIMARY KEY (id);


--
-- TOC entry 3202 (class 2606 OID 17580)
-- Name: up_permissions_role_links up_permissions_role_links_unique; Type: CONSTRAINT; Schema: public; Owner: postgres
--

ALTER TABLE ONLY public.up_permissions_role_links
    ADD CONSTRAINT up_permissions_role_links_unique UNIQUE (permission_id, role_id);


--
-- TOC entry 3205 (class 2606 OID 17582)
-- Name: up_roles up_roles_pkey; Type: CONSTRAINT; Schema: public; Owner: postgres
--

ALTER TABLE ONLY public.up_roles
    ADD CONSTRAINT up_roles_pkey PRIMARY KEY (id);


--
-- TOC entry 3209 (class 2606 OID 17584)
-- Name: up_users up_users_pkey; Type: CONSTRAINT; Schema: public; Owner: postgres
--

ALTER TABLE ONLY public.up_users
    ADD CONSTRAINT up_users_pkey PRIMARY KEY (id);


--
-- TOC entry 3215 (class 2606 OID 17586)
-- Name: up_users_role_links up_users_role_links_pkey; Type: CONSTRAINT; Schema: public; Owner: postgres
--

ALTER TABLE ONLY public.up_users_role_links
    ADD CONSTRAINT up_users_role_links_pkey PRIMARY KEY (id);


--
-- TOC entry 3217 (class 2606 OID 17588)
-- Name: up_users_role_links up_users_role_links_unique; Type: CONSTRAINT; Schema: public; Owner: postgres
--

ALTER TABLE ONLY public.up_users_role_links
    ADD CONSTRAINT up_users_role_links_unique UNIQUE (user_id, role_id);


--
-- TOC entry 3230 (class 2606 OID 17590)
-- Name: upload_folders_parent_links upload_folders_parent_links_pkey; Type: CONSTRAINT; Schema: public; Owner: postgres
--

ALTER TABLE ONLY public.upload_folders_parent_links
    ADD CONSTRAINT upload_folders_parent_links_pkey PRIMARY KEY (id);


--
-- TOC entry 3232 (class 2606 OID 17592)
-- Name: upload_folders_parent_links upload_folders_parent_links_unique; Type: CONSTRAINT; Schema: public; Owner: postgres
--

ALTER TABLE ONLY public.upload_folders_parent_links
    ADD CONSTRAINT upload_folders_parent_links_unique UNIQUE (folder_id, inv_folder_id);


--
-- TOC entry 3220 (class 2606 OID 17594)
-- Name: upload_folders upload_folders_path_id_index; Type: CONSTRAINT; Schema: public; Owner: postgres
--

ALTER TABLE ONLY public.upload_folders
    ADD CONSTRAINT upload_folders_path_id_index UNIQUE (path_id);


--
-- TOC entry 3222 (class 2606 OID 17596)
-- Name: upload_folders upload_folders_path_index; Type: CONSTRAINT; Schema: public; Owner: postgres
--

ALTER TABLE ONLY public.upload_folders
    ADD CONSTRAINT upload_folders_path_index UNIQUE (path);


--
-- TOC entry 3224 (class 2606 OID 17598)
-- Name: upload_folders upload_folders_pkey; Type: CONSTRAINT; Schema: public; Owner: postgres
--

ALTER TABLE ONLY public.upload_folders
    ADD CONSTRAINT upload_folders_pkey PRIMARY KEY (id);


--
-- TOC entry 3063 (class 1259 OID 17599)
-- Name: admin_permissions_created_by_id_fk; Type: INDEX; Schema: public; Owner: postgres
--

CREATE INDEX admin_permissions_created_by_id_fk ON public.admin_permissions USING btree (created_by_id);


--
-- TOC entry 3067 (class 1259 OID 17600)
-- Name: admin_permissions_role_links_fk; Type: INDEX; Schema: public; Owner: postgres
--

CREATE INDEX admin_permissions_role_links_fk ON public.admin_permissions_role_links USING btree (permission_id);


--
-- TOC entry 3068 (class 1259 OID 17601)
-- Name: admin_permissions_role_links_inv_fk; Type: INDEX; Schema: public; Owner: postgres
--

CREATE INDEX admin_permissions_role_links_inv_fk ON public.admin_permissions_role_links USING btree (role_id);


--
-- TOC entry 3069 (class 1259 OID 17602)
-- Name: admin_permissions_role_links_order_inv_fk; Type: INDEX; Schema: public; Owner: postgres
--

CREATE INDEX admin_permissions_role_links_order_inv_fk ON public.admin_permissions_role_links USING btree (permission_order);


--
-- TOC entry 3066 (class 1259 OID 17603)
-- Name: admin_permissions_updated_by_id_fk; Type: INDEX; Schema: public; Owner: postgres
--

CREATE INDEX admin_permissions_updated_by_id_fk ON public.admin_permissions USING btree (updated_by_id);


--
-- TOC entry 3074 (class 1259 OID 17604)
-- Name: admin_roles_created_by_id_fk; Type: INDEX; Schema: public; Owner: postgres
--

CREATE INDEX admin_roles_created_by_id_fk ON public.admin_roles USING btree (created_by_id);


--
-- TOC entry 3077 (class 1259 OID 17605)
-- Name: admin_roles_updated_by_id_fk; Type: INDEX; Schema: public; Owner: postgres
--

CREATE INDEX admin_roles_updated_by_id_fk ON public.admin_roles USING btree (updated_by_id);


--
-- TOC entry 3078 (class 1259 OID 17606)
-- Name: admin_users_created_by_id_fk; Type: INDEX; Schema: public; Owner: postgres
--

CREATE INDEX admin_users_created_by_id_fk ON public.admin_users USING btree (created_by_id);


--
-- TOC entry 3082 (class 1259 OID 17607)
-- Name: admin_users_roles_links_fk; Type: INDEX; Schema: public; Owner: postgres
--

CREATE INDEX admin_users_roles_links_fk ON public.admin_users_roles_links USING btree (user_id);


--
-- TOC entry 3083 (class 1259 OID 17608)
-- Name: admin_users_roles_links_inv_fk; Type: INDEX; Schema: public; Owner: postgres
--

CREATE INDEX admin_users_roles_links_inv_fk ON public.admin_users_roles_links USING btree (role_id);


--
-- TOC entry 3084 (class 1259 OID 17609)
-- Name: admin_users_roles_links_order_fk; Type: INDEX; Schema: public; Owner: postgres
--

CREATE INDEX admin_users_roles_links_order_fk ON public.admin_users_roles_links USING btree (role_order);


--
-- TOC entry 3085 (class 1259 OID 17610)
-- Name: admin_users_roles_links_order_inv_fk; Type: INDEX; Schema: public; Owner: postgres
--

CREATE INDEX admin_users_roles_links_order_inv_fk ON public.admin_users_roles_links USING btree (user_order);


--
-- TOC entry 3081 (class 1259 OID 17611)
-- Name: admin_users_updated_by_id_fk; Type: INDEX; Schema: public; Owner: postgres
--

CREATE INDEX admin_users_updated_by_id_fk ON public.admin_users USING btree (updated_by_id);


--
-- TOC entry 3090 (class 1259 OID 17612)
-- Name: categories_created_by_id_fk; Type: INDEX; Schema: public; Owner: postgres
--

CREATE INDEX categories_created_by_id_fk ON public.categories USING btree (created_by_id);


--
-- TOC entry 3095 (class 1259 OID 17613)
-- Name: categories_updated_by_id_fk; Type: INDEX; Schema: public; Owner: postgres
--

CREATE INDEX categories_updated_by_id_fk ON public.categories USING btree (updated_by_id);


--
-- TOC entry 3102 (class 1259 OID 17614)
-- Name: events_category_links_fk; Type: INDEX; Schema: public; Owner: postgres
--

CREATE INDEX events_category_links_fk ON public.events_category_links USING btree (event_id);


--
-- TOC entry 3103 (class 1259 OID 17615)
-- Name: events_category_links_inv_fk; Type: INDEX; Schema: public; Owner: postgres
--

CREATE INDEX events_category_links_inv_fk ON public.events_category_links USING btree (category_id);


--
-- TOC entry 3104 (class 1259 OID 17616)
-- Name: events_category_links_order_inv_fk; Type: INDEX; Schema: public; Owner: postgres
--

CREATE INDEX events_category_links_order_inv_fk ON public.events_category_links USING btree (event_order);


--
-- TOC entry 3096 (class 1259 OID 17617)
-- Name: events_created_by_id_fk; Type: INDEX; Schema: public; Owner: postgres
--

CREATE INDEX events_created_by_id_fk ON public.events USING btree (created_by_id);


--
-- TOC entry 3101 (class 1259 OID 17618)
-- Name: events_updated_by_id_fk; Type: INDEX; Schema: public; Owner: postgres
--

CREATE INDEX events_updated_by_id_fk ON public.events USING btree (updated_by_id);


--
-- TOC entry 3109 (class 1259 OID 17619)
-- Name: files_created_by_id_fk; Type: INDEX; Schema: public; Owner: postgres
--

CREATE INDEX files_created_by_id_fk ON public.files USING btree (created_by_id);


--
-- TOC entry 3119 (class 1259 OID 17620)
-- Name: files_folder_links_fk; Type: INDEX; Schema: public; Owner: postgres
--

CREATE INDEX files_folder_links_fk ON public.files_folder_links USING btree (file_id);


--
-- TOC entry 3120 (class 1259 OID 17621)
-- Name: files_folder_links_inv_fk; Type: INDEX; Schema: public; Owner: postgres
--

CREATE INDEX files_folder_links_inv_fk ON public.files_folder_links USING btree (folder_id);


--
-- TOC entry 3121 (class 1259 OID 17622)
-- Name: files_folder_links_order_inv_fk; Type: INDEX; Schema: public; Owner: postgres
--

CREATE INDEX files_folder_links_order_inv_fk ON public.files_folder_links USING btree (file_order);


--
-- TOC entry 3126 (class 1259 OID 17623)
-- Name: files_related_morphs_fk; Type: INDEX; Schema: public; Owner: postgres
--

CREATE INDEX files_related_morphs_fk ON public.files_related_morphs USING btree (file_id);


--
-- TOC entry 3127 (class 1259 OID 17624)
-- Name: files_related_morphs_id_column_index; Type: INDEX; Schema: public; Owner: postgres
--

CREATE INDEX files_related_morphs_id_column_index ON public.files_related_morphs USING btree (related_id);


--
-- TOC entry 3128 (class 1259 OID 17625)
-- Name: files_related_morphs_order_index; Type: INDEX; Schema: public; Owner: postgres
--

CREATE INDEX files_related_morphs_order_index ON public.files_related_morphs USING btree ("order");


--
-- TOC entry 3112 (class 1259 OID 17626)
-- Name: files_updated_by_id_fk; Type: INDEX; Schema: public; Owner: postgres
--

CREATE INDEX files_updated_by_id_fk ON public.files USING btree (updated_by_id);


--
-- TOC entry 3246 (class 1259 OID 24643)
-- Name: groups_created_by_id_fk; Type: INDEX; Schema: public; Owner: postgres
--

CREATE INDEX groups_created_by_id_fk ON public.groups USING btree (created_by_id);


--
-- TOC entry 3251 (class 1259 OID 24644)
-- Name: groups_updated_by_id_fk; Type: INDEX; Schema: public; Owner: postgres
--

CREATE INDEX groups_updated_by_id_fk ON public.groups USING btree (updated_by_id);


--
-- TOC entry 3131 (class 1259 OID 17627)
-- Name: i18n_locale_created_by_id_fk; Type: INDEX; Schema: public; Owner: postgres
--

CREATE INDEX i18n_locale_created_by_id_fk ON public.i18n_locale USING btree (created_by_id);


--
-- TOC entry 3134 (class 1259 OID 17628)
-- Name: i18n_locale_updated_by_id_fk; Type: INDEX; Schema: public; Owner: postgres
--

CREATE INDEX i18n_locale_updated_by_id_fk ON public.i18n_locale USING btree (updated_by_id);


--
-- TOC entry 3239 (class 1259 OID 24600)
-- Name: news_category_links_fk; Type: INDEX; Schema: public; Owner: postgres
--

CREATE INDEX news_category_links_fk ON public.news_category_links USING btree (new_id);


--
-- TOC entry 3240 (class 1259 OID 24601)
-- Name: news_category_links_inv_fk; Type: INDEX; Schema: public; Owner: postgres
--

CREATE INDEX news_category_links_inv_fk ON public.news_category_links USING btree (category_id);


--
-- TOC entry 3241 (class 1259 OID 24604)
-- Name: news_category_links_order_inv_fk; Type: INDEX; Schema: public; Owner: postgres
--

CREATE INDEX news_category_links_order_inv_fk ON public.news_category_links USING btree (new_order);


--
-- TOC entry 3233 (class 1259 OID 24590)
-- Name: news_created_by_id_fk; Type: INDEX; Schema: public; Owner: postgres
--

CREATE INDEX news_created_by_id_fk ON public.news USING btree (created_by_id);


--
-- TOC entry 3238 (class 1259 OID 24591)
-- Name: news_updated_by_id_fk; Type: INDEX; Schema: public; Owner: postgres
--

CREATE INDEX news_updated_by_id_fk ON public.news USING btree (updated_by_id);


--
-- TOC entry 3135 (class 1259 OID 17636)
-- Name: slugs_created_by_id_fk; Type: INDEX; Schema: public; Owner: postgres
--

CREATE INDEX slugs_created_by_id_fk ON public.slugs USING btree (created_by_id);


--
-- TOC entry 3138 (class 1259 OID 17637)
-- Name: slugs_updated_by_id_fk; Type: INDEX; Schema: public; Owner: postgres
--

CREATE INDEX slugs_updated_by_id_fk ON public.slugs USING btree (updated_by_id);


--
-- TOC entry 3139 (class 1259 OID 17638)
-- Name: strapi_api_token_permissions_created_by_id_fk; Type: INDEX; Schema: public; Owner: postgres
--

CREATE INDEX strapi_api_token_permissions_created_by_id_fk ON public.strapi_api_token_permissions USING btree (created_by_id);


--
-- TOC entry 3143 (class 1259 OID 17639)
-- Name: strapi_api_token_permissions_token_links_fk; Type: INDEX; Schema: public; Owner: postgres
--

CREATE INDEX strapi_api_token_permissions_token_links_fk ON public.strapi_api_token_permissions_token_links USING btree (api_token_permission_id);


--
-- TOC entry 3144 (class 1259 OID 17640)
-- Name: strapi_api_token_permissions_token_links_inv_fk; Type: INDEX; Schema: public; Owner: postgres
--

CREATE INDEX strapi_api_token_permissions_token_links_inv_fk ON public.strapi_api_token_permissions_token_links USING btree (api_token_id);


--
-- TOC entry 3145 (class 1259 OID 17641)
-- Name: strapi_api_token_permissions_token_links_order_inv_fk; Type: INDEX; Schema: public; Owner: postgres
--

CREATE INDEX strapi_api_token_permissions_token_links_order_inv_fk ON public.strapi_api_token_permissions_token_links USING btree (api_token_permission_order);


--
-- TOC entry 3142 (class 1259 OID 17642)
-- Name: strapi_api_token_permissions_updated_by_id_fk; Type: INDEX; Schema: public; Owner: postgres
--

CREATE INDEX strapi_api_token_permissions_updated_by_id_fk ON public.strapi_api_token_permissions USING btree (updated_by_id);


--
-- TOC entry 3150 (class 1259 OID 17643)
-- Name: strapi_api_tokens_created_by_id_fk; Type: INDEX; Schema: public; Owner: postgres
--

CREATE INDEX strapi_api_tokens_created_by_id_fk ON public.strapi_api_tokens USING btree (created_by_id);


--
-- TOC entry 3153 (class 1259 OID 17644)
-- Name: strapi_api_tokens_updated_by_id_fk; Type: INDEX; Schema: public; Owner: postgres
--

CREATE INDEX strapi_api_tokens_updated_by_id_fk ON public.strapi_api_tokens USING btree (updated_by_id);


--
-- TOC entry 3160 (class 1259 OID 17645)
-- Name: strapi_release_actions_created_by_id_fk; Type: INDEX; Schema: public; Owner: postgres
--

CREATE INDEX strapi_release_actions_created_by_id_fk ON public.strapi_release_actions USING btree (created_by_id);


--
-- TOC entry 3164 (class 1259 OID 17646)
-- Name: strapi_release_actions_release_links_fk; Type: INDEX; Schema: public; Owner: postgres
--

CREATE INDEX strapi_release_actions_release_links_fk ON public.strapi_release_actions_release_links USING btree (release_action_id);


--
-- TOC entry 3165 (class 1259 OID 17647)
-- Name: strapi_release_actions_release_links_inv_fk; Type: INDEX; Schema: public; Owner: postgres
--

CREATE INDEX strapi_release_actions_release_links_inv_fk ON public.strapi_release_actions_release_links USING btree (release_id);


--
-- TOC entry 3166 (class 1259 OID 17648)
-- Name: strapi_release_actions_release_links_order_inv_fk; Type: INDEX; Schema: public; Owner: postgres
--

CREATE INDEX strapi_release_actions_release_links_order_inv_fk ON public.strapi_release_actions_release_links USING btree (release_action_order);


--
-- TOC entry 3163 (class 1259 OID 17649)
-- Name: strapi_release_actions_updated_by_id_fk; Type: INDEX; Schema: public; Owner: postgres
--

CREATE INDEX strapi_release_actions_updated_by_id_fk ON public.strapi_release_actions USING btree (updated_by_id);


--
-- TOC entry 3171 (class 1259 OID 17650)
-- Name: strapi_releases_created_by_id_fk; Type: INDEX; Schema: public; Owner: postgres
--

CREATE INDEX strapi_releases_created_by_id_fk ON public.strapi_releases USING btree (created_by_id);


--
-- TOC entry 3174 (class 1259 OID 17651)
-- Name: strapi_releases_updated_by_id_fk; Type: INDEX; Schema: public; Owner: postgres
--

CREATE INDEX strapi_releases_updated_by_id_fk ON public.strapi_releases USING btree (updated_by_id);


--
-- TOC entry 3175 (class 1259 OID 17652)
-- Name: strapi_transfer_token_permissions_created_by_id_fk; Type: INDEX; Schema: public; Owner: postgres
--

CREATE INDEX strapi_transfer_token_permissions_created_by_id_fk ON public.strapi_transfer_token_permissions USING btree (created_by_id);


--
-- TOC entry 3179 (class 1259 OID 17653)
-- Name: strapi_transfer_token_permissions_token_links_fk; Type: INDEX; Schema: public; Owner: postgres
--

CREATE INDEX strapi_transfer_token_permissions_token_links_fk ON public.strapi_transfer_token_permissions_token_links USING btree (transfer_token_permission_id);


--
-- TOC entry 3180 (class 1259 OID 17654)
-- Name: strapi_transfer_token_permissions_token_links_inv_fk; Type: INDEX; Schema: public; Owner: postgres
--

CREATE INDEX strapi_transfer_token_permissions_token_links_inv_fk ON public.strapi_transfer_token_permissions_token_links USING btree (transfer_token_id);


--
-- TOC entry 3181 (class 1259 OID 17655)
-- Name: strapi_transfer_token_permissions_token_links_order_inv_fk; Type: INDEX; Schema: public; Owner: postgres
--

CREATE INDEX strapi_transfer_token_permissions_token_links_order_inv_fk ON public.strapi_transfer_token_permissions_token_links USING btree (transfer_token_permission_order);


--
-- TOC entry 3178 (class 1259 OID 17656)
-- Name: strapi_transfer_token_permissions_updated_by_id_fk; Type: INDEX; Schema: public; Owner: postgres
--

CREATE INDEX strapi_transfer_token_permissions_updated_by_id_fk ON public.strapi_transfer_token_permissions USING btree (updated_by_id);


--
-- TOC entry 3186 (class 1259 OID 17657)
-- Name: strapi_transfer_tokens_created_by_id_fk; Type: INDEX; Schema: public; Owner: postgres
--

CREATE INDEX strapi_transfer_tokens_created_by_id_fk ON public.strapi_transfer_tokens USING btree (created_by_id);


--
-- TOC entry 3189 (class 1259 OID 17658)
-- Name: strapi_transfer_tokens_updated_by_id_fk; Type: INDEX; Schema: public; Owner: postgres
--

CREATE INDEX strapi_transfer_tokens_updated_by_id_fk ON public.strapi_transfer_tokens USING btree (updated_by_id);


--
-- TOC entry 3192 (class 1259 OID 17659)
-- Name: up_permissions_created_by_id_fk; Type: INDEX; Schema: public; Owner: postgres
--

CREATE INDEX up_permissions_created_by_id_fk ON public.up_permissions USING btree (created_by_id);


--
-- TOC entry 3196 (class 1259 OID 17660)
-- Name: up_permissions_role_links_fk; Type: INDEX; Schema: public; Owner: postgres
--

CREATE INDEX up_permissions_role_links_fk ON public.up_permissions_role_links USING btree (permission_id);


--
-- TOC entry 3197 (class 1259 OID 17661)
-- Name: up_permissions_role_links_inv_fk; Type: INDEX; Schema: public; Owner: postgres
--

CREATE INDEX up_permissions_role_links_inv_fk ON public.up_permissions_role_links USING btree (role_id);


--
-- TOC entry 3198 (class 1259 OID 17662)
-- Name: up_permissions_role_links_order_inv_fk; Type: INDEX; Schema: public; Owner: postgres
--

CREATE INDEX up_permissions_role_links_order_inv_fk ON public.up_permissions_role_links USING btree (permission_order);


--
-- TOC entry 3195 (class 1259 OID 17663)
-- Name: up_permissions_updated_by_id_fk; Type: INDEX; Schema: public; Owner: postgres
--

CREATE INDEX up_permissions_updated_by_id_fk ON public.up_permissions USING btree (updated_by_id);


--
-- TOC entry 3203 (class 1259 OID 17664)
-- Name: up_roles_created_by_id_fk; Type: INDEX; Schema: public; Owner: postgres
--

CREATE INDEX up_roles_created_by_id_fk ON public.up_roles USING btree (created_by_id);


--
-- TOC entry 3206 (class 1259 OID 17665)
-- Name: up_roles_updated_by_id_fk; Type: INDEX; Schema: public; Owner: postgres
--

CREATE INDEX up_roles_updated_by_id_fk ON public.up_roles USING btree (updated_by_id);


--
-- TOC entry 3207 (class 1259 OID 17666)
-- Name: up_users_created_by_id_fk; Type: INDEX; Schema: public; Owner: postgres
--

CREATE INDEX up_users_created_by_id_fk ON public.up_users USING btree (created_by_id);


--
-- TOC entry 3211 (class 1259 OID 17667)
-- Name: up_users_role_links_fk; Type: INDEX; Schema: public; Owner: postgres
--

CREATE INDEX up_users_role_links_fk ON public.up_users_role_links USING btree (user_id);


--
-- TOC entry 3212 (class 1259 OID 17668)
-- Name: up_users_role_links_inv_fk; Type: INDEX; Schema: public; Owner: postgres
--

CREATE INDEX up_users_role_links_inv_fk ON public.up_users_role_links USING btree (role_id);


--
-- TOC entry 3213 (class 1259 OID 17669)
-- Name: up_users_role_links_order_inv_fk; Type: INDEX; Schema: public; Owner: postgres
--

CREATE INDEX up_users_role_links_order_inv_fk ON public.up_users_role_links USING btree (user_order);


--
-- TOC entry 3210 (class 1259 OID 17670)
-- Name: up_users_updated_by_id_fk; Type: INDEX; Schema: public; Owner: postgres
--

CREATE INDEX up_users_updated_by_id_fk ON public.up_users USING btree (updated_by_id);


--
-- TOC entry 3113 (class 1259 OID 17671)
-- Name: upload_files_created_at_index; Type: INDEX; Schema: public; Owner: postgres
--

CREATE INDEX upload_files_created_at_index ON public.files USING btree (created_at);


--
-- TOC entry 3114 (class 1259 OID 17672)
-- Name: upload_files_ext_index; Type: INDEX; Schema: public; Owner: postgres
--

CREATE INDEX upload_files_ext_index ON public.files USING btree (ext);


--
-- TOC entry 3115 (class 1259 OID 17673)
-- Name: upload_files_folder_path_index; Type: INDEX; Schema: public; Owner: postgres
--

CREATE INDEX upload_files_folder_path_index ON public.files USING btree (folder_path);


--
-- TOC entry 3116 (class 1259 OID 17674)
-- Name: upload_files_name_index; Type: INDEX; Schema: public; Owner: postgres
--

CREATE INDEX upload_files_name_index ON public.files USING btree (name);


--
-- TOC entry 3117 (class 1259 OID 17675)
-- Name: upload_files_size_index; Type: INDEX; Schema: public; Owner: postgres
--

CREATE INDEX upload_files_size_index ON public.files USING btree (size);


--
-- TOC entry 3118 (class 1259 OID 17676)
-- Name: upload_files_updated_at_index; Type: INDEX; Schema: public; Owner: postgres
--

CREATE INDEX upload_files_updated_at_index ON public.files USING btree (updated_at);


--
-- TOC entry 3218 (class 1259 OID 17677)
-- Name: upload_folders_created_by_id_fk; Type: INDEX; Schema: public; Owner: postgres
--

CREATE INDEX upload_folders_created_by_id_fk ON public.upload_folders USING btree (created_by_id);


--
-- TOC entry 3226 (class 1259 OID 17678)
-- Name: upload_folders_parent_links_fk; Type: INDEX; Schema: public; Owner: postgres
--

CREATE INDEX upload_folders_parent_links_fk ON public.upload_folders_parent_links USING btree (folder_id);


--
-- TOC entry 3227 (class 1259 OID 17679)
-- Name: upload_folders_parent_links_inv_fk; Type: INDEX; Schema: public; Owner: postgres
--

CREATE INDEX upload_folders_parent_links_inv_fk ON public.upload_folders_parent_links USING btree (inv_folder_id);


--
-- TOC entry 3228 (class 1259 OID 17680)
-- Name: upload_folders_parent_links_order_inv_fk; Type: INDEX; Schema: public; Owner: postgres
--

CREATE INDEX upload_folders_parent_links_order_inv_fk ON public.upload_folders_parent_links USING btree (folder_order);


--
-- TOC entry 3225 (class 1259 OID 17681)
-- Name: upload_folders_updated_by_id_fk; Type: INDEX; Schema: public; Owner: postgres
--

CREATE INDEX upload_folders_updated_by_id_fk ON public.upload_folders USING btree (updated_by_id);


--
-- TOC entry 3252 (class 2606 OID 17682)
-- Name: admin_permissions admin_permissions_created_by_id_fk; Type: FK CONSTRAINT; Schema: public; Owner: postgres
--

ALTER TABLE ONLY public.admin_permissions
    ADD CONSTRAINT admin_permissions_created_by_id_fk FOREIGN KEY (created_by_id) REFERENCES public.admin_users(id) ON DELETE SET NULL;


--
-- TOC entry 3254 (class 2606 OID 17687)
-- Name: admin_permissions_role_links admin_permissions_role_links_fk; Type: FK CONSTRAINT; Schema: public; Owner: postgres
--

ALTER TABLE ONLY public.admin_permissions_role_links
    ADD CONSTRAINT admin_permissions_role_links_fk FOREIGN KEY (permission_id) REFERENCES public.admin_permissions(id) ON DELETE CASCADE;


--
-- TOC entry 3255 (class 2606 OID 17692)
-- Name: admin_permissions_role_links admin_permissions_role_links_inv_fk; Type: FK CONSTRAINT; Schema: public; Owner: postgres
--

ALTER TABLE ONLY public.admin_permissions_role_links
    ADD CONSTRAINT admin_permissions_role_links_inv_fk FOREIGN KEY (role_id) REFERENCES public.admin_roles(id) ON DELETE CASCADE;


--
-- TOC entry 3253 (class 2606 OID 17697)
-- Name: admin_permissions admin_permissions_updated_by_id_fk; Type: FK CONSTRAINT; Schema: public; Owner: postgres
--

ALTER TABLE ONLY public.admin_permissions
    ADD CONSTRAINT admin_permissions_updated_by_id_fk FOREIGN KEY (updated_by_id) REFERENCES public.admin_users(id) ON DELETE SET NULL;


--
-- TOC entry 3256 (class 2606 OID 17702)
-- Name: admin_roles admin_roles_created_by_id_fk; Type: FK CONSTRAINT; Schema: public; Owner: postgres
--

ALTER TABLE ONLY public.admin_roles
    ADD CONSTRAINT admin_roles_created_by_id_fk FOREIGN KEY (created_by_id) REFERENCES public.admin_users(id) ON DELETE SET NULL;


--
-- TOC entry 3257 (class 2606 OID 17707)
-- Name: admin_roles admin_roles_updated_by_id_fk; Type: FK CONSTRAINT; Schema: public; Owner: postgres
--

ALTER TABLE ONLY public.admin_roles
    ADD CONSTRAINT admin_roles_updated_by_id_fk FOREIGN KEY (updated_by_id) REFERENCES public.admin_users(id) ON DELETE SET NULL;


--
-- TOC entry 3258 (class 2606 OID 17712)
-- Name: admin_users admin_users_created_by_id_fk; Type: FK CONSTRAINT; Schema: public; Owner: postgres
--

ALTER TABLE ONLY public.admin_users
    ADD CONSTRAINT admin_users_created_by_id_fk FOREIGN KEY (created_by_id) REFERENCES public.admin_users(id) ON DELETE SET NULL;


--
-- TOC entry 3260 (class 2606 OID 17717)
-- Name: admin_users_roles_links admin_users_roles_links_fk; Type: FK CONSTRAINT; Schema: public; Owner: postgres
--

ALTER TABLE ONLY public.admin_users_roles_links
    ADD CONSTRAINT admin_users_roles_links_fk FOREIGN KEY (user_id) REFERENCES public.admin_users(id) ON DELETE CASCADE;


--
-- TOC entry 3261 (class 2606 OID 17722)
-- Name: admin_users_roles_links admin_users_roles_links_inv_fk; Type: FK CONSTRAINT; Schema: public; Owner: postgres
--

ALTER TABLE ONLY public.admin_users_roles_links
    ADD CONSTRAINT admin_users_roles_links_inv_fk FOREIGN KEY (role_id) REFERENCES public.admin_roles(id) ON DELETE CASCADE;


--
-- TOC entry 3259 (class 2606 OID 17727)
-- Name: admin_users admin_users_updated_by_id_fk; Type: FK CONSTRAINT; Schema: public; Owner: postgres
--

ALTER TABLE ONLY public.admin_users
    ADD CONSTRAINT admin_users_updated_by_id_fk FOREIGN KEY (updated_by_id) REFERENCES public.admin_users(id) ON DELETE SET NULL;


--
-- TOC entry 3262 (class 2606 OID 17732)
-- Name: categories categories_created_by_id_fk; Type: FK CONSTRAINT; Schema: public; Owner: postgres
--

ALTER TABLE ONLY public.categories
    ADD CONSTRAINT categories_created_by_id_fk FOREIGN KEY (created_by_id) REFERENCES public.admin_users(id) ON DELETE SET NULL;


--
-- TOC entry 3263 (class 2606 OID 17737)
-- Name: categories categories_updated_by_id_fk; Type: FK CONSTRAINT; Schema: public; Owner: postgres
--

ALTER TABLE ONLY public.categories
    ADD CONSTRAINT categories_updated_by_id_fk FOREIGN KEY (updated_by_id) REFERENCES public.admin_users(id) ON DELETE SET NULL;


--
-- TOC entry 3266 (class 2606 OID 17742)
-- Name: events_category_links events_category_links_fk; Type: FK CONSTRAINT; Schema: public; Owner: postgres
--

ALTER TABLE ONLY public.events_category_links
    ADD CONSTRAINT events_category_links_fk FOREIGN KEY (event_id) REFERENCES public.events(id) ON DELETE CASCADE;


--
-- TOC entry 3267 (class 2606 OID 17747)
-- Name: events_category_links events_category_links_inv_fk; Type: FK CONSTRAINT; Schema: public; Owner: postgres
--

ALTER TABLE ONLY public.events_category_links
    ADD CONSTRAINT events_category_links_inv_fk FOREIGN KEY (category_id) REFERENCES public.categories(id) ON DELETE CASCADE;


--
-- TOC entry 3264 (class 2606 OID 17752)
-- Name: events events_created_by_id_fk; Type: FK CONSTRAINT; Schema: public; Owner: postgres
--

ALTER TABLE ONLY public.events
    ADD CONSTRAINT events_created_by_id_fk FOREIGN KEY (created_by_id) REFERENCES public.admin_users(id) ON DELETE SET NULL;


--
-- TOC entry 3265 (class 2606 OID 17757)
-- Name: events events_updated_by_id_fk; Type: FK CONSTRAINT; Schema: public; Owner: postgres
--

ALTER TABLE ONLY public.events
    ADD CONSTRAINT events_updated_by_id_fk FOREIGN KEY (updated_by_id) REFERENCES public.admin_users(id) ON DELETE SET NULL;


--
-- TOC entry 3268 (class 2606 OID 17762)
-- Name: files files_created_by_id_fk; Type: FK CONSTRAINT; Schema: public; Owner: postgres
--

ALTER TABLE ONLY public.files
    ADD CONSTRAINT files_created_by_id_fk FOREIGN KEY (created_by_id) REFERENCES public.admin_users(id) ON DELETE SET NULL;


--
-- TOC entry 3270 (class 2606 OID 17767)
-- Name: files_folder_links files_folder_links_fk; Type: FK CONSTRAINT; Schema: public; Owner: postgres
--

ALTER TABLE ONLY public.files_folder_links
    ADD CONSTRAINT files_folder_links_fk FOREIGN KEY (file_id) REFERENCES public.files(id) ON DELETE CASCADE;


--
-- TOC entry 3271 (class 2606 OID 17772)
-- Name: files_folder_links files_folder_links_inv_fk; Type: FK CONSTRAINT; Schema: public; Owner: postgres
--

ALTER TABLE ONLY public.files_folder_links
    ADD CONSTRAINT files_folder_links_inv_fk FOREIGN KEY (folder_id) REFERENCES public.upload_folders(id) ON DELETE CASCADE;


--
-- TOC entry 3272 (class 2606 OID 17777)
-- Name: files_related_morphs files_related_morphs_fk; Type: FK CONSTRAINT; Schema: public; Owner: postgres
--

ALTER TABLE ONLY public.files_related_morphs
    ADD CONSTRAINT files_related_morphs_fk FOREIGN KEY (file_id) REFERENCES public.files(id) ON DELETE CASCADE;


--
-- TOC entry 3269 (class 2606 OID 17782)
-- Name: files files_updated_by_id_fk; Type: FK CONSTRAINT; Schema: public; Owner: postgres
--

ALTER TABLE ONLY public.files
    ADD CONSTRAINT files_updated_by_id_fk FOREIGN KEY (updated_by_id) REFERENCES public.admin_users(id) ON DELETE SET NULL;


--
-- TOC entry 3313 (class 2606 OID 24645)
-- Name: groups groups_created_by_id_fk; Type: FK CONSTRAINT; Schema: public; Owner: postgres
--

ALTER TABLE ONLY public.groups
    ADD CONSTRAINT groups_created_by_id_fk FOREIGN KEY (created_by_id) REFERENCES public.admin_users(id) ON DELETE SET NULL;


--
-- TOC entry 3314 (class 2606 OID 24650)
-- Name: groups groups_updated_by_id_fk; Type: FK CONSTRAINT; Schema: public; Owner: postgres
--

ALTER TABLE ONLY public.groups
    ADD CONSTRAINT groups_updated_by_id_fk FOREIGN KEY (updated_by_id) REFERENCES public.admin_users(id) ON DELETE SET NULL;


--
-- TOC entry 3273 (class 2606 OID 17787)
-- Name: i18n_locale i18n_locale_created_by_id_fk; Type: FK CONSTRAINT; Schema: public; Owner: postgres
--

ALTER TABLE ONLY public.i18n_locale
    ADD CONSTRAINT i18n_locale_created_by_id_fk FOREIGN KEY (created_by_id) REFERENCES public.admin_users(id) ON DELETE SET NULL;


--
-- TOC entry 3274 (class 2606 OID 17792)
-- Name: i18n_locale i18n_locale_updated_by_id_fk; Type: FK CONSTRAINT; Schema: public; Owner: postgres
--

ALTER TABLE ONLY public.i18n_locale
    ADD CONSTRAINT i18n_locale_updated_by_id_fk FOREIGN KEY (updated_by_id) REFERENCES public.admin_users(id) ON DELETE SET NULL;


--
-- TOC entry 3311 (class 2606 OID 24615)
-- Name: news_category_links news_category_links_fk; Type: FK CONSTRAINT; Schema: public; Owner: postgres
--

ALTER TABLE ONLY public.news_category_links
    ADD CONSTRAINT news_category_links_fk FOREIGN KEY (new_id) REFERENCES public.news(id) ON DELETE CASCADE;


--
-- TOC entry 3312 (class 2606 OID 24620)
-- Name: news_category_links news_category_links_inv_fk; Type: FK CONSTRAINT; Schema: public; Owner: postgres
--

ALTER TABLE ONLY public.news_category_links
    ADD CONSTRAINT news_category_links_inv_fk FOREIGN KEY (category_id) REFERENCES public.categories(id) ON DELETE CASCADE;


--
-- TOC entry 3309 (class 2606 OID 24605)
-- Name: news news_created_by_id_fk; Type: FK CONSTRAINT; Schema: public; Owner: postgres
--

ALTER TABLE ONLY public.news
    ADD CONSTRAINT news_created_by_id_fk FOREIGN KEY (created_by_id) REFERENCES public.admin_users(id) ON DELETE SET NULL;


--
-- TOC entry 3310 (class 2606 OID 24610)
-- Name: news news_updated_by_id_fk; Type: FK CONSTRAINT; Schema: public; Owner: postgres
--

ALTER TABLE ONLY public.news
    ADD CONSTRAINT news_updated_by_id_fk FOREIGN KEY (updated_by_id) REFERENCES public.admin_users(id) ON DELETE SET NULL;


--
-- TOC entry 3275 (class 2606 OID 17827)
-- Name: slugs slugs_created_by_id_fk; Type: FK CONSTRAINT; Schema: public; Owner: postgres
--

ALTER TABLE ONLY public.slugs
    ADD CONSTRAINT slugs_created_by_id_fk FOREIGN KEY (created_by_id) REFERENCES public.admin_users(id) ON DELETE SET NULL;


--
-- TOC entry 3276 (class 2606 OID 17832)
-- Name: slugs slugs_updated_by_id_fk; Type: FK CONSTRAINT; Schema: public; Owner: postgres
--

ALTER TABLE ONLY public.slugs
    ADD CONSTRAINT slugs_updated_by_id_fk FOREIGN KEY (updated_by_id) REFERENCES public.admin_users(id) ON DELETE SET NULL;


--
-- TOC entry 3277 (class 2606 OID 17837)
-- Name: strapi_api_token_permissions strapi_api_token_permissions_created_by_id_fk; Type: FK CONSTRAINT; Schema: public; Owner: postgres
--

ALTER TABLE ONLY public.strapi_api_token_permissions
    ADD CONSTRAINT strapi_api_token_permissions_created_by_id_fk FOREIGN KEY (created_by_id) REFERENCES public.admin_users(id) ON DELETE SET NULL;


--
-- TOC entry 3279 (class 2606 OID 17842)
-- Name: strapi_api_token_permissions_token_links strapi_api_token_permissions_token_links_fk; Type: FK CONSTRAINT; Schema: public; Owner: postgres
--

ALTER TABLE ONLY public.strapi_api_token_permissions_token_links
    ADD CONSTRAINT strapi_api_token_permissions_token_links_fk FOREIGN KEY (api_token_permission_id) REFERENCES public.strapi_api_token_permissions(id) ON DELETE CASCADE;


--
-- TOC entry 3280 (class 2606 OID 17847)
-- Name: strapi_api_token_permissions_token_links strapi_api_token_permissions_token_links_inv_fk; Type: FK CONSTRAINT; Schema: public; Owner: postgres
--

ALTER TABLE ONLY public.strapi_api_token_permissions_token_links
    ADD CONSTRAINT strapi_api_token_permissions_token_links_inv_fk FOREIGN KEY (api_token_id) REFERENCES public.strapi_api_tokens(id) ON DELETE CASCADE;


--
-- TOC entry 3278 (class 2606 OID 17852)
-- Name: strapi_api_token_permissions strapi_api_token_permissions_updated_by_id_fk; Type: FK CONSTRAINT; Schema: public; Owner: postgres
--

ALTER TABLE ONLY public.strapi_api_token_permissions
    ADD CONSTRAINT strapi_api_token_permissions_updated_by_id_fk FOREIGN KEY (updated_by_id) REFERENCES public.admin_users(id) ON DELETE SET NULL;


--
-- TOC entry 3281 (class 2606 OID 17857)
-- Name: strapi_api_tokens strapi_api_tokens_created_by_id_fk; Type: FK CONSTRAINT; Schema: public; Owner: postgres
--

ALTER TABLE ONLY public.strapi_api_tokens
    ADD CONSTRAINT strapi_api_tokens_created_by_id_fk FOREIGN KEY (created_by_id) REFERENCES public.admin_users(id) ON DELETE SET NULL;


--
-- TOC entry 3282 (class 2606 OID 17862)
-- Name: strapi_api_tokens strapi_api_tokens_updated_by_id_fk; Type: FK CONSTRAINT; Schema: public; Owner: postgres
--

ALTER TABLE ONLY public.strapi_api_tokens
    ADD CONSTRAINT strapi_api_tokens_updated_by_id_fk FOREIGN KEY (updated_by_id) REFERENCES public.admin_users(id) ON DELETE SET NULL;


--
-- TOC entry 3283 (class 2606 OID 17867)
-- Name: strapi_release_actions strapi_release_actions_created_by_id_fk; Type: FK CONSTRAINT; Schema: public; Owner: postgres
--

ALTER TABLE ONLY public.strapi_release_actions
    ADD CONSTRAINT strapi_release_actions_created_by_id_fk FOREIGN KEY (created_by_id) REFERENCES public.admin_users(id) ON DELETE SET NULL;


--
-- TOC entry 3285 (class 2606 OID 17872)
-- Name: strapi_release_actions_release_links strapi_release_actions_release_links_fk; Type: FK CONSTRAINT; Schema: public; Owner: postgres
--

ALTER TABLE ONLY public.strapi_release_actions_release_links
    ADD CONSTRAINT strapi_release_actions_release_links_fk FOREIGN KEY (release_action_id) REFERENCES public.strapi_release_actions(id) ON DELETE CASCADE;


--
-- TOC entry 3286 (class 2606 OID 17877)
-- Name: strapi_release_actions_release_links strapi_release_actions_release_links_inv_fk; Type: FK CONSTRAINT; Schema: public; Owner: postgres
--

ALTER TABLE ONLY public.strapi_release_actions_release_links
    ADD CONSTRAINT strapi_release_actions_release_links_inv_fk FOREIGN KEY (release_id) REFERENCES public.strapi_releases(id) ON DELETE CASCADE;


--
-- TOC entry 3284 (class 2606 OID 17882)
-- Name: strapi_release_actions strapi_release_actions_updated_by_id_fk; Type: FK CONSTRAINT; Schema: public; Owner: postgres
--

ALTER TABLE ONLY public.strapi_release_actions
    ADD CONSTRAINT strapi_release_actions_updated_by_id_fk FOREIGN KEY (updated_by_id) REFERENCES public.admin_users(id) ON DELETE SET NULL;


--
-- TOC entry 3287 (class 2606 OID 17887)
-- Name: strapi_releases strapi_releases_created_by_id_fk; Type: FK CONSTRAINT; Schema: public; Owner: postgres
--

ALTER TABLE ONLY public.strapi_releases
    ADD CONSTRAINT strapi_releases_created_by_id_fk FOREIGN KEY (created_by_id) REFERENCES public.admin_users(id) ON DELETE SET NULL;


--
-- TOC entry 3288 (class 2606 OID 17892)
-- Name: strapi_releases strapi_releases_updated_by_id_fk; Type: FK CONSTRAINT; Schema: public; Owner: postgres
--

ALTER TABLE ONLY public.strapi_releases
    ADD CONSTRAINT strapi_releases_updated_by_id_fk FOREIGN KEY (updated_by_id) REFERENCES public.admin_users(id) ON DELETE SET NULL;


--
-- TOC entry 3289 (class 2606 OID 17897)
-- Name: strapi_transfer_token_permissions strapi_transfer_token_permissions_created_by_id_fk; Type: FK CONSTRAINT; Schema: public; Owner: postgres
--

ALTER TABLE ONLY public.strapi_transfer_token_permissions
    ADD CONSTRAINT strapi_transfer_token_permissions_created_by_id_fk FOREIGN KEY (created_by_id) REFERENCES public.admin_users(id) ON DELETE SET NULL;


--
-- TOC entry 3291 (class 2606 OID 17902)
-- Name: strapi_transfer_token_permissions_token_links strapi_transfer_token_permissions_token_links_fk; Type: FK CONSTRAINT; Schema: public; Owner: postgres
--

ALTER TABLE ONLY public.strapi_transfer_token_permissions_token_links
    ADD CONSTRAINT strapi_transfer_token_permissions_token_links_fk FOREIGN KEY (transfer_token_permission_id) REFERENCES public.strapi_transfer_token_permissions(id) ON DELETE CASCADE;


--
-- TOC entry 3292 (class 2606 OID 17907)
-- Name: strapi_transfer_token_permissions_token_links strapi_transfer_token_permissions_token_links_inv_fk; Type: FK CONSTRAINT; Schema: public; Owner: postgres
--

ALTER TABLE ONLY public.strapi_transfer_token_permissions_token_links
    ADD CONSTRAINT strapi_transfer_token_permissions_token_links_inv_fk FOREIGN KEY (transfer_token_id) REFERENCES public.strapi_transfer_tokens(id) ON DELETE CASCADE;


--
-- TOC entry 3290 (class 2606 OID 17912)
-- Name: strapi_transfer_token_permissions strapi_transfer_token_permissions_updated_by_id_fk; Type: FK CONSTRAINT; Schema: public; Owner: postgres
--

ALTER TABLE ONLY public.strapi_transfer_token_permissions
    ADD CONSTRAINT strapi_transfer_token_permissions_updated_by_id_fk FOREIGN KEY (updated_by_id) REFERENCES public.admin_users(id) ON DELETE SET NULL;


--
-- TOC entry 3293 (class 2606 OID 17917)
-- Name: strapi_transfer_tokens strapi_transfer_tokens_created_by_id_fk; Type: FK CONSTRAINT; Schema: public; Owner: postgres
--

ALTER TABLE ONLY public.strapi_transfer_tokens
    ADD CONSTRAINT strapi_transfer_tokens_created_by_id_fk FOREIGN KEY (created_by_id) REFERENCES public.admin_users(id) ON DELETE SET NULL;


--
-- TOC entry 3294 (class 2606 OID 17922)
-- Name: strapi_transfer_tokens strapi_transfer_tokens_updated_by_id_fk; Type: FK CONSTRAINT; Schema: public; Owner: postgres
--

ALTER TABLE ONLY public.strapi_transfer_tokens
    ADD CONSTRAINT strapi_transfer_tokens_updated_by_id_fk FOREIGN KEY (updated_by_id) REFERENCES public.admin_users(id) ON DELETE SET NULL;


--
-- TOC entry 3295 (class 2606 OID 17927)
-- Name: up_permissions up_permissions_created_by_id_fk; Type: FK CONSTRAINT; Schema: public; Owner: postgres
--

ALTER TABLE ONLY public.up_permissions
    ADD CONSTRAINT up_permissions_created_by_id_fk FOREIGN KEY (created_by_id) REFERENCES public.admin_users(id) ON DELETE SET NULL;


--
-- TOC entry 3297 (class 2606 OID 17932)
-- Name: up_permissions_role_links up_permissions_role_links_fk; Type: FK CONSTRAINT; Schema: public; Owner: postgres
--

ALTER TABLE ONLY public.up_permissions_role_links
    ADD CONSTRAINT up_permissions_role_links_fk FOREIGN KEY (permission_id) REFERENCES public.up_permissions(id) ON DELETE CASCADE;


--
-- TOC entry 3298 (class 2606 OID 17937)
-- Name: up_permissions_role_links up_permissions_role_links_inv_fk; Type: FK CONSTRAINT; Schema: public; Owner: postgres
--

ALTER TABLE ONLY public.up_permissions_role_links
    ADD CONSTRAINT up_permissions_role_links_inv_fk FOREIGN KEY (role_id) REFERENCES public.up_roles(id) ON DELETE CASCADE;


--
-- TOC entry 3296 (class 2606 OID 17942)
-- Name: up_permissions up_permissions_updated_by_id_fk; Type: FK CONSTRAINT; Schema: public; Owner: postgres
--

ALTER TABLE ONLY public.up_permissions
    ADD CONSTRAINT up_permissions_updated_by_id_fk FOREIGN KEY (updated_by_id) REFERENCES public.admin_users(id) ON DELETE SET NULL;


--
-- TOC entry 3299 (class 2606 OID 17947)
-- Name: up_roles up_roles_created_by_id_fk; Type: FK CONSTRAINT; Schema: public; Owner: postgres
--

ALTER TABLE ONLY public.up_roles
    ADD CONSTRAINT up_roles_created_by_id_fk FOREIGN KEY (created_by_id) REFERENCES public.admin_users(id) ON DELETE SET NULL;


--
-- TOC entry 3300 (class 2606 OID 17952)
-- Name: up_roles up_roles_updated_by_id_fk; Type: FK CONSTRAINT; Schema: public; Owner: postgres
--

ALTER TABLE ONLY public.up_roles
    ADD CONSTRAINT up_roles_updated_by_id_fk FOREIGN KEY (updated_by_id) REFERENCES public.admin_users(id) ON DELETE SET NULL;


--
-- TOC entry 3301 (class 2606 OID 17957)
-- Name: up_users up_users_created_by_id_fk; Type: FK CONSTRAINT; Schema: public; Owner: postgres
--

ALTER TABLE ONLY public.up_users
    ADD CONSTRAINT up_users_created_by_id_fk FOREIGN KEY (created_by_id) REFERENCES public.admin_users(id) ON DELETE SET NULL;


--
-- TOC entry 3303 (class 2606 OID 17962)
-- Name: up_users_role_links up_users_role_links_fk; Type: FK CONSTRAINT; Schema: public; Owner: postgres
--

ALTER TABLE ONLY public.up_users_role_links
    ADD CONSTRAINT up_users_role_links_fk FOREIGN KEY (user_id) REFERENCES public.up_users(id) ON DELETE CASCADE;


--
-- TOC entry 3304 (class 2606 OID 17967)
-- Name: up_users_role_links up_users_role_links_inv_fk; Type: FK CONSTRAINT; Schema: public; Owner: postgres
--

ALTER TABLE ONLY public.up_users_role_links
    ADD CONSTRAINT up_users_role_links_inv_fk FOREIGN KEY (role_id) REFERENCES public.up_roles(id) ON DELETE CASCADE;


--
-- TOC entry 3302 (class 2606 OID 17972)
-- Name: up_users up_users_updated_by_id_fk; Type: FK CONSTRAINT; Schema: public; Owner: postgres
--

ALTER TABLE ONLY public.up_users
    ADD CONSTRAINT up_users_updated_by_id_fk FOREIGN KEY (updated_by_id) REFERENCES public.admin_users(id) ON DELETE SET NULL;


--
-- TOC entry 3305 (class 2606 OID 17977)
-- Name: upload_folders upload_folders_created_by_id_fk; Type: FK CONSTRAINT; Schema: public; Owner: postgres
--

ALTER TABLE ONLY public.upload_folders
    ADD CONSTRAINT upload_folders_created_by_id_fk FOREIGN KEY (created_by_id) REFERENCES public.admin_users(id) ON DELETE SET NULL;


--
-- TOC entry 3307 (class 2606 OID 17982)
-- Name: upload_folders_parent_links upload_folders_parent_links_fk; Type: FK CONSTRAINT; Schema: public; Owner: postgres
--

ALTER TABLE ONLY public.upload_folders_parent_links
    ADD CONSTRAINT upload_folders_parent_links_fk FOREIGN KEY (folder_id) REFERENCES public.upload_folders(id) ON DELETE CASCADE;


--
-- TOC entry 3308 (class 2606 OID 17987)
-- Name: upload_folders_parent_links upload_folders_parent_links_inv_fk; Type: FK CONSTRAINT; Schema: public; Owner: postgres
--

ALTER TABLE ONLY public.upload_folders_parent_links
    ADD CONSTRAINT upload_folders_parent_links_inv_fk FOREIGN KEY (inv_folder_id) REFERENCES public.upload_folders(id) ON DELETE CASCADE;


--
-- TOC entry 3306 (class 2606 OID 17992)
-- Name: upload_folders upload_folders_updated_by_id_fk; Type: FK CONSTRAINT; Schema: public; Owner: postgres
--

ALTER TABLE ONLY public.upload_folders
    ADD CONSTRAINT upload_folders_updated_by_id_fk FOREIGN KEY (updated_by_id) REFERENCES public.admin_users(id) ON DELETE SET NULL;


--
-- TOC entry 3518 (class 0 OID 0)
-- Dependencies: 6
-- Name: SCHEMA public; Type: ACL; Schema: -; Owner: postgres
--

REVOKE USAGE ON SCHEMA public FROM PUBLIC;
GRANT ALL ON SCHEMA public TO PUBLIC;


-- Completed on 2024-06-14 12:15:18

--
-- PostgreSQL database dump complete
--

